Unity Editor version:    6000.4.3f1 (39d1a88d4dd1)
Branch:                  6000.4/staging
Build type:              Release
Batch mode:              YES
macOS version:           Version 15.7.5 (Build 24G624)
Darwin version:          24.6.0
Architecture:            arm64
Running under Rosetta:   NO
Available memory:        16384 MB
Date:                    2026-04-26T22:29:13Z
[Licensing::Module] Trying to connect to existing licensing client channel...
[Licensing::IpcConnector] Successfully connected to: "LicenseClient-wendy" at "2026-04-26T22:29:13.947705Z"

COMMAND LINE ARGUMENTS:
/Applications/Unity/Hub/Editor/6000.4.3f1/Unity.app/Contents/MacOS/Unity
-adb2
-batchMode
-noUpm
-name
AssetImportWorker1
-projectPath
/Users/wendy/Desktop/Phase1g
-logFile
Logs/AssetImportWorker1.log
-srvPort
61075
-force-metal
-job-worker-count
4
-background-job-worker-count
8
-gc-helper-count
1
-name AssetImport
Successfully changed project path to: /Users/wendy/Desktop/Phase1g
/Users/wendy/Desktop/Phase1g
[UnityMemory] Configuration Parameters - Can be set up in boot.config
    "memorysetup-temp-allocator-size-gi-baking-worker=262144"
    "memorysetup-temp-allocator-size-gi-baking-worker=262144"
    "memorysetup-temp-allocator-size-gi-baking-worker=262144"
    "memorysetup-temp-allocator-size-gi-baking-worker=262144"
    "memorysetup-temp-allocator-size-gi-baking-worker=262144"
    "memorysetup-temp-allocator-size-nav-mesh-worker=65536"
    "memorysetup-temp-allocator-size-audio-worker=65536"
    "memorysetup-temp-allocator-size-cloud-worker=32768"
    "memorysetup-allocator-temp-initial-block-size-main=262144"
    "memorysetup-allocator-temp-initial-block-size-worker=262144"
    "memorysetup-temp-allocator-size-background-worker=32768"
    "memorysetup-temp-allocator-size-job-worker=262144"
    "memorysetup-temp-allocator-size-preload-manager=33554432"
    "memorysetup-temp-allocator-size-gfx=262144"
    "memorysetup-bucket-allocator-granularity=16"
    "memorysetup-bucket-allocator-bucket-count=8"
    "memorysetup-bucket-allocator-block-size=33554432"
    "memorysetup-bucket-allocator-block-count=8"
    "memorysetup-main-allocator-block-size=16777216"
    "memorysetup-thread-allocator-block-size=16777216"
    "memorysetup-gfx-main-allocator-block-size=16777216"
    "memorysetup-gfx-thread-allocator-block-size=16777216"
    "memorysetup-cache-allocator-block-size=4194304"
    "memorysetup-typetree-allocator-block-size=2097152"
    "memorysetup-profiler-bucket-allocator-granularity=16"
    "memorysetup-profiler-bucket-allocator-bucket-count=8"
    "memorysetup-profiler-bucket-allocator-block-size=33554432"
    "memorysetup-profiler-bucket-allocator-block-count=8"
    "memorysetup-profiler-allocator-block-size=16777216"
    "memorysetup-profiler-editor-allocator-block-size=1048576"
    "memorysetup-temp-allocator-size-main=16777216"
    "memorysetup-job-temp-allocator-block-size=2097152"
    "memorysetup-job-temp-allocator-block-size-background=1048576"
    "memorysetup-job-temp-allocator-reduction-small-platforms=262144"
Player connection [8380654144]  Target information:

Player connection [8380654144]  * "[IP] 192.168.1.6 [Port] 0 [Flags] 2 [Guid] 2453754879 [EditorId] 2453754879 [Version] 1048832 [Id] OSXEditor(0,Wafaas-MacBook-Air.local) [Debug] 1 [PackageName] OSXEditor [ProjectName] Editor" 

Player connection [8380654144] Host joined multi-casting on [225.0.0.222:54997]...
Player connection [8380654144] Host joined alternative multi-casting on [225.0.0.222:34997]...
JobSystem: Creating JobQueue using job-worker-count value 4
Input System module state changed to: Initialized.
[Physics::Module] Initialized fallback backend.
[Physics::Module] Id: 0xdecafbad
Library Redirect Path: Library/
[Physics::Module] Selected backend.
[Physics::Module] Name: PhysX
[Physics::Module] Id: 0xf2b8ea05
[Physics::Module] SDK Version: 4.1.2
[Physics::Module] Integration Version: 1.0.0
[Physics::Module] Threading Mode: Multi-Threaded
Refreshing native plugins compatible for Editor in 2.98 ms, found 2 plugins.
Initialize engine version: 6000.4.3f1 (39d1a88d4dd1)
[Subsystems] Discovering subsystems at path /Applications/Unity/Hub/Editor/6000.4.3f1/Unity.app/Contents/Resources/UnitySubsystems
[Subsystems] Discovering subsystems at path /Users/wendy/Desktop/Phase1g/Assets
Forcing GfxDevice: Metal
GfxDevice: creating device client; kGfxThreadingModeNonThreaded
 preferred device: Apple M4 (high power)
Metal devices available: 1
0: Apple M4 (high power)
Using device Apple M4 (high power)
Initializing Metal device caps: Apple M4
Mac GPU Family: 2
Apple GPU Family: 9
MSL Version: 3.0
Has Float MSAA: 1
Has Float Filtering: 1
ReadWrite Texture Tier: 2
Initialize mono
Mono path[0] = '/Applications/Unity/Hub/Editor/6000.4.3f1/Unity.app/Contents/Resources/Scripting/Managed'
Mono path[1] = '/Applications/Unity/Hub/Editor/6000.4.3f1/Unity.app/Contents/Resources/Scripting/MonoBleedingEdge/lib/mono/unityjit-macos'
Mono config path = '/Applications/Unity/Hub/Editor/6000.4.3f1/Unity.app/Contents/Resources/Scripting/MonoBleedingEdge/etc'
Using monoOptions --debugger-agent=transport=dt_socket,embedding=1,server=y,suspend=n,address=127.0.0.1:56896
CodeReloadManager initialized
[Licensing::Client] Error: HandshakeResponse reported an error:
	ResponseCode: 505
	ResponseStatus: Unsupported protocol version '1.18.1'.
[Licensing::Module] Error: Failed to handshake to channel: "LicenseClient-wendy"
[Licensing::IpcConnector] LicenseClient-wendy channel disconnected successfully.
[Licensing::IpcConnector] Successfully connected to: "LicenseClient-wendy-6000.4.3" at "2026-04-26T22:29:14.373506Z"
Begin MonoManager ReloadAssembly
Registering precompiled unity dll's ...
Register platform support module: /Applications/Unity/Hub/Editor/6000.4.3f1/PlaybackEngines/WebGLSupport/UnityEditor.WebGL.Extensions.dll
Register platform support module: /Applications/Unity/Hub/Editor/6000.4.3f1/Unity.app/Contents/PlaybackEngines/MacStandaloneSupport/UnityEditor.OSXStandalone.Extensions.dll
Registered in 0.001245 seconds.
Native extension for OSXStandalone target not found
Native extension for WebGL target not found
[Licensing::Client] Handshaking with LicensingClient:
  Version:                 1.18.1+9fbee8e
  Session Id:              000be4d745274744b5a356792a6e85d2
  Correlation Id:          d3c23110ba240a4e1a306b289ef934fe
  External correlation Id: 5410262385814351188
  Machine Id:              8zr2knHG26RYIVKMhSDEvluSwDs=
[Licensing::Module] Successfully connected to LicensingClient on channel: "LicenseClient-wendy-6000.4.3" (connect: 0.00s, validation: 0.00s, handshake: 0.49s)
[Licensing::IpcConnector] Successfully connected to: "LicenseClient-wendy-6000.4.3-notifications" at "2026-04-26T22:29:14.86344Z"
[Licensing::Module] Licensing Background thread has ended after 0.92s
Package Manager log level set to [2]
[Package Manager] Failed to launch server process. Reason: Unity was launched with the -noUpm command-line argument
[Package Manager] Unable to send message (not connected to server process).
[Package Manager] Cannot connect to Unity Package Manager local server
ScheduleIndexationOnStartup MainProcess:False IndexOnStartup:True
Mono: successfully reloaded assembly
- Finished resetting the current domain, in  0.270 seconds
Domain Reload Profiling: 577ms
	BeginReloadAssembly (80ms)
	RebuildCommonClasses (27ms)
	RebuildNativeTypeToScriptingClass (10ms)
	initialDomainReloadingComplete (35ms)
	LoadAllAssembliesAndSetupDomain (155ms)
		LoadAssemblies (80ms)
		AnalyzeDomain (148ms)
			TypeCache.Refresh (147ms)
				TypeCache.ScanAssembly (136ms)
	FinalizeReload (271ms)
		SetupLoadedEditorAssemblies (0ms)
			InitializePlatformSupportModulesInManaged (27ms)
			BeforeProcessingInitializeOnLoad (63ms)
			ProcessInitializeOnLoadAttributes (71ms)
			ProcessInitializeOnLoadMethodAttributes (58ms)
[CoreBusinessMetrics] Unexpected thread when updating session info.
========================================================================
Worker process is ready to serve import requests
Import Worker Mode flag is 0x00
Begin MonoManager ReloadAssembly
[Licensing::Client] Successfully resolved entitlement details
[Licensing::Module] License group:
  Id: 11270661006881-UnityPersXXXX
  Product: Unity Personal
  Type: Assigned
  Expiration: Unlimited
Assembly Assembly-CSharp-Editor-firstpass.dll at Library/ScriptAssemblies/Assembly-CSharp-Editor-firstpass.dll not valid. Loading of assembly skipped.
Assembly Assembly-CSharp-firstpass.dll at Library/ScriptAssemblies/Assembly-CSharp-firstpass.dll not valid. Loading of assembly skipped.
Assembly DocCodeExamples.dll at Library/ScriptAssemblies/DocCodeExamples.dll not valid. Loading of assembly skipped.
Assembly TestNewCustomAssembly.dll at Library/ScriptAssemblies/TestNewCustomAssembly.dll not valid. Loading of assembly skipped.
Assembly Unity.Collections.BurstCompatibilityGen.dll at Library/ScriptAssemblies/Unity.Collections.BurstCompatibilityGen.dll not valid. Loading of assembly skipped.
Assembly Unity.Collections.DocCodeSamples.dll at Library/ScriptAssemblies/Unity.Collections.DocCodeSamples.dll not valid. Loading of assembly skipped.
Assembly Unity.Collections.PerformanceTests.dll at Library/ScriptAssemblies/Unity.Collections.PerformanceTests.dll not valid. Loading of assembly skipped.
Assembly Unity.Collections.Tests.dll at Library/ScriptAssemblies/Unity.Collections.Tests.dll not valid. Loading of assembly skipped.
Assembly Unity.Collections.Tests.Playmode.dll at Library/ScriptAssemblies/Unity.Collections.Tests.Playmode.dll not valid. Loading of assembly skipped.
Assembly Unity.InputSystem.IntegrationTests.dll at Library/ScriptAssemblies/Unity.InputSystem.IntegrationTests.dll not valid. Loading of assembly skipped.
Assembly Unity.Mathematics.Tests.dll at Library/ScriptAssemblies/Unity.Mathematics.Tests.dll not valid. Loading of assembly skipped.
Assembly Unity.Multiplayer.Center.Editor.Tests.dll at Library/ScriptAssemblies/Unity.Multiplayer.Center.Editor.Tests.dll not valid. Loading of assembly skipped.
Assembly Unity.Multiplayer.Center.Tests.dll at Library/ScriptAssemblies/Unity.Multiplayer.Center.Tests.dll not valid. Loading of assembly skipped.
Assembly Unity.Nuget.Mono-Cecil.dll at Library/ScriptAssemblies/Unity.Nuget.Mono-Cecil.dll not valid. Loading of assembly skipped.
Assembly Unity.PathTracing.Editor.Tests.dll at Library/ScriptAssemblies/Unity.PathTracing.Editor.Tests.dll not valid. Loading of assembly skipped.
Assembly Unity.PathTracing.Runtime.Tests.dll at Library/ScriptAssemblies/Unity.PathTracing.Runtime.Tests.dll not valid. Loading of assembly skipped.
Assembly Unity.RenderPipelines.Core.Editor.Tests.dll at Library/ScriptAssemblies/Unity.RenderPipelines.Core.Editor.Tests.dll not valid. Loading of assembly skipped.
Assembly Unity.RenderPipelines.Core.Runtime.Tests.dll at Library/ScriptAssemblies/Unity.RenderPipelines.Core.Runtime.Tests.dll not valid. Loading of assembly skipped.
Assembly Unity.RenderPipelines.Universal.Config.Editor.Tests.dll at Library/ScriptAssemblies/Unity.RenderPipelines.Universal.Config.Editor.Tests.dll not valid. Loading of assembly skipped.
Assembly Unity.RenderPipelines.Universal.Editor.Tests.dll at Library/ScriptAssemblies/Unity.RenderPipelines.Universal.Editor.Tests.dll not valid. Loading of assembly skipped.
Assembly Unity.RenderPipelines.Universal.Runtime.Tests.dll at Library/ScriptAssemblies/Unity.RenderPipelines.Universal.Runtime.Tests.dll not valid. Loading of assembly skipped.
Assembly Unity.Searcher.EditorTests.dll at Library/ScriptAssemblies/Unity.Searcher.EditorTests.dll not valid. Loading of assembly skipped.
Assembly Unity.ShaderGraph.Editor.Tests.dll at Library/ScriptAssemblies/Unity.ShaderGraph.Editor.Tests.dll not valid. Loading of assembly skipped.
Assembly Unity.TextMeshPro.Editor.Tests.dll at Library/ScriptAssemblies/Unity.TextMeshPro.Editor.Tests.dll not valid. Loading of assembly skipped.
Assembly Unity.TextMeshPro.Tests.dll at Library/ScriptAssemblies/Unity.TextMeshPro.Tests.dll not valid. Loading of assembly skipped.
Assembly Unity.UnifiedRayTracing.Editor.Tests.dll at Library/ScriptAssemblies/Unity.UnifiedRayTracing.Editor.Tests.dll not valid. Loading of assembly skipped.
Assembly UnityEditor.UI.Common.Tests.dll at Library/ScriptAssemblies/UnityEditor.UI.Common.Tests.dll not valid. Loading of assembly skipped.
Assembly UnityEditor.UI.EditorTests.dll at Library/ScriptAssemblies/UnityEditor.UI.EditorTests.dll not valid. Loading of assembly skipped.
Assembly UnityEngine.UI.Tests.dll at Library/ScriptAssemblies/UnityEngine.UI.Tests.dll not valid. Loading of assembly skipped.
Native extension for OSXStandalone target not found
Native extension for WebGL target not found
[Package Manager] Failed to launch server process. Reason: Unity was launched with the -noUpm command-line argument
[Package Manager] Unable to send message (not connected to server process).
[Package Manager] Cannot connect to Unity Package Manager local server
[Package Manager] Failed to launch server process. Reason: Unity was launched with the -noUpm command-line argument
[Package Manager] Unable to send message (not connected to server process).
[Package Manager] Cannot connect to Unity Package Manager local server
ScheduleIndexationOnStartup MainProcess:False IndexOnStartup:True
Mono: successfully reloaded assembly
- Finished resetting the current domain, in  0.478 seconds
Domain Reload Profiling: 1034ms
	BeginReloadAssembly (97ms)
		DisableScriptedObjects (3ms)
		CreateAndSetChildDomain (27ms)
	RebuildCommonClasses (27ms)
	RebuildNativeTypeToScriptingClass (10ms)
	initialDomainReloadingComplete (68ms)
	LoadAllAssembliesAndSetupDomain (354ms)
		LoadAssemblies (221ms)
		AnalyzeDomain (169ms)
			TypeCache.Refresh (131ms)
				TypeCache.ScanAssembly (118ms)
			BuildScriptInfoCaches (29ms)
			ResolveRequiredComponents (7ms)
	FinalizeReload (478ms)
		SetupLoadedEditorAssemblies (0ms)
			BeforeProcessingInitializeOnLoad (92ms)
			ProcessInitializeOnLoadAttributes (191ms)
			ProcessInitializeOnLoadMethodAttributes (42ms)
WARNING: Shader Unsupported: 'Universal Render Pipeline/VR/SpatialMapping/Wireframe' - All subshaders removed
WARNING: Shader Did you use #pragma only_renderers and omit this platform?
WARNING: Shader If subshaders removal was intentional, you may have forgotten turning Fallback off?
Shader Hidden/ChartRasterizerHardware is not supported: GPU does not support conservative rasterization
Shader Hidden/ChartRasterizerHardware is not supported: GPU does not support conservative rasterization
Launching external process: /Applications/Unity/Hub/Editor/6000.4.3f1/Unity.app/Contents/Helpers/UnityShaderCompiler
Launched and connected shader compiler UnityShaderCompiler after 0.02 seconds
Unloading 26 Unused Serialized files (Serialized files now loaded: 0)
Unloading 6537 unused Assets / (3.9 MB). Loaded Objects now: 7338.
Memory consumption went from 154.3 MB to 150.4 MB.
Total: 5.581459 ms (FindLiveObjects: 0.344709 ms CreateObjectMapping: 0.143833 ms MarkObjects: 3.887958 ms  DeleteObjects: 1.204084 ms)

========================================================================
Received Import Request.
  Time since last request: 393085.539995 seconds.
  path: Assets/Readme.asset
  importAddress: Guid(8105016687592461f977c054a80ce2f2) Importer(2089858483,b0f066a214c2f5e87bad3c948f4d605d)
Start importing Assets/Readme.asset using Guid(8105016687592461f977c054a80ce2f2) Importer(2089858483,b0f066a214c2f5e87bad3c948f4d605d) (ScriptedImporter) -> (Import Result ID: 'ea721298f945785f4dcfb4a18452d7bd') in 0.036047334 seconds [static and dynamic dependencies]. Details - ImportResultOutputID=d504069f5b46722dda26cbc6f187d2ce DependenciesID=0334e152013890af7e25953b309a1b16 StaticDependenciesID=aea6e1cd556bfcdd983c43da83a41dd0 
Number of updated asset objects reloaded before import = 1Number of asset objects unloaded after import = 2

========================================================================
Received Import Request.
  Time since last request: 0.000032 seconds.
  path: Assets/Settings/DefaultVolumeProfile.asset
  importAddress: Guid(ab09877e2e707104187f6f83e2f62510) Importer(2089858483,b0f066a214c2f5e87bad3c948f4d605d)
Start importing Assets/Settings/DefaultVolumeProfile.asset using Guid(ab09877e2e707104187f6f83e2f62510) Importer(2089858483,b0f066a214c2f5e87bad3c948f4d605d) (ScriptedImporter) -> (Import Result ID: 'b49eaa093c6783a606b6b441b7faf35b') in 0.002474541 seconds [static and dynamic dependencies]. Details - ImportResultOutputID=f71a59b1aa1864dcac78b537482d9891 DependenciesID=b0e1e9e18211bee1b4de4063f4801bd2 StaticDependenciesID=9892a9d247dd693c6d165680497ab331 
Number of updated asset objects reloaded before import = 0Number of asset objects unloaded after import = 0

========================================================================
Received Import Request.
  Time since last request: 0.000070 seconds.
  path: Assets/TutorialInfo/Layout.wlt
  importAddress: Guid(eabc9546105bf4accac1fd62a63e88e6) Importer(2089858483,b0f066a214c2f5e87bad3c948f4d605d)
Start importing Assets/TutorialInfo/Layout.wlt using Guid(eabc9546105bf4accac1fd62a63e88e6) Importer(2089858483,b0f066a214c2f5e87bad3c948f4d605d) (ScriptedImporter) -> (Import Result ID: '458d4be1f2f4aedfb054bf75ece85cb5') in 0.001328875 seconds [static and dynamic dependencies]. Details - ImportResultOutputID=004289c5289fed7e15341f1c3e2ad9f3 DependenciesID=7727a2ae2d5e5898abd39aebb57d9dbd StaticDependenciesID=8fc76c5d890840b1ecd6a3fa413f5d98 
Number of updated asset objects reloaded before import = 0Number of asset objects unloaded after import = 1

========================================================================
Received Import Request.
  Time since last request: 0.000035 seconds.
  path: Assets/Settings/PC_Renderer.asset
  importAddress: Guid(f288ae1f4751b564a96ac7587541f7a2) Importer(2089858483,b0f066a214c2f5e87bad3c948f4d605d)
Start importing Assets/Settings/PC_Renderer.asset using Guid(f288ae1f4751b564a96ac7587541f7a2) Importer(2089858483,b0f066a214c2f5e87bad3c948f4d605d) (ScriptedImporter) -> (Import Result ID: '0b0b97e670a00d53118eeb0d2102e69d') in 0.021517875 seconds [static and dynamic dependencies]. Details - ImportResultOutputID=a0cbe21cf83eca5c9f8a52eb909fd917 DependenciesID=2befec61041d72b8a5b8c0d20991c443 StaticDependenciesID=2c3f6972d0f296b116fd4923e143a841 
Number of updated asset objects reloaded before import = 0Number of asset objects unloaded after import = 1

========================================================================
Received Import Request.
  Time since last request: 0.000027 seconds.
  path: Assets/TutorialInfo/Scripts/Editor/ReadmeEditor.cs
  importAddress: Guid(476cc7d7cd9874016adc216baab94a0a) Importer(2089858483,b0f066a214c2f5e87bad3c948f4d605d)
Start importing Assets/TutorialInfo/Scripts/Editor/ReadmeEditor.cs using Guid(476cc7d7cd9874016adc216baab94a0a) Importer(2089858483,b0f066a214c2f5e87bad3c948f4d605d) (ScriptedImporter) -> (Import Result ID: '7003b9e2da39166bba3b3619f7e6852c') in 0.003064625 seconds [static and dynamic dependencies]. Details - ImportResultOutputID=9160cf0b20f220372eceb2c65077743b DependenciesID=dab32ae9db7aa8f81e28ab6493c80237 StaticDependenciesID=8cb0a1612bbed2eba2dc6cbe056fc305 
Number of updated asset objects reloaded before import = 0Number of asset objects unloaded after import = 0

========================================================================
Received Import Request.
  Time since last request: 0.000030 seconds.
  path: Assets/Settings/SampleSceneProfile.asset
  importAddress: Guid(10fc4df2da32a41aaa32d77bc913491c) Importer(2089858483,b0f066a214c2f5e87bad3c948f4d605d)
Start importing Assets/Settings/SampleSceneProfile.asset using Guid(10fc4df2da32a41aaa32d77bc913491c) Importer(2089858483,b0f066a214c2f5e87bad3c948f4d605d) (ScriptedImporter) -> (Import Result ID: '166eb6f273b879f758b1647efa5d701d') in 0.001743208 seconds [static and dynamic dependencies]. Details - ImportResultOutputID=35ef243e087ba160233b7046a50275ac DependenciesID=0e70338bbed36b9ded0ba16b5015ea39 StaticDependenciesID=86e3ab624df47bc93621d2a05b042c79 
Number of updated asset objects reloaded before import = 0Number of asset objects unloaded after import = 1

========================================================================
Received Import Request.
  Time since last request: 0.000034 seconds.
  path: Assets/TutorialInfo/Scripts/Readme.cs
  importAddress: Guid(fcf7219bab7fe46a1ad266029b2fee19) Importer(2089858483,b0f066a214c2f5e87bad3c948f4d605d)
Start importing Assets/TutorialInfo/Scripts/Readme.cs using Guid(fcf7219bab7fe46a1ad266029b2fee19) Importer(2089858483,b0f066a214c2f5e87bad3c948f4d605d) (ScriptedImporter) -> (Import Result ID: '3aa22c632a6e5bd7955d017edf3ddcee') in 0.001300458 seconds [static and dynamic dependencies]. Details - ImportResultOutputID=9d4510163f3f5c420df24e0e396aa8d8 DependenciesID=1be96266d6c807d733fecfc41fdfd28d StaticDependenciesID=f6dbec3aa09e81849b2531790082ea27 
Number of updated asset objects reloaded before import = 0Number of asset objects unloaded after import = 0

========================================================================
Received Import Request.
  Time since last request: 0.000031 seconds.
  path: Assets/Scenes/SampleScene.unity
  importAddress: Guid(99c9720ab356a0642a771bea13969a05) Importer(2089858483,b0f066a214c2f5e87bad3c948f4d605d)
Start importing Assets/Scenes/SampleScene.unity using Guid(99c9720ab356a0642a771bea13969a05) Importer(2089858483,b0f066a214c2f5e87bad3c948f4d605d) (ScriptedImporter) -> (Import Result ID: '7cb83b7f96bdc4810b0c180a3d6d8c8b') in 0.001744834 seconds [static and dynamic dependencies]. Details - ImportResultOutputID=d80e6c7dcbd995820c0e00e7697313a5 DependenciesID=687e3f562dab6d2355e4f2d1908e1719 StaticDependenciesID=6bbee3249b5595c3b5c80ab5f41b02b3 
Number of updated asset objects reloaded before import = 0Number of asset objects unloaded after import = 1

========================================================================
Received Import Request.
  Time since last request: 0.000056 seconds.
  path: Assets/TutorialInfo/Icons/URP.png
  importAddress: Guid(727a75301c3d24613a3ebcec4a24c2c8) Importer(2089858483,b0f066a214c2f5e87bad3c948f4d605d)
Start importing Assets/TutorialInfo/Icons/URP.png using Guid(727a75301c3d24613a3ebcec4a24c2c8) Importer(2089858483,b0f066a214c2f5e87bad3c948f4d605d) (ScriptedImporter) -> (Import Result ID: '165cb35e0bf9a800f94b64bab16ee8c9') in 0.019477625 seconds [static and dynamic dependencies]. Details - ImportResultOutputID=4f20e33e1c6d4b3b891b24c2fc98487d DependenciesID=c855c426c5ec9797f39c92cf81e254a3 StaticDependenciesID=87857bce5b5d2f59bec3089eac1f2769 
Number of updated asset objects reloaded before import = 0Number of asset objects unloaded after import = 1

========================================================================
Received Import Request.
  Time since last request: 0.000033 seconds.
  path: Assets/Settings/Mobile_Renderer.asset
  importAddress: Guid(65bc7dbf4170f435aa868c779acfb082) Importer(2089858483,b0f066a214c2f5e87bad3c948f4d605d)
Start importing Assets/Settings/Mobile_Renderer.asset using Guid(65bc7dbf4170f435aa868c779acfb082) Importer(2089858483,b0f066a214c2f5e87bad3c948f4d605d) (ScriptedImporter) -> (Import Result ID: '2f97d2299058177c581f6a605809459f') in 0.002416208 seconds [static and dynamic dependencies]. Details - ImportResultOutputID=6d3dd965332c54d5ca9c3ecbf51926ad DependenciesID=31931decc1c3de68010f5ab98b4b74c9 StaticDependenciesID=479ec06a013f88c318b3be9f7d7efee1 
Number of updated asset objects reloaded before import = 0Number of asset objects unloaded after import = 1

========================================================================
Received Import Request.
  Time since last request: 4135.421775 seconds.
  path: Assets/Player.prefab
  importAddress: Guid(a43387c881fb2465599f162663a221e8) Importer(2089858483,b0f066a214c2f5e87bad3c948f4d605d)
Start importing Assets/Player.prefab using Guid(a43387c881fb2465599f162663a221e8) Importer(2089858483,b0f066a214c2f5e87bad3c948f4d605d) (ScriptedImporter) -> (Import Result ID: '6c20259be1668921217fb882907633f7') in 0.164892875 seconds [static and dynamic dependencies]. Details - ImportResultOutputID=0f2614c0942259fdfcbe020019221fc4 DependenciesID=b9c60a5757872c1f58c51fa1b2da3176 StaticDependenciesID=ffcdbecfb5c5ba150aa29ac7acc7cebc 
Number of updated asset objects reloaded before import = 0Number of asset objects unloaded after import = 7

========================================================================
Received Prepare
WARNING: Shader Unsupported: 'Universal Render Pipeline/VR/SpatialMapping/Wireframe' - All subshaders removed
WARNING: Shader Did you use #pragma only_renderers and omit this platform?
WARNING: Shader If subshaders removal was intentional, you may have forgotten turning Fallback off?
Shader Hidden/ChartRasterizerHardware is not supported: GPU does not support conservative rasterization
Unloading 26 Unused Serialized files (Serialized files now loaded: 0)
Unloading 6524 unused Assets / (4.1 MB). Loaded Objects now: 7342.
Memory consumption went from 154.3 MB to 150.2 MB.
Total: 36.814084 ms (FindLiveObjects: 0.441375 ms CreateObjectMapping: 0.126791 ms MarkObjects: 34.199625 ms  DeleteObjects: 2.045417 ms)

Prepare: number of updated asset objects reloaded= 0
========================================================================
Received Prepare
Begin MonoManager ReloadAssembly
[Licensing::Client] Successfully resolved entitlement details
Thread 0x350687000 may have been prematurely finalized
Assembly Assembly-CSharp-Editor-firstpass.dll at Library/ScriptAssemblies/Assembly-CSharp-Editor-firstpass.dll not valid. Loading of assembly skipped.
Assembly Assembly-CSharp-firstpass.dll at Library/ScriptAssemblies/Assembly-CSharp-firstpass.dll not valid. Loading of assembly skipped.
Assembly DocCodeExamples.dll at Library/ScriptAssemblies/DocCodeExamples.dll not valid. Loading of assembly skipped.
Assembly TestNewCustomAssembly.dll at Library/ScriptAssemblies/TestNewCustomAssembly.dll not valid. Loading of assembly skipped.
Assembly Unity.Collections.BurstCompatibilityGen.dll at Library/ScriptAssemblies/Unity.Collections.BurstCompatibilityGen.dll not valid. Loading of assembly skipped.
Assembly Unity.Collections.DocCodeSamples.dll at Library/ScriptAssemblies/Unity.Collections.DocCodeSamples.dll not valid. Loading of assembly skipped.
Assembly Unity.Collections.PerformanceTests.dll at Library/ScriptAssemblies/Unity.Collections.PerformanceTests.dll not valid. Loading of assembly skipped.
Assembly Unity.Collections.Tests.dll at Library/ScriptAssemblies/Unity.Collections.Tests.dll not valid. Loading of assembly skipped.
Assembly Unity.Collections.Tests.Playmode.dll at Library/ScriptAssemblies/Unity.Collections.Tests.Playmode.dll not valid. Loading of assembly skipped.
Assembly Unity.InputSystem.IntegrationTests.dll at Library/ScriptAssemblies/Unity.InputSystem.IntegrationTests.dll not valid. Loading of assembly skipped.
Assembly Unity.Mathematics.Tests.dll at Library/ScriptAssemblies/Unity.Mathematics.Tests.dll not valid. Loading of assembly skipped.
Assembly Unity.Multiplayer.Center.Editor.Tests.dll at Library/ScriptAssemblies/Unity.Multiplayer.Center.Editor.Tests.dll not valid. Loading of assembly skipped.
Assembly Unity.Multiplayer.Center.Tests.dll at Library/ScriptAssemblies/Unity.Multiplayer.Center.Tests.dll not valid. Loading of assembly skipped.
Assembly Unity.Nuget.Mono-Cecil.dll at Library/ScriptAssemblies/Unity.Nuget.Mono-Cecil.dll not valid. Loading of assembly skipped.
Assembly Unity.PathTracing.Editor.Tests.dll at Library/ScriptAssemblies/Unity.PathTracing.Editor.Tests.dll not valid. Loading of assembly skipped.
Assembly Unity.PathTracing.Runtime.Tests.dll at Library/ScriptAssemblies/Unity.PathTracing.Runtime.Tests.dll not valid. Loading of assembly skipped.
Assembly Unity.RenderPipelines.Core.Editor.Tests.dll at Library/ScriptAssemblies/Unity.RenderPipelines.Core.Editor.Tests.dll not valid. Loading of assembly skipped.
Assembly Unity.RenderPipelines.Core.Runtime.Tests.dll at Library/ScriptAssemblies/Unity.RenderPipelines.Core.Runtime.Tests.dll not valid. Loading of assembly skipped.
Assembly Unity.RenderPipelines.Universal.Config.Editor.Tests.dll at Library/ScriptAssemblies/Unity.RenderPipelines.Universal.Config.Editor.Tests.dll not valid. Loading of assembly skipped.
Assembly Unity.RenderPipelines.Universal.Editor.Tests.dll at Library/ScriptAssemblies/Unity.RenderPipelines.Universal.Editor.Tests.dll not valid. Loading of assembly skipped.
Assembly Unity.RenderPipelines.Universal.Runtime.Tests.dll at Library/ScriptAssemblies/Unity.RenderPipelines.Universal.Runtime.Tests.dll not valid. Loading of assembly skipped.
Assembly Unity.Searcher.EditorTests.dll at Library/ScriptAssemblies/Unity.Searcher.EditorTests.dll not valid. Loading of assembly skipped.
Assembly Unity.ShaderGraph.Editor.Tests.dll at Library/ScriptAssemblies/Unity.ShaderGraph.Editor.Tests.dll not valid. Loading of assembly skipped.
Assembly Unity.TextMeshPro.Editor.Tests.dll at Library/ScriptAssemblies/Unity.TextMeshPro.Editor.Tests.dll not valid. Loading of assembly skipped.
Assembly Unity.TextMeshPro.Tests.dll at Library/ScriptAssemblies/Unity.TextMeshPro.Tests.dll not valid. Loading of assembly skipped.
Assembly Unity.UnifiedRayTracing.Editor.Tests.dll at Library/ScriptAssemblies/Unity.UnifiedRayTracing.Editor.Tests.dll not valid. Loading of assembly skipped.
Assembly UnityEditor.UI.Common.Tests.dll at Library/ScriptAssemblies/UnityEditor.UI.Common.Tests.dll not valid. Loading of assembly skipped.
Assembly UnityEditor.UI.EditorTests.dll at Library/ScriptAssemblies/UnityEditor.UI.EditorTests.dll not valid. Loading of assembly skipped.
Assembly UnityEngine.UI.Tests.dll at Library/ScriptAssemblies/UnityEngine.UI.Tests.dll not valid. Loading of assembly skipped.
Native extension for OSXStandalone target not found
Native extension for WebGL target not found
[Package Manager] Failed to launch server process. Reason: Unity was launched with the -noUpm command-line argument
[Package Manager] Unable to send message (not connected to server process).
[Package Manager] Cannot connect to Unity Package Manager local server
[Package Manager] Failed to launch server process. Reason: Unity was launched with the -noUpm command-line argument
[Package Manager] Unable to send message (not connected to server process).
[Package Manager] Cannot connect to Unity Package Manager local server
ScheduleIndexationOnStartup MainProcess:False IndexOnStartup:True
Mono: successfully reloaded assembly
- Finished resetting the current domain, in  1.005 seconds
Domain Reload Profiling: 1802ms
	BeginReloadAssembly (182ms)
		DisableScriptedObjects (8ms)
		CreateAndSetChildDomain (72ms)
	RebuildCommonClasses (41ms)
	RebuildNativeTypeToScriptingClass (14ms)
	initialDomainReloadingComplete (38ms)
	LoadAllAssembliesAndSetupDomain (520ms)
		LoadAssemblies (323ms)
		AnalyzeDomain (239ms)
			TypeCache.Refresh (23ms)
			BuildScriptInfoCaches (200ms)
			ResolveRequiredComponents (13ms)
	FinalizeReload (1005ms)
		SetupLoadedEditorAssemblies (0ms)
			InitializePlatformSupportModulesInManaged (3ms)
			BeforeProcessingInitializeOnLoad (196ms)
			ProcessInitializeOnLoadAttributes (428ms)
			ProcessInitializeOnLoadMethodAttributes (111ms)
		AwakeInstancesAfterBackupRestoration (23ms)
WARNING: Shader Unsupported: 'Universal Render Pipeline/VR/SpatialMapping/Wireframe' - All subshaders removed
WARNING: Shader Did you use #pragma only_renderers and omit this platform?
WARNING: Shader If subshaders removal was intentional, you may have forgotten turning Fallback off?
Shader Hidden/ChartRasterizerHardware is not supported: GPU does not support conservative rasterization
Unloading 26 Unused Serialized files (Serialized files now loaded: 0)
Unloading 6534 unused Assets / (4.1 MB). Loaded Objects now: 7358.
Memory consumption went from 168.1 MB to 163.9 MB.
Total: 20.086667 ms (FindLiveObjects: 1.264291 ms CreateObjectMapping: 1.476167 ms MarkObjects: 12.804416 ms  DeleteObjects: 4.540208 ms)

Prepare: number of updated asset objects reloaded= 0
========================================================================
Received Import Request.
  Time since last request: 281.509784 seconds.
  path: Assets/Player.prefab
  importAddress: Guid(a43387c881fb2465599f162663a221e8) Importer(815301076,1909f56bfc062723c751e8b465ee728b)
Start importing Assets/Player.prefab using Guid(a43387c881fb2465599f162663a221e8) Importer(815301076,1909f56bfc062723c751e8b465ee728b) (PreviewImporter) -> (Import Result ID: '07330fad7133bd521b9f31088080da5d') in 4.696576958 seconds [static and dynamic dependencies]. Details - ImportResultOutputID=d8cd4194b5c70d79e1ba3aaea5b6bf8d DependenciesID=c03e6d454ca5b8abaa29dbc88f1a1ecc StaticDependenciesID=3c181f9208add9acfd9501afd583e1cb 
Number of updated asset objects reloaded before import = 0Number of asset objects unloaded after import = 8

========================================================================
Received Prepare
Begin MonoManager ReloadAssembly
[Licensing::Client] Successfully resolved entitlement details
Thread 0x16e147000 may have been prematurely finalized
Assembly Assembly-CSharp-Editor-firstpass.dll at Library/ScriptAssemblies/Assembly-CSharp-Editor-firstpass.dll not valid. Loading of assembly skipped.
Assembly Assembly-CSharp-firstpass.dll at Library/ScriptAssemblies/Assembly-CSharp-firstpass.dll not valid. Loading of assembly skipped.
Assembly DocCodeExamples.dll at Library/ScriptAssemblies/DocCodeExamples.dll not valid. Loading of assembly skipped.
Assembly TestNewCustomAssembly.dll at Library/ScriptAssemblies/TestNewCustomAssembly.dll not valid. Loading of assembly skipped.
Assembly Unity.Collections.BurstCompatibilityGen.dll at Library/ScriptAssemblies/Unity.Collections.BurstCompatibilityGen.dll not valid. Loading of assembly skipped.
Assembly Unity.Collections.DocCodeSamples.dll at Library/ScriptAssemblies/Unity.Collections.DocCodeSamples.dll not valid. Loading of assembly skipped.
Assembly Unity.Collections.PerformanceTests.dll at Library/ScriptAssemblies/Unity.Collections.PerformanceTests.dll not valid. Loading of assembly skipped.
Assembly Unity.Collections.Tests.dll at Library/ScriptAssemblies/Unity.Collections.Tests.dll not valid. Loading of assembly skipped.
Assembly Unity.Collections.Tests.Playmode.dll at Library/ScriptAssemblies/Unity.Collections.Tests.Playmode.dll not valid. Loading of assembly skipped.
Assembly Unity.InputSystem.IntegrationTests.dll at Library/ScriptAssemblies/Unity.InputSystem.IntegrationTests.dll not valid. Loading of assembly skipped.
Assembly Unity.Mathematics.Tests.dll at Library/ScriptAssemblies/Unity.Mathematics.Tests.dll not valid. Loading of assembly skipped.
Assembly Unity.Multiplayer.Center.Editor.Tests.dll at Library/ScriptAssemblies/Unity.Multiplayer.Center.Editor.Tests.dll not valid. Loading of assembly skipped.
Assembly Unity.Multiplayer.Center.Tests.dll at Library/ScriptAssemblies/Unity.Multiplayer.Center.Tests.dll not valid. Loading of assembly skipped.
Assembly Unity.Nuget.Mono-Cecil.dll at Library/ScriptAssemblies/Unity.Nuget.Mono-Cecil.dll not valid. Loading of assembly skipped.
Assembly Unity.PathTracing.Editor.Tests.dll at Library/ScriptAssemblies/Unity.PathTracing.Editor.Tests.dll not valid. Loading of assembly skipped.
Assembly Unity.PathTracing.Runtime.Tests.dll at Library/ScriptAssemblies/Unity.PathTracing.Runtime.Tests.dll not valid. Loading of assembly skipped.
Assembly Unity.RenderPipelines.Core.Editor.Tests.dll at Library/ScriptAssemblies/Unity.RenderPipelines.Core.Editor.Tests.dll not valid. Loading of assembly skipped.
Assembly Unity.RenderPipelines.Core.Runtime.Tests.dll at Library/ScriptAssemblies/Unity.RenderPipelines.Core.Runtime.Tests.dll not valid. Loading of assembly skipped.
Assembly Unity.RenderPipelines.Universal.Config.Editor.Tests.dll at Library/ScriptAssemblies/Unity.RenderPipelines.Universal.Config.Editor.Tests.dll not valid. Loading of assembly skipped.
Assembly Unity.RenderPipelines.Universal.Editor.Tests.dll at Library/ScriptAssemblies/Unity.RenderPipelines.Universal.Editor.Tests.dll not valid. Loading of assembly skipped.
Assembly Unity.RenderPipelines.Universal.Runtime.Tests.dll at Library/ScriptAssemblies/Unity.RenderPipelines.Universal.Runtime.Tests.dll not valid. Loading of assembly skipped.
Assembly Unity.Searcher.EditorTests.dll at Library/ScriptAssemblies/Unity.Searcher.EditorTests.dll not valid. Loading of assembly skipped.
Assembly Unity.ShaderGraph.Editor.Tests.dll at Library/ScriptAssemblies/Unity.ShaderGraph.Editor.Tests.dll not valid. Loading of assembly skipped.
Assembly Unity.TextMeshPro.Editor.Tests.dll at Library/ScriptAssemblies/Unity.TextMeshPro.Editor.Tests.dll not valid. Loading of assembly skipped.
Assembly Unity.TextMeshPro.Tests.dll at Library/ScriptAssemblies/Unity.TextMeshPro.Tests.dll not valid. Loading of assembly skipped.
Assembly Unity.UnifiedRayTracing.Editor.Tests.dll at Library/ScriptAssemblies/Unity.UnifiedRayTracing.Editor.Tests.dll not valid. Loading of assembly skipped.
Assembly UnityEditor.UI.Common.Tests.dll at Library/ScriptAssemblies/UnityEditor.UI.Common.Tests.dll not valid. Loading of assembly skipped.
Assembly UnityEditor.UI.EditorTests.dll at Library/ScriptAssemblies/UnityEditor.UI.EditorTests.dll not valid. Loading of assembly skipped.
Assembly UnityEngine.UI.Tests.dll at Library/ScriptAssemblies/UnityEngine.UI.Tests.dll not valid. Loading of assembly skipped.
Native extension for OSXStandalone target not found
Native extension for WebGL target not found
[Package Manager] Failed to launch server process. Reason: Unity was launched with the -noUpm command-line argument
[Package Manager] Unable to send message (not connected to server process).
[Package Manager] Cannot connect to Unity Package Manager local server
Refreshing native plugins compatible for Editor in 4.45 ms, found 2 plugins.
[Package Manager] Failed to launch server process. Reason: Unity was launched with the -noUpm command-line argument
[Package Manager] Unable to send message (not connected to server process).
[Package Manager] Cannot connect to Unity Package Manager local server
ScheduleIndexationOnStartup MainProcess:False IndexOnStartup:True
Mono: successfully reloaded assembly
- Finished resetting the current domain, in  1.342 seconds
Domain Reload Profiling: 2253ms
	BeginReloadAssembly (303ms)
		DisableScriptedObjects (38ms)
		CreateAndSetChildDomain (122ms)
	RebuildCommonClasses (48ms)
	RebuildNativeTypeToScriptingClass (17ms)
	initialDomainReloadingComplete (50ms)
	LoadAllAssembliesAndSetupDomain (492ms)
		LoadAssemblies (304ms)
		AnalyzeDomain (244ms)
			TypeCache.Refresh (15ms)
			BuildScriptInfoCaches (208ms)
			ResolveRequiredComponents (13ms)
	FinalizeReload (1343ms)
		SetupLoadedEditorAssemblies (0ms)
			InitializePlatformSupportModulesInManaged (6ms)
			BeforeProcessingInitializeOnLoad (267ms)
			ProcessInitializeOnLoadAttributes (576ms)
			ProcessInitializeOnLoadMethodAttributes (159ms)
		AwakeInstancesAfterBackupRestoration (25ms)
WARNING: Shader Unsupported: 'Universal Render Pipeline/VR/SpatialMapping/Wireframe' - All subshaders removed
WARNING: Shader Did you use #pragma only_renderers and omit this platform?
WARNING: Shader If subshaders removal was intentional, you may have forgotten turning Fallback off?
Shader Hidden/ChartRasterizerHardware is not supported: GPU does not support conservative rasterization
Refreshing native plugins compatible for Editor in 2.44 ms, found 2 plugins.
Unloading 26 Unused Serialized files (Serialized files now loaded: 0)
Unloading 6535 unused Assets / (4.0 MB). Loaded Objects now: 7391.
Memory consumption went from 180.7 MB to 176.7 MB.
Total: 23.814792 ms (FindLiveObjects: 2.218583 ms CreateObjectMapping: 2.183958 ms MarkObjects: 13.517875 ms  DeleteObjects: 5.892292 ms)

Prepare: number of updated asset objects reloaded= 0
========================================================================
Received Import Request.
  Time since last request: 77.003368 seconds.
  path: Assets/PlayerController.cs
  importAddress: Guid(704ed6921865541749f2ac96658efc2e) Importer(815301076,1909f56bfc062723c751e8b465ee728b)
Start importing Assets/PlayerController.cs using Guid(704ed6921865541749f2ac96658efc2e) Importer(815301076,1909f56bfc062723c751e8b465ee728b) (PreviewImporter) -> (Import Result ID: 'a4b2342785cb61a1ec87fa73821ac75f') in 0.002590792 seconds [static and dynamic dependencies]. Details - ImportResultOutputID=4d156b6f1a23fc0f5ba66d212f4f3261 DependenciesID=54cd5364dfcd1ff014d42d1f36ce372b StaticDependenciesID=f9aaedfe0e42b1b24aa785b2441942c6 
Number of updated asset objects reloaded before import = 0Number of asset objects unloaded after import = 0

========================================================================
Received Prepare
Begin MonoManager ReloadAssembly
[Licensing::Client] Successfully resolved entitlement details
Thread 0x16e25f000 may have been prematurely finalized
Assembly Assembly-CSharp-Editor-firstpass.dll at Library/ScriptAssemblies/Assembly-CSharp-Editor-firstpass.dll not valid. Loading of assembly skipped.
Assembly Assembly-CSharp-firstpass.dll at Library/ScriptAssemblies/Assembly-CSharp-firstpass.dll not valid. Loading of assembly skipped.
Assembly DocCodeExamples.dll at Library/ScriptAssemblies/DocCodeExamples.dll not valid. Loading of assembly skipped.
Assembly TestNewCustomAssembly.dll at Library/ScriptAssemblies/TestNewCustomAssembly.dll not valid. Loading of assembly skipped.
Assembly Unity.Collections.BurstCompatibilityGen.dll at Library/ScriptAssemblies/Unity.Collections.BurstCompatibilityGen.dll not valid. Loading of assembly skipped.
Assembly Unity.Collections.DocCodeSamples.dll at Library/ScriptAssemblies/Unity.Collections.DocCodeSamples.dll not valid. Loading of assembly skipped.
Assembly Unity.Collections.PerformanceTests.dll at Library/ScriptAssemblies/Unity.Collections.PerformanceTests.dll not valid. Loading of assembly skipped.
Assembly Unity.Collections.Tests.dll at Library/ScriptAssemblies/Unity.Collections.Tests.dll not valid. Loading of assembly skipped.
Assembly Unity.Collections.Tests.Playmode.dll at Library/ScriptAssemblies/Unity.Collections.Tests.Playmode.dll not valid. Loading of assembly skipped.
Assembly Unity.InputSystem.IntegrationTests.dll at Library/ScriptAssemblies/Unity.InputSystem.IntegrationTests.dll not valid. Loading of assembly skipped.
Assembly Unity.Mathematics.Tests.dll at Library/ScriptAssemblies/Unity.Mathematics.Tests.dll not valid. Loading of assembly skipped.
Assembly Unity.Multiplayer.Center.Editor.Tests.dll at Library/ScriptAssemblies/Unity.Multiplayer.Center.Editor.Tests.dll not valid. Loading of assembly skipped.
Assembly Unity.Multiplayer.Center.Tests.dll at Library/ScriptAssemblies/Unity.Multiplayer.Center.Tests.dll not valid. Loading of assembly skipped.
Assembly Unity.Nuget.Mono-Cecil.dll at Library/ScriptAssemblies/Unity.Nuget.Mono-Cecil.dll not valid. Loading of assembly skipped.
Assembly Unity.PathTracing.Editor.Tests.dll at Library/ScriptAssemblies/Unity.PathTracing.Editor.Tests.dll not valid. Loading of assembly skipped.
Assembly Unity.PathTracing.Runtime.Tests.dll at Library/ScriptAssemblies/Unity.PathTracing.Runtime.Tests.dll not valid. Loading of assembly skipped.
Assembly Unity.RenderPipelines.Core.Editor.Tests.dll at Library/ScriptAssemblies/Unity.RenderPipelines.Core.Editor.Tests.dll not valid. Loading of assembly skipped.
Assembly Unity.RenderPipelines.Core.Runtime.Tests.dll at Library/ScriptAssemblies/Unity.RenderPipelines.Core.Runtime.Tests.dll not valid. Loading of assembly skipped.
Assembly Unity.RenderPipelines.Universal.Config.Editor.Tests.dll at Library/ScriptAssemblies/Unity.RenderPipelines.Universal.Config.Editor.Tests.dll not valid. Loading of assembly skipped.
Assembly Unity.RenderPipelines.Universal.Editor.Tests.dll at Library/ScriptAssemblies/Unity.RenderPipelines.Universal.Editor.Tests.dll not valid. Loading of assembly skipped.
Assembly Unity.RenderPipelines.Universal.Runtime.Tests.dll at Library/ScriptAssemblies/Unity.RenderPipelines.Universal.Runtime.Tests.dll not valid. Loading of assembly skipped.
Assembly Unity.Searcher.EditorTests.dll at Library/ScriptAssemblies/Unity.Searcher.EditorTests.dll not valid. Loading of assembly skipped.
Assembly Unity.ShaderGraph.Editor.Tests.dll at Library/ScriptAssemblies/Unity.ShaderGraph.Editor.Tests.dll not valid. Loading of assembly skipped.
Assembly Unity.TextMeshPro.Editor.Tests.dll at Library/ScriptAssemblies/Unity.TextMeshPro.Editor.Tests.dll not valid. Loading of assembly skipped.
Assembly Unity.TextMeshPro.Tests.dll at Library/ScriptAssemblies/Unity.TextMeshPro.Tests.dll not valid. Loading of assembly skipped.
Assembly Unity.UnifiedRayTracing.Editor.Tests.dll at Library/ScriptAssemblies/Unity.UnifiedRayTracing.Editor.Tests.dll not valid. Loading of assembly skipped.
Assembly UnityEditor.UI.Common.Tests.dll at Library/ScriptAssemblies/UnityEditor.UI.Common.Tests.dll not valid. Loading of assembly skipped.
Assembly UnityEditor.UI.EditorTests.dll at Library/ScriptAssemblies/UnityEditor.UI.EditorTests.dll not valid. Loading of assembly skipped.
Assembly UnityEngine.UI.Tests.dll at Library/ScriptAssemblies/UnityEngine.UI.Tests.dll not valid. Loading of assembly skipped.
Native extension for OSXStandalone target not found
Native extension for WebGL target not found
[Package Manager] Failed to launch server process. Reason: Unity was launched with the -noUpm command-line argument
[Package Manager] Unable to send message (not connected to server process).
[Package Manager] Cannot connect to Unity Package Manager local server
[Package Manager] Failed to launch server process. Reason: Unity was launched with the -noUpm command-line argument
[Package Manager] Unable to send message (not connected to server process).
[Package Manager] Cannot connect to Unity Package Manager local server
ScheduleIndexationOnStartup MainProcess:False IndexOnStartup:True
Mono: successfully reloaded assembly
- Finished resetting the current domain, in  1.200 seconds
Domain Reload Profiling: 2101ms
	BeginReloadAssembly (267ms)
		DisableScriptedObjects (10ms)
		CreateAndSetChildDomain (98ms)
	RebuildCommonClasses (48ms)
	RebuildNativeTypeToScriptingClass (17ms)
	initialDomainReloadingComplete (51ms)
	LoadAllAssembliesAndSetupDomain (517ms)
		LoadAssemblies (339ms)
		AnalyzeDomain (235ms)
			TypeCache.Refresh (15ms)
			BuildScriptInfoCaches (201ms)
			ResolveRequiredComponents (14ms)
	FinalizeReload (1202ms)
		SetupLoadedEditorAssemblies (0ms)
			InitializePlatformSupportModulesInManaged (3ms)
			BeforeProcessingInitializeOnLoad (208ms)
			ProcessInitializeOnLoadAttributes (541ms)
			ProcessInitializeOnLoadMethodAttributes (160ms)
			AfterProcessingInitializeOnLoad (3ms)
		AwakeInstancesAfterBackupRestoration (34ms)
WARNING: Shader Unsupported: 'Universal Render Pipeline/VR/SpatialMapping/Wireframe' - All subshaders removed
WARNING: Shader Did you use #pragma only_renderers and omit this platform?
WARNING: Shader If subshaders removal was intentional, you may have forgotten turning Fallback off?
Shader Hidden/ChartRasterizerHardware is not supported: GPU does not support conservative rasterization
Refreshing native plugins compatible for Editor in 2.46 ms, found 2 plugins.
Unloading 26 Unused Serialized files (Serialized files now loaded: 0)
Unloading 6534 unused Assets / (2.9 MB). Loaded Objects now: 7394.
Memory consumption went from 186.3 MB to 183.3 MB.
Total: 32.218958 ms (FindLiveObjects: 2.484166 ms CreateObjectMapping: 2.784792 ms MarkObjects: 18.843417 ms  DeleteObjects: 8.103125 ms)

Prepare: number of updated asset objects reloaded= 0
========================================================================
Received Prepare
Begin MonoManager ReloadAssembly
[Licensing::Client] Successfully resolved entitlement details
Thread 0x34f293000 may have been prematurely finalized
Assembly Assembly-CSharp-Editor-firstpass.dll at Library/ScriptAssemblies/Assembly-CSharp-Editor-firstpass.dll not valid. Loading of assembly skipped.
Assembly Assembly-CSharp-firstpass.dll at Library/ScriptAssemblies/Assembly-CSharp-firstpass.dll not valid. Loading of assembly skipped.
Assembly DocCodeExamples.dll at Library/ScriptAssemblies/DocCodeExamples.dll not valid. Loading of assembly skipped.
Assembly TestNewCustomAssembly.dll at Library/ScriptAssemblies/TestNewCustomAssembly.dll not valid. Loading of assembly skipped.
Assembly Unity.Collections.BurstCompatibilityGen.dll at Library/ScriptAssemblies/Unity.Collections.BurstCompatibilityGen.dll not valid. Loading of assembly skipped.
Assembly Unity.Collections.DocCodeSamples.dll at Library/ScriptAssemblies/Unity.Collections.DocCodeSamples.dll not valid. Loading of assembly skipped.
Assembly Unity.Collections.PerformanceTests.dll at Library/ScriptAssemblies/Unity.Collections.PerformanceTests.dll not valid. Loading of assembly skipped.
Assembly Unity.Collections.Tests.dll at Library/ScriptAssemblies/Unity.Collections.Tests.dll not valid. Loading of assembly skipped.
Assembly Unity.Collections.Tests.Playmode.dll at Library/ScriptAssemblies/Unity.Collections.Tests.Playmode.dll not valid. Loading of assembly skipped.
Assembly Unity.InputSystem.IntegrationTests.dll at Library/ScriptAssemblies/Unity.InputSystem.IntegrationTests.dll not valid. Loading of assembly skipped.
Assembly Unity.Mathematics.Tests.dll at Library/ScriptAssemblies/Unity.Mathematics.Tests.dll not valid. Loading of assembly skipped.
Assembly Unity.Multiplayer.Center.Editor.Tests.dll at Library/ScriptAssemblies/Unity.Multiplayer.Center.Editor.Tests.dll not valid. Loading of assembly skipped.
Assembly Unity.Multiplayer.Center.Tests.dll at Library/ScriptAssemblies/Unity.Multiplayer.Center.Tests.dll not valid. Loading of assembly skipped.
Assembly Unity.Nuget.Mono-Cecil.dll at Library/ScriptAssemblies/Unity.Nuget.Mono-Cecil.dll not valid. Loading of assembly skipped.
Assembly Unity.PathTracing.Editor.Tests.dll at Library/ScriptAssemblies/Unity.PathTracing.Editor.Tests.dll not valid. Loading of assembly skipped.
Assembly Unity.PathTracing.Runtime.Tests.dll at Library/ScriptAssemblies/Unity.PathTracing.Runtime.Tests.dll not valid. Loading of assembly skipped.
Assembly Unity.RenderPipelines.Core.Editor.Tests.dll at Library/ScriptAssemblies/Unity.RenderPipelines.Core.Editor.Tests.dll not valid. Loading of assembly skipped.
Assembly Unity.RenderPipelines.Core.Runtime.Tests.dll at Library/ScriptAssemblies/Unity.RenderPipelines.Core.Runtime.Tests.dll not valid. Loading of assembly skipped.
Assembly Unity.RenderPipelines.Universal.Config.Editor.Tests.dll at Library/ScriptAssemblies/Unity.RenderPipelines.Universal.Config.Editor.Tests.dll not valid. Loading of assembly skipped.
Assembly Unity.RenderPipelines.Universal.Editor.Tests.dll at Library/ScriptAssemblies/Unity.RenderPipelines.Universal.Editor.Tests.dll not valid. Loading of assembly skipped.
Assembly Unity.RenderPipelines.Universal.Runtime.Tests.dll at Library/ScriptAssemblies/Unity.RenderPipelines.Universal.Runtime.Tests.dll not valid. Loading of assembly skipped.
Assembly Unity.Searcher.EditorTests.dll at Library/ScriptAssemblies/Unity.Searcher.EditorTests.dll not valid. Loading of assembly skipped.
Assembly Unity.ShaderGraph.Editor.Tests.dll at Library/ScriptAssemblies/Unity.ShaderGraph.Editor.Tests.dll not valid. Loading of assembly skipped.
Assembly Unity.TextMeshPro.Editor.Tests.dll at Library/ScriptAssemblies/Unity.TextMeshPro.Editor.Tests.dll not valid. Loading of assembly skipped.
Assembly Unity.TextMeshPro.Tests.dll at Library/ScriptAssemblies/Unity.TextMeshPro.Tests.dll not valid. Loading of assembly skipped.
Assembly Unity.UnifiedRayTracing.Editor.Tests.dll at Library/ScriptAssemblies/Unity.UnifiedRayTracing.Editor.Tests.dll not valid. Loading of assembly skipped.
Assembly UnityEditor.UI.Common.Tests.dll at Library/ScriptAssemblies/UnityEditor.UI.Common.Tests.dll not valid. Loading of assembly skipped.
Assembly UnityEditor.UI.EditorTests.dll at Library/ScriptAssemblies/UnityEditor.UI.EditorTests.dll not valid. Loading of assembly skipped.
Assembly UnityEngine.UI.Tests.dll at Library/ScriptAssemblies/UnityEngine.UI.Tests.dll not valid. Loading of assembly skipped.
Native extension for OSXStandalone target not found
Native extension for WebGL target not found
[Package Manager] Failed to launch server process. Reason: Unity was launched with the -noUpm command-line argument
[Package Manager] Unable to send message (not connected to server process).
[Package Manager] Cannot connect to Unity Package Manager local server
[Package Manager] Failed to launch server process. Reason: Unity was launched with the -noUpm command-line argument
[Package Manager] Unable to send message (not connected to server process).
[Package Manager] Cannot connect to Unity Package Manager local server
ScheduleIndexationOnStartup MainProcess:False IndexOnStartup:True
Mono: successfully reloaded assembly
- Finished resetting the current domain, in  0.943 seconds
Domain Reload Profiling: 1704ms
	BeginReloadAssembly (199ms)
		DisableScriptedObjects (6ms)
		CreateAndSetChildDomain (73ms)
	RebuildCommonClasses (48ms)
	RebuildNativeTypeToScriptingClass (17ms)
	initialDomainReloadingComplete (39ms)
	LoadAllAssembliesAndSetupDomain (458ms)
		LoadAssemblies (293ms)
		AnalyzeDomain (218ms)
			TypeCache.Refresh (11ms)
			BuildScriptInfoCaches (193ms)
			ResolveRequiredComponents (12ms)
	FinalizeReload (944ms)
		SetupLoadedEditorAssemblies (0ms)
			InitializePlatformSupportModulesInManaged (3ms)
			BeforeProcessingInitializeOnLoad (195ms)
			ProcessInitializeOnLoadAttributes (377ms)
			ProcessInitializeOnLoadMethodAttributes (109ms)
		AwakeInstancesAfterBackupRestoration (21ms)
WARNING: Shader Unsupported: 'Universal Render Pipeline/VR/SpatialMapping/Wireframe' - All subshaders removed
WARNING: Shader Did you use #pragma only_renderers and omit this platform?
WARNING: Shader If subshaders removal was intentional, you may have forgotten turning Fallback off?
Shader Hidden/ChartRasterizerHardware is not supported: GPU does not support conservative rasterization
Unloading 26 Unused Serialized files (Serialized files now loaded: 0)
Unloading 6534 unused Assets / (4.3 MB). Loaded Objects now: 7397.
Memory consumption went from 192.1 MB to 187.8 MB.
Total: 19.251416 ms (FindLiveObjects: 1.435584 ms CreateObjectMapping: 2.378375 ms MarkObjects: 10.887750 ms  DeleteObjects: 4.548458 ms)

Prepare: number of updated asset objects reloaded= 0
Assertion failed on expression: 'm_Shader == nullptr'
========================================================================
Received Prepare
WARNING: Shader Unsupported: 'Universal Render Pipeline/VR/SpatialMapping/Wireframe' - All subshaders removed
WARNING: Shader Did you use #pragma only_renderers and omit this platform?
WARNING: Shader If subshaders removal was intentional, you may have forgotten turning Fallback off?
Shader Hidden/ChartRasterizerHardware is not supported: GPU does not support conservative rasterization
Unloading 26 Unused Serialized files (Serialized files now loaded: 0)
Unloading 6523 unused Assets / (4.1 MB). Loaded Objects now: 7397.
Memory consumption went from 188.1 MB to 184.1 MB.
Total: 12.683958 ms (FindLiveObjects: 0.613041 ms CreateObjectMapping: 0.201333 ms MarkObjects: 10.241834 ms  DeleteObjects: 1.626125 ms)

Prepare: number of updated asset objects reloaded= 0
========================================================================
Received Prepare
Begin MonoManager ReloadAssembly
[Licensing::Client] Successfully resolved entitlement details
Thread 0x350687000 may have been prematurely finalized
Assembly Assembly-CSharp-Editor-firstpass.dll at Library/ScriptAssemblies/Assembly-CSharp-Editor-firstpass.dll not valid. Loading of assembly skipped.
Assembly Assembly-CSharp-firstpass.dll at Library/ScriptAssemblies/Assembly-CSharp-firstpass.dll not valid. Loading of assembly skipped.
Assembly DocCodeExamples.dll at Library/ScriptAssemblies/DocCodeExamples.dll not valid. Loading of assembly skipped.
Assembly TestNewCustomAssembly.dll at Library/ScriptAssemblies/TestNewCustomAssembly.dll not valid. Loading of assembly skipped.
Assembly Unity.Collections.BurstCompatibilityGen.dll at Library/ScriptAssemblies/Unity.Collections.BurstCompatibilityGen.dll not valid. Loading of assembly skipped.
Assembly Unity.Collections.DocCodeSamples.dll at Library/ScriptAssemblies/Unity.Collections.DocCodeSamples.dll not valid. Loading of assembly skipped.
Assembly Unity.Collections.PerformanceTests.dll at Library/ScriptAssemblies/Unity.Collections.PerformanceTests.dll not valid. Loading of assembly skipped.
Assembly Unity.Collections.Tests.dll at Library/ScriptAssemblies/Unity.Collections.Tests.dll not valid. Loading of assembly skipped.
Assembly Unity.Collections.Tests.Playmode.dll at Library/ScriptAssemblies/Unity.Collections.Tests.Playmode.dll not valid. Loading of assembly skipped.
Assembly Unity.InputSystem.IntegrationTests.dll at Library/ScriptAssemblies/Unity.InputSystem.IntegrationTests.dll not valid. Loading of assembly skipped.
Assembly Unity.Mathematics.Tests.dll at Library/ScriptAssemblies/Unity.Mathematics.Tests.dll not valid. Loading of assembly skipped.
Assembly Unity.Multiplayer.Center.Editor.Tests.dll at Library/ScriptAssemblies/Unity.Multiplayer.Center.Editor.Tests.dll not valid. Loading of assembly skipped.
Assembly Unity.Multiplayer.Center.Tests.dll at Library/ScriptAssemblies/Unity.Multiplayer.Center.Tests.dll not valid. Loading of assembly skipped.
Assembly Unity.Nuget.Mono-Cecil.dll at Library/ScriptAssemblies/Unity.Nuget.Mono-Cecil.dll not valid. Loading of assembly skipped.
Assembly Unity.PathTracing.Editor.Tests.dll at Library/ScriptAssemblies/Unity.PathTracing.Editor.Tests.dll not valid. Loading of assembly skipped.
Assembly Unity.PathTracing.Runtime.Tests.dll at Library/ScriptAssemblies/Unity.PathTracing.Runtime.Tests.dll not valid. Loading of assembly skipped.
Assembly Unity.RenderPipelines.Core.Editor.Tests.dll at Library/ScriptAssemblies/Unity.RenderPipelines.Core.Editor.Tests.dll not valid. Loading of assembly skipped.
Assembly Unity.RenderPipelines.Core.Runtime.Tests.dll at Library/ScriptAssemblies/Unity.RenderPipelines.Core.Runtime.Tests.dll not valid. Loading of assembly skipped.
Assembly Unity.RenderPipelines.Universal.Config.Editor.Tests.dll at Library/ScriptAssemblies/Unity.RenderPipelines.Universal.Config.Editor.Tests.dll not valid. Loading of assembly skipped.
Assembly Unity.RenderPipelines.Universal.Editor.Tests.dll at Library/ScriptAssemblies/Unity.RenderPipelines.Universal.Editor.Tests.dll not valid. Loading of assembly skipped.
Assembly Unity.RenderPipelines.Universal.Runtime.Tests.dll at Library/ScriptAssemblies/Unity.RenderPipelines.Universal.Runtime.Tests.dll not valid. Loading of assembly skipped.
Assembly Unity.Searcher.EditorTests.dll at Library/ScriptAssemblies/Unity.Searcher.EditorTests.dll not valid. Loading of assembly skipped.
Assembly Unity.ShaderGraph.Editor.Tests.dll at Library/ScriptAssemblies/Unity.ShaderGraph.Editor.Tests.dll not valid. Loading of assembly skipped.
Assembly Unity.TextMeshPro.Editor.Tests.dll at Library/ScriptAssemblies/Unity.TextMeshPro.Editor.Tests.dll not valid. Loading of assembly skipped.
Assembly Unity.TextMeshPro.Tests.dll at Library/ScriptAssemblies/Unity.TextMeshPro.Tests.dll not valid. Loading of assembly skipped.
Assembly Unity.UnifiedRayTracing.Editor.Tests.dll at Library/ScriptAssemblies/Unity.UnifiedRayTracing.Editor.Tests.dll not valid. Loading of assembly skipped.
Assembly UnityEditor.UI.Common.Tests.dll at Library/ScriptAssemblies/UnityEditor.UI.Common.Tests.dll not valid. Loading of assembly skipped.
Assembly UnityEditor.UI.EditorTests.dll at Library/ScriptAssemblies/UnityEditor.UI.EditorTests.dll not valid. Loading of assembly skipped.
Assembly UnityEngine.UI.Tests.dll at Library/ScriptAssemblies/UnityEngine.UI.Tests.dll not valid. Loading of assembly skipped.
Native extension for OSXStandalone target not found
Native extension for WebGL target not found
[Package Manager] Failed to launch server process. Reason: Unity was launched with the -noUpm command-line argument
[Package Manager] Unable to send message (not connected to server process).
[Package Manager] Cannot connect to Unity Package Manager local server
[Package Manager] Failed to launch server process. Reason: Unity was launched with the -noUpm command-line argument
[Package Manager] Unable to send message (not connected to server process).
[Package Manager] Cannot connect to Unity Package Manager local server
ScheduleIndexationOnStartup MainProcess:False IndexOnStartup:True
Mono: successfully reloaded assembly
- Finished resetting the current domain, in  0.992 seconds
Domain Reload Profiling: 1825ms
	BeginReloadAssembly (208ms)
		DisableScriptedObjects (9ms)
		CreateAndSetChildDomain (85ms)
	RebuildCommonClasses (47ms)
	RebuildNativeTypeToScriptingClass (17ms)
	initialDomainReloadingComplete (47ms)
	LoadAllAssembliesAndSetupDomain (514ms)
		LoadAssemblies (337ms)
		AnalyzeDomain (227ms)
			TypeCache.Refresh (16ms)
			BuildScriptInfoCaches (195ms)
			ResolveRequiredComponents (13ms)
	FinalizeReload (993ms)
		SetupLoadedEditorAssemblies (0ms)
			InitializePlatformSupportModulesInManaged (4ms)
			BeforeProcessingInitializeOnLoad (204ms)
			ProcessInitializeOnLoadAttributes (402ms)
			ProcessInitializeOnLoadMethodAttributes (96ms)
		AwakeInstancesAfterBackupRestoration (15ms)
WARNING: Shader Unsupported: 'Universal Render Pipeline/VR/SpatialMapping/Wireframe' - All subshaders removed
WARNING: Shader Did you use #pragma only_renderers and omit this platform?
WARNING: Shader If subshaders removal was intentional, you may have forgotten turning Fallback off?
Shader Hidden/ChartRasterizerHardware is not supported: GPU does not support conservative rasterization
Unloading 26 Unused Serialized files (Serialized files now loaded: 0)
Unloading 6534 unused Assets / (4.4 MB). Loaded Objects now: 7400.
Memory consumption went from 195.3 MB to 191.0 MB.
Total: 12.630750 ms (FindLiveObjects: 0.594125 ms CreateObjectMapping: 0.295791 ms MarkObjects: 9.255792 ms  DeleteObjects: 2.484292 ms)

Prepare: number of updated asset objects reloaded= 0
========================================================================
Received Prepare
Begin MonoManager ReloadAssembly
Thread 0x16de47000 may have been prematurely finalized
Assembly Assembly-CSharp-Editor-firstpass.dll at Library/ScriptAssemblies/Assembly-CSharp-Editor-firstpass.dll not valid. Loading of assembly skipped.
Assembly Assembly-CSharp-firstpass.dll at Library/ScriptAssemblies/Assembly-CSharp-firstpass.dll not valid. Loading of assembly skipped.
Assembly DocCodeExamples.dll at Library/ScriptAssemblies/DocCodeExamples.dll not valid. Loading of assembly skipped.
Assembly TestNewCustomAssembly.dll at Library/ScriptAssemblies/TestNewCustomAssembly.dll not valid. Loading of assembly skipped.
Assembly Unity.Collections.BurstCompatibilityGen.dll at Library/ScriptAssemblies/Unity.Collections.BurstCompatibilityGen.dll not valid. Loading of assembly skipped.
Assembly Unity.Collections.DocCodeSamples.dll at Library/ScriptAssemblies/Unity.Collections.DocCodeSamples.dll not valid. Loading of assembly skipped.
Assembly Unity.Collections.PerformanceTests.dll at Library/ScriptAssemblies/Unity.Collections.PerformanceTests.dll not valid. Loading of assembly skipped.
Assembly Unity.Collections.Tests.dll at Library/ScriptAssemblies/Unity.Collections.Tests.dll not valid. Loading of assembly skipped.
Assembly Unity.Collections.Tests.Playmode.dll at Library/ScriptAssemblies/Unity.Collections.Tests.Playmode.dll not valid. Loading of assembly skipped.
Assembly Unity.InputSystem.IntegrationTests.dll at Library/ScriptAssemblies/Unity.InputSystem.IntegrationTests.dll not valid. Loading of assembly skipped.
Assembly Unity.Mathematics.Tests.dll at Library/ScriptAssemblies/Unity.Mathematics.Tests.dll not valid. Loading of assembly skipped.
Assembly Unity.Multiplayer.Center.Editor.Tests.dll at Library/ScriptAssemblies/Unity.Multiplayer.Center.Editor.Tests.dll not valid. Loading of assembly skipped.
Assembly Unity.Multiplayer.Center.Tests.dll at Library/ScriptAssemblies/Unity.Multiplayer.Center.Tests.dll not valid. Loading of assembly skipped.
Assembly Unity.Nuget.Mono-Cecil.dll at Library/ScriptAssemblies/Unity.Nuget.Mono-Cecil.dll not valid. Loading of assembly skipped.
Assembly Unity.PathTracing.Editor.Tests.dll at Library/ScriptAssemblies/Unity.PathTracing.Editor.Tests.dll not valid. Loading of assembly skipped.
Assembly Unity.PathTracing.Runtime.Tests.dll at Library/ScriptAssemblies/Unity.PathTracing.Runtime.Tests.dll not valid. Loading of assembly skipped.
Assembly Unity.RenderPipelines.Core.Editor.Tests.dll at Library/ScriptAssemblies/Unity.RenderPipelines.Core.Editor.Tests.dll not valid. Loading of assembly skipped.
Assembly Unity.RenderPipelines.Core.Runtime.Tests.dll at Library/ScriptAssemblies/Unity.RenderPipelines.Core.Runtime.Tests.dll not valid. Loading of assembly skipped.
Assembly Unity.RenderPipelines.Universal.Config.Editor.Tests.dll at Library/ScriptAssemblies/Unity.RenderPipelines.Universal.Config.Editor.Tests.dll not valid. Loading of assembly skipped.
Assembly Unity.RenderPipelines.Universal.Editor.Tests.dll at Library/ScriptAssemblies/Unity.RenderPipelines.Universal.Editor.Tests.dll not valid. Loading of assembly skipped.
Assembly Unity.RenderPipelines.Universal.Runtime.Tests.dll at Library/ScriptAssemblies/Unity.RenderPipelines.Universal.Runtime.Tests.dll not valid. Loading of assembly skipped.
Assembly Unity.Searcher.EditorTests.dll at Library/ScriptAssemblies/Unity.Searcher.EditorTests.dll not valid. Loading of assembly skipped.
Assembly Unity.ShaderGraph.Editor.Tests.dll at Library/ScriptAssemblies/Unity.ShaderGraph.Editor.Tests.dll not valid. Loading of assembly skipped.
Assembly Unity.TextMeshPro.Editor.Tests.dll at Library/ScriptAssemblies/Unity.TextMeshPro.Editor.Tests.dll not valid. Loading of assembly skipped.
Assembly Unity.TextMeshPro.Tests.dll at Library/ScriptAssemblies/Unity.TextMeshPro.Tests.dll not valid. Loading of assembly skipped.
Assembly Unity.UnifiedRayTracing.Editor.Tests.dll at Library/ScriptAssemblies/Unity.UnifiedRayTracing.Editor.Tests.dll not valid. Loading of assembly skipped.
Assembly UnityEditor.UI.Common.Tests.dll at Library/ScriptAssemblies/UnityEditor.UI.Common.Tests.dll not valid. Loading of assembly skipped.
Assembly UnityEditor.UI.EditorTests.dll at Library/ScriptAssemblies/UnityEditor.UI.EditorTests.dll not valid. Loading of assembly skipped.
Assembly UnityEngine.UI.Tests.dll at Library/ScriptAssemblies/UnityEngine.UI.Tests.dll not valid. Loading of assembly skipped.
Native extension for OSXStandalone target not found
Native extension for WebGL target not found
[Package Manager] Failed to launch server process. Reason: Unity was launched with the -noUpm command-line argument
[Package Manager] Unable to send message (not connected to server process).
[Package Manager] Cannot connect to Unity Package Manager local server
[Package Manager] Failed to launch server process. Reason: Unity was launched with the -noUpm command-line argument
[Package Manager] Unable to send message (not connected to server process).
[Package Manager] Cannot connect to Unity Package Manager local server
ScheduleIndexationOnStartup MainProcess:False IndexOnStartup:True
Mono: successfully reloaded assembly
- Finished resetting the current domain, in  1.030 seconds
Domain Reload Profiling: 1770ms
	BeginReloadAssembly (177ms)
		DisableScriptedObjects (5ms)
		CreateAndSetChildDomain (66ms)
	RebuildCommonClasses (47ms)
	RebuildNativeTypeToScriptingClass (17ms)
	initialDomainReloadingComplete (37ms)
	LoadAllAssembliesAndSetupDomain (461ms)
		LoadAssemblies (296ms)
		AnalyzeDomain (214ms)
			TypeCache.Refresh (9ms)
			BuildScriptInfoCaches (191ms)
			ResolveRequiredComponents (12ms)
	FinalizeReload (1031ms)
		SetupLoadedEditorAssemblies (0ms)
			InitializePlatformSupportModulesInManaged (3ms)
			BeforeProcessingInitializeOnLoad (193ms)
			ProcessInitializeOnLoadAttributes (446ms)
			ProcessInitializeOnLoadMethodAttributes (142ms)
		AwakeInstancesAfterBackupRestoration (25ms)
WARNING: Shader Unsupported: 'Universal Render Pipeline/VR/SpatialMapping/Wireframe' - All subshaders removed
WARNING: Shader Did you use #pragma only_renderers and omit this platform?
WARNING: Shader If subshaders removal was intentional, you may have forgotten turning Fallback off?
Shader Hidden/ChartRasterizerHardware is not supported: GPU does not support conservative rasterization
Refreshing native plugins compatible for Editor in 2.04 ms, found 2 plugins.
Unloading 26 Unused Serialized files (Serialized files now loaded: 0)
Unloading 6534 unused Assets / (2.9 MB). Loaded Objects now: 7403.
Memory consumption went from 201.1 MB to 198.2 MB.
Total: 24.207750 ms (FindLiveObjects: 2.119417 ms CreateObjectMapping: 2.088167 ms MarkObjects: 14.490000 ms  DeleteObjects: 5.508625 ms)

Prepare: number of updated asset objects reloaded= 0
========================================================================
Received Prepare
Begin MonoManager ReloadAssembly
[Licensing::Client] Successfully resolved entitlement details
Thread 0x16de47000 may have been prematurely finalized
Assembly Assembly-CSharp-Editor-firstpass.dll at Library/ScriptAssemblies/Assembly-CSharp-Editor-firstpass.dll not valid. Loading of assembly skipped.
Assembly Assembly-CSharp-firstpass.dll at Library/ScriptAssemblies/Assembly-CSharp-firstpass.dll not valid. Loading of assembly skipped.
Assembly DocCodeExamples.dll at Library/ScriptAssemblies/DocCodeExamples.dll not valid. Loading of assembly skipped.
Assembly TestNewCustomAssembly.dll at Library/ScriptAssemblies/TestNewCustomAssembly.dll not valid. Loading of assembly skipped.
Assembly Unity.Collections.BurstCompatibilityGen.dll at Library/ScriptAssemblies/Unity.Collections.BurstCompatibilityGen.dll not valid. Loading of assembly skipped.
Assembly Unity.Collections.DocCodeSamples.dll at Library/ScriptAssemblies/Unity.Collections.DocCodeSamples.dll not valid. Loading of assembly skipped.
Assembly Unity.Collections.PerformanceTests.dll at Library/ScriptAssemblies/Unity.Collections.PerformanceTests.dll not valid. Loading of assembly skipped.
Assembly Unity.Collections.Tests.dll at Library/ScriptAssemblies/Unity.Collections.Tests.dll not valid. Loading of assembly skipped.
Assembly Unity.Collections.Tests.Playmode.dll at Library/ScriptAssemblies/Unity.Collections.Tests.Playmode.dll not valid. Loading of assembly skipped.
Assembly Unity.InputSystem.IntegrationTests.dll at Library/ScriptAssemblies/Unity.InputSystem.IntegrationTests.dll not valid. Loading of assembly skipped.
Assembly Unity.Mathematics.Tests.dll at Library/ScriptAssemblies/Unity.Mathematics.Tests.dll not valid. Loading of assembly skipped.
Assembly Unity.Multiplayer.Center.Editor.Tests.dll at Library/ScriptAssemblies/Unity.Multiplayer.Center.Editor.Tests.dll not valid. Loading of assembly skipped.
Assembly Unity.Multiplayer.Center.Tests.dll at Library/ScriptAssemblies/Unity.Multiplayer.Center.Tests.dll not valid. Loading of assembly skipped.
Assembly Unity.Nuget.Mono-Cecil.dll at Library/ScriptAssemblies/Unity.Nuget.Mono-Cecil.dll not valid. Loading of assembly skipped.
Assembly Unity.PathTracing.Editor.Tests.dll at Library/ScriptAssemblies/Unity.PathTracing.Editor.Tests.dll not valid. Loading of assembly skipped.
Assembly Unity.PathTracing.Runtime.Tests.dll at Library/ScriptAssemblies/Unity.PathTracing.Runtime.Tests.dll not valid. Loading of assembly skipped.
Assembly Unity.RenderPipelines.Core.Editor.Tests.dll at Library/ScriptAssemblies/Unity.RenderPipelines.Core.Editor.Tests.dll not valid. Loading of assembly skipped.
Assembly Unity.RenderPipelines.Core.Runtime.Tests.dll at Library/ScriptAssemblies/Unity.RenderPipelines.Core.Runtime.Tests.dll not valid. Loading of assembly skipped.
Assembly Unity.RenderPipelines.Universal.Config.Editor.Tests.dll at Library/ScriptAssemblies/Unity.RenderPipelines.Universal.Config.Editor.Tests.dll not valid. Loading of assembly skipped.
Assembly Unity.RenderPipelines.Universal.Editor.Tests.dll at Library/ScriptAssemblies/Unity.RenderPipelines.Universal.Editor.Tests.dll not valid. Loading of assembly skipped.
Assembly Unity.RenderPipelines.Universal.Runtime.Tests.dll at Library/ScriptAssemblies/Unity.RenderPipelines.Universal.Runtime.Tests.dll not valid. Loading of assembly skipped.
Assembly Unity.Searcher.EditorTests.dll at Library/ScriptAssemblies/Unity.Searcher.EditorTests.dll not valid. Loading of assembly skipped.
Assembly Unity.ShaderGraph.Editor.Tests.dll at Library/ScriptAssemblies/Unity.ShaderGraph.Editor.Tests.dll not valid. Loading of assembly skipped.
Assembly Unity.TextMeshPro.Editor.Tests.dll at Library/ScriptAssemblies/Unity.TextMeshPro.Editor.Tests.dll not valid. Loading of assembly skipped.
Assembly Unity.TextMeshPro.Tests.dll at Library/ScriptAssemblies/Unity.TextMeshPro.Tests.dll not valid. Loading of assembly skipped.
Assembly Unity.UnifiedRayTracing.Editor.Tests.dll at Library/ScriptAssemblies/Unity.UnifiedRayTracing.Editor.Tests.dll not valid. Loading of assembly skipped.
Assembly UnityEditor.UI.Common.Tests.dll at Library/ScriptAssemblies/UnityEditor.UI.Common.Tests.dll not valid. Loading of assembly skipped.
Assembly UnityEditor.UI.EditorTests.dll at Library/ScriptAssemblies/UnityEditor.UI.EditorTests.dll not valid. Loading of assembly skipped.
Assembly UnityEngine.UI.Tests.dll at Library/ScriptAssemblies/UnityEngine.UI.Tests.dll not valid. Loading of assembly skipped.
Native extension for OSXStandalone target not found
Native extension for WebGL target not found
[Package Manager] Failed to launch server process. Reason: Unity was launched with the -noUpm command-line argument
[Package Manager] Unable to send message (not connected to server process).
[Package Manager] Cannot connect to Unity Package Manager local server
[Package Manager] Failed to launch server process. Reason: Unity was launched with the -noUpm command-line argument
[Package Manager] Unable to send message (not connected to server process).
[Package Manager] Cannot connect to Unity Package Manager local server
ScheduleIndexationOnStartup MainProcess:False IndexOnStartup:True
Mono: successfully reloaded assembly
- Finished resetting the current domain, in  1.072 seconds
Domain Reload Profiling: 1937ms
	BeginReloadAssembly (272ms)
		DisableScriptedObjects (10ms)
		CreateAndSetChildDomain (111ms)
	RebuildCommonClasses (49ms)
	RebuildNativeTypeToScriptingClass (17ms)
	initialDomainReloadingComplete (50ms)
	LoadAllAssembliesAndSetupDomain (476ms)
		LoadAssemblies (320ms)
		AnalyzeDomain (219ms)
			TypeCache.Refresh (10ms)
			BuildScriptInfoCaches (194ms)
			ResolveRequiredComponents (12ms)
	FinalizeReload (1073ms)
		SetupLoadedEditorAssemblies (0ms)
			InitializePlatformSupportModulesInManaged (3ms)
			BeforeProcessingInitializeOnLoad (176ms)
			ProcessInitializeOnLoadAttributes (528ms)
			ProcessInitializeOnLoadMethodAttributes (124ms)
		AwakeInstancesAfterBackupRestoration (29ms)
WARNING: Shader Unsupported: 'Universal Render Pipeline/VR/SpatialMapping/Wireframe' - All subshaders removed
WARNING: Shader Did you use #pragma only_renderers and omit this platform?
WARNING: Shader If subshaders removal was intentional, you may have forgotten turning Fallback off?
Shader Hidden/ChartRasterizerHardware is not supported: GPU does not support conservative rasterization
Refreshing native plugins compatible for Editor in 3.34 ms, found 2 plugins.
Unloading 26 Unused Serialized files (Serialized files now loaded: 0)
Unloading 6534 unused Assets / (3.8 MB). Loaded Objects now: 7406.
Memory consumption went from 206.9 MB to 203.1 MB.
Total: 26.653833 ms (FindLiveObjects: 1.892458 ms CreateObjectMapping: 1.954083 ms MarkObjects: 15.449166 ms  DeleteObjects: 7.356500 ms)

Prepare: number of updated asset objects reloaded= 0
========================================================================
Received Prepare
Begin MonoManager ReloadAssembly
[Licensing::Client] Successfully resolved entitlement details
Thread 0x16da73000 may have been prematurely finalized
Assembly Assembly-CSharp-Editor-firstpass.dll at Library/ScriptAssemblies/Assembly-CSharp-Editor-firstpass.dll not valid. Loading of assembly skipped.
Assembly Assembly-CSharp-firstpass.dll at Library/ScriptAssemblies/Assembly-CSharp-firstpass.dll not valid. Loading of assembly skipped.
Assembly DocCodeExamples.dll at Library/ScriptAssemblies/DocCodeExamples.dll not valid. Loading of assembly skipped.
Assembly TestNewCustomAssembly.dll at Library/ScriptAssemblies/TestNewCustomAssembly.dll not valid. Loading of assembly skipped.
Assembly Unity.Collections.BurstCompatibilityGen.dll at Library/ScriptAssemblies/Unity.Collections.BurstCompatibilityGen.dll not valid. Loading of assembly skipped.
Assembly Unity.Collections.DocCodeSamples.dll at Library/ScriptAssemblies/Unity.Collections.DocCodeSamples.dll not valid. Loading of assembly skipped.
Assembly Unity.Collections.PerformanceTests.dll at Library/ScriptAssemblies/Unity.Collections.PerformanceTests.dll not valid. Loading of assembly skipped.
Assembly Unity.Collections.Tests.dll at Library/ScriptAssemblies/Unity.Collections.Tests.dll not valid. Loading of assembly skipped.
Assembly Unity.Collections.Tests.Playmode.dll at Library/ScriptAssemblies/Unity.Collections.Tests.Playmode.dll not valid. Loading of assembly skipped.
Assembly Unity.InputSystem.IntegrationTests.dll at Library/ScriptAssemblies/Unity.InputSystem.IntegrationTests.dll not valid. Loading of assembly skipped.
Assembly Unity.Mathematics.Tests.dll at Library/ScriptAssemblies/Unity.Mathematics.Tests.dll not valid. Loading of assembly skipped.
Assembly Unity.Multiplayer.Center.Editor.Tests.dll at Library/ScriptAssemblies/Unity.Multiplayer.Center.Editor.Tests.dll not valid. Loading of assembly skipped.
Assembly Unity.Multiplayer.Center.Tests.dll at Library/ScriptAssemblies/Unity.Multiplayer.Center.Tests.dll not valid. Loading of assembly skipped.
Assembly Unity.Nuget.Mono-Cecil.dll at Library/ScriptAssemblies/Unity.Nuget.Mono-Cecil.dll not valid. Loading of assembly skipped.
Assembly Unity.PathTracing.Editor.Tests.dll at Library/ScriptAssemblies/Unity.PathTracing.Editor.Tests.dll not valid. Loading of assembly skipped.
Assembly Unity.PathTracing.Runtime.Tests.dll at Library/ScriptAssemblies/Unity.PathTracing.Runtime.Tests.dll not valid. Loading of assembly skipped.
Assembly Unity.RenderPipelines.Core.Editor.Tests.dll at Library/ScriptAssemblies/Unity.RenderPipelines.Core.Editor.Tests.dll not valid. Loading of assembly skipped.
Assembly Unity.RenderPipelines.Core.Runtime.Tests.dll at Library/ScriptAssemblies/Unity.RenderPipelines.Core.Runtime.Tests.dll not valid. Loading of assembly skipped.
Assembly Unity.RenderPipelines.Universal.Config.Editor.Tests.dll at Library/ScriptAssemblies/Unity.RenderPipelines.Universal.Config.Editor.Tests.dll not valid. Loading of assembly skipped.
Assembly Unity.RenderPipelines.Universal.Editor.Tests.dll at Library/ScriptAssemblies/Unity.RenderPipelines.Universal.Editor.Tests.dll not valid. Loading of assembly skipped.
Assembly Unity.RenderPipelines.Universal.Runtime.Tests.dll at Library/ScriptAssemblies/Unity.RenderPipelines.Universal.Runtime.Tests.dll not valid. Loading of assembly skipped.
Assembly Unity.Searcher.EditorTests.dll at Library/ScriptAssemblies/Unity.Searcher.EditorTests.dll not valid. Loading of assembly skipped.
Assembly Unity.ShaderGraph.Editor.Tests.dll at Library/ScriptAssemblies/Unity.ShaderGraph.Editor.Tests.dll not valid. Loading of assembly skipped.
Assembly Unity.TextMeshPro.Editor.Tests.dll at Library/ScriptAssemblies/Unity.TextMeshPro.Editor.Tests.dll not valid. Loading of assembly skipped.
Assembly Unity.TextMeshPro.Tests.dll at Library/ScriptAssemblies/Unity.TextMeshPro.Tests.dll not valid. Loading of assembly skipped.
Assembly Unity.UnifiedRayTracing.Editor.Tests.dll at Library/ScriptAssemblies/Unity.UnifiedRayTracing.Editor.Tests.dll not valid. Loading of assembly skipped.
Assembly UnityEditor.UI.Common.Tests.dll at Library/ScriptAssemblies/UnityEditor.UI.Common.Tests.dll not valid. Loading of assembly skipped.
Assembly UnityEditor.UI.EditorTests.dll at Library/ScriptAssemblies/UnityEditor.UI.EditorTests.dll not valid. Loading of assembly skipped.
Assembly UnityEngine.UI.Tests.dll at Library/ScriptAssemblies/UnityEngine.UI.Tests.dll not valid. Loading of assembly skipped.
Native extension for OSXStandalone target not found
Native extension for WebGL target not found
[Package Manager] Failed to launch server process. Reason: Unity was launched with the -noUpm command-line argument
[Package Manager] Unable to send message (not connected to server process).
[Package Manager] Cannot connect to Unity Package Manager local server
[Package Manager] Failed to launch server process. Reason: Unity was launched with the -noUpm command-line argument
[Package Manager] Unable to send message (not connected to server process).
[Package Manager] Cannot connect to Unity Package Manager local server
ScheduleIndexationOnStartup MainProcess:False IndexOnStartup:True
Mono: successfully reloaded assembly
- Finished resetting the current domain, in  0.867 seconds
Domain Reload Profiling: 1696ms
	BeginReloadAssembly (252ms)
		DisableScriptedObjects (11ms)
		CreateAndSetChildDomain (99ms)
	RebuildCommonClasses (42ms)
	RebuildNativeTypeToScriptingClass (15ms)
	initialDomainReloadingComplete (42ms)
	LoadAllAssembliesAndSetupDomain (478ms)
		LoadAssemblies (311ms)
		AnalyzeDomain (221ms)
			TypeCache.Refresh (10ms)
			BuildScriptInfoCaches (196ms)
			ResolveRequiredComponents (12ms)
	FinalizeReload (868ms)
		SetupLoadedEditorAssemblies (0ms)
			InitializePlatformSupportModulesInManaged (3ms)
			BeforeProcessingInitializeOnLoad (161ms)
			ProcessInitializeOnLoadAttributes (375ms)
			ProcessInitializeOnLoadMethodAttributes (104ms)
		AwakeInstancesAfterBackupRestoration (18ms)
WARNING: Shader Unsupported: 'Universal Render Pipeline/VR/SpatialMapping/Wireframe' - All subshaders removed
WARNING: Shader Did you use #pragma only_renderers and omit this platform?
WARNING: Shader If subshaders removal was intentional, you may have forgotten turning Fallback off?
Shader Hidden/ChartRasterizerHardware is not supported: GPU does not support conservative rasterization
Unloading 26 Unused Serialized files (Serialized files now loaded: 0)
Unloading 6534 unused Assets / (3.4 MB). Loaded Objects now: 7409.
Memory consumption went from 212.7 MB to 209.3 MB.
Total: 19.289042 ms (FindLiveObjects: 1.699542 ms CreateObjectMapping: 1.873417 ms MarkObjects: 10.563666 ms  DeleteObjects: 5.150792 ms)

Prepare: number of updated asset objects reloaded= 0
========================================================================
Received Prepare
Begin MonoManager ReloadAssembly
[Licensing::Client] Successfully resolved entitlement details
Thread 0x16daff000 may have been prematurely finalized
Assembly Assembly-CSharp-Editor-firstpass.dll at Library/ScriptAssemblies/Assembly-CSharp-Editor-firstpass.dll not valid. Loading of assembly skipped.
Assembly Assembly-CSharp-firstpass.dll at Library/ScriptAssemblies/Assembly-CSharp-firstpass.dll not valid. Loading of assembly skipped.
Assembly DocCodeExamples.dll at Library/ScriptAssemblies/DocCodeExamples.dll not valid. Loading of assembly skipped.
Assembly TestNewCustomAssembly.dll at Library/ScriptAssemblies/TestNewCustomAssembly.dll not valid. Loading of assembly skipped.
Assembly Unity.Collections.BurstCompatibilityGen.dll at Library/ScriptAssemblies/Unity.Collections.BurstCompatibilityGen.dll not valid. Loading of assembly skipped.
Assembly Unity.Collections.DocCodeSamples.dll at Library/ScriptAssemblies/Unity.Collections.DocCodeSamples.dll not valid. Loading of assembly skipped.
Assembly Unity.Collections.PerformanceTests.dll at Library/ScriptAssemblies/Unity.Collections.PerformanceTests.dll not valid. Loading of assembly skipped.
Assembly Unity.Collections.Tests.dll at Library/ScriptAssemblies/Unity.Collections.Tests.dll not valid. Loading of assembly skipped.
Assembly Unity.Collections.Tests.Playmode.dll at Library/ScriptAssemblies/Unity.Collections.Tests.Playmode.dll not valid. Loading of assembly skipped.
Assembly Unity.InputSystem.IntegrationTests.dll at Library/ScriptAssemblies/Unity.InputSystem.IntegrationTests.dll not valid. Loading of assembly skipped.
Assembly Unity.Mathematics.Tests.dll at Library/ScriptAssemblies/Unity.Mathematics.Tests.dll not valid. Loading of assembly skipped.
Assembly Unity.Multiplayer.Center.Editor.Tests.dll at Library/ScriptAssemblies/Unity.Multiplayer.Center.Editor.Tests.dll not valid. Loading of assembly skipped.
Assembly Unity.Multiplayer.Center.Tests.dll at Library/ScriptAssemblies/Unity.Multiplayer.Center.Tests.dll not valid. Loading of assembly skipped.
Assembly Unity.Nuget.Mono-Cecil.dll at Library/ScriptAssemblies/Unity.Nuget.Mono-Cecil.dll not valid. Loading of assembly skipped.
Assembly Unity.PathTracing.Editor.Tests.dll at Library/ScriptAssemblies/Unity.PathTracing.Editor.Tests.dll not valid. Loading of assembly skipped.
Assembly Unity.PathTracing.Runtime.Tests.dll at Library/ScriptAssemblies/Unity.PathTracing.Runtime.Tests.dll not valid. Loading of assembly skipped.
Assembly Unity.RenderPipelines.Core.Editor.Tests.dll at Library/ScriptAssemblies/Unity.RenderPipelines.Core.Editor.Tests.dll not valid. Loading of assembly skipped.
Assembly Unity.RenderPipelines.Core.Runtime.Tests.dll at Library/ScriptAssemblies/Unity.RenderPipelines.Core.Runtime.Tests.dll not valid. Loading of assembly skipped.
Assembly Unity.RenderPipelines.Universal.Config.Editor.Tests.dll at Library/ScriptAssemblies/Unity.RenderPipelines.Universal.Config.Editor.Tests.dll not valid. Loading of assembly skipped.
Assembly Unity.RenderPipelines.Universal.Editor.Tests.dll at Library/ScriptAssemblies/Unity.RenderPipelines.Universal.Editor.Tests.dll not valid. Loading of assembly skipped.
Assembly Unity.RenderPipelines.Universal.Runtime.Tests.dll at Library/ScriptAssemblies/Unity.RenderPipelines.Universal.Runtime.Tests.dll not valid. Loading of assembly skipped.
Assembly Unity.Searcher.EditorTests.dll at Library/ScriptAssemblies/Unity.Searcher.EditorTests.dll not valid. Loading of assembly skipped.
Assembly Unity.ShaderGraph.Editor.Tests.dll at Library/ScriptAssemblies/Unity.ShaderGraph.Editor.Tests.dll not valid. Loading of assembly skipped.
Assembly Unity.TextMeshPro.Editor.Tests.dll at Library/ScriptAssemblies/Unity.TextMeshPro.Editor.Tests.dll not valid. Loading of assembly skipped.
Assembly Unity.TextMeshPro.Tests.dll at Library/ScriptAssemblies/Unity.TextMeshPro.Tests.dll not valid. Loading of assembly skipped.
Assembly Unity.UnifiedRayTracing.Editor.Tests.dll at Library/ScriptAssemblies/Unity.UnifiedRayTracing.Editor.Tests.dll not valid. Loading of assembly skipped.
Assembly UnityEditor.UI.Common.Tests.dll at Library/ScriptAssemblies/UnityEditor.UI.Common.Tests.dll not valid. Loading of assembly skipped.
Assembly UnityEditor.UI.EditorTests.dll at Library/ScriptAssemblies/UnityEditor.UI.EditorTests.dll not valid. Loading of assembly skipped.
Assembly UnityEngine.UI.Tests.dll at Library/ScriptAssemblies/UnityEngine.UI.Tests.dll not valid. Loading of assembly skipped.
Refreshing native plugins compatible for Editor in 2.54 ms, found 2 plugins.
Native extension for OSXStandalone target not found
Native extension for WebGL target not found
[Package Manager] Failed to launch server process. Reason: Unity was launched with the -noUpm command-line argument
[Package Manager] Unable to send message (not connected to server process).
[Package Manager] Cannot connect to Unity Package Manager local server
[Package Manager] Failed to launch server process. Reason: Unity was launched with the -noUpm command-line argument
[Package Manager] Unable to send message (not connected to server process).
[Package Manager] Cannot connect to Unity Package Manager local server
ScheduleIndexationOnStartup MainProcess:False IndexOnStartup:True
Mono: successfully reloaded assembly
- Finished resetting the current domain, in  0.990 seconds
Domain Reload Profiling: 1841ms
	BeginReloadAssembly (249ms)
		DisableScriptedObjects (9ms)
		CreateAndSetChildDomain (102ms)
	RebuildCommonClasses (47ms)
	RebuildNativeTypeToScriptingClass (17ms)
	initialDomainReloadingComplete (48ms)
	LoadAllAssembliesAndSetupDomain (488ms)
		LoadAssemblies (327ms)
		AnalyzeDomain (221ms)
			TypeCache.Refresh (10ms)
			BuildScriptInfoCaches (196ms)
			ResolveRequiredComponents (12ms)
	FinalizeReload (991ms)
		SetupLoadedEditorAssemblies (0ms)
			InitializePlatformSupportModulesInManaged (3ms)
			BeforeProcessingInitializeOnLoad (191ms)
			ProcessInitializeOnLoadAttributes (427ms)
			ProcessInitializeOnLoadMethodAttributes (108ms)
			AfterProcessingInitializeOnLoad (3ms)
		AwakeInstancesAfterBackupRestoration (27ms)
WARNING: Shader Unsupported: 'Universal Render Pipeline/VR/SpatialMapping/Wireframe' - All subshaders removed
WARNING: Shader Did you use #pragma only_renderers and omit this platform?
WARNING: Shader If subshaders removal was intentional, you may have forgotten turning Fallback off?
Shader Hidden/ChartRasterizerHardware is not supported: GPU does not support conservative rasterization
Refreshing native plugins compatible for Editor in 2.00 ms, found 2 plugins.
Unloading 26 Unused Serialized files (Serialized files now loaded: 0)
Unloading 6534 unused Assets / (2.9 MB). Loaded Objects now: 7412.
Memory consumption went from 218.6 MB to 215.7 MB.
Total: 23.086958 ms (FindLiveObjects: 1.580417 ms CreateObjectMapping: 1.888416 ms MarkObjects: 12.881333 ms  DeleteObjects: 6.735291 ms)

Prepare: number of updated asset objects reloaded= 0
========================================================================
Received Prepare
Begin MonoManager ReloadAssembly
[Licensing::Client] Successfully resolved entitlement details
Thread 0x16daff000 may have been prematurely finalized
Assembly Assembly-CSharp-Editor-firstpass.dll at Library/ScriptAssemblies/Assembly-CSharp-Editor-firstpass.dll not valid. Loading of assembly skipped.
Assembly Assembly-CSharp-firstpass.dll at Library/ScriptAssemblies/Assembly-CSharp-firstpass.dll not valid. Loading of assembly skipped.
Assembly DocCodeExamples.dll at Library/ScriptAssemblies/DocCodeExamples.dll not valid. Loading of assembly skipped.
Assembly TestNewCustomAssembly.dll at Library/ScriptAssemblies/TestNewCustomAssembly.dll not valid. Loading of assembly skipped.
Assembly Unity.Collections.BurstCompatibilityGen.dll at Library/ScriptAssemblies/Unity.Collections.BurstCompatibilityGen.dll not valid. Loading of assembly skipped.
Assembly Unity.Collections.DocCodeSamples.dll at Library/ScriptAssemblies/Unity.Collections.DocCodeSamples.dll not valid. Loading of assembly skipped.
Assembly Unity.Collections.PerformanceTests.dll at Library/ScriptAssemblies/Unity.Collections.PerformanceTests.dll not valid. Loading of assembly skipped.
Assembly Unity.Collections.Tests.dll at Library/ScriptAssemblies/Unity.Collections.Tests.dll not valid. Loading of assembly skipped.
Assembly Unity.Collections.Tests.Playmode.dll at Library/ScriptAssemblies/Unity.Collections.Tests.Playmode.dll not valid. Loading of assembly skipped.
Assembly Unity.InputSystem.IntegrationTests.dll at Library/ScriptAssemblies/Unity.InputSystem.IntegrationTests.dll not valid. Loading of assembly skipped.
Assembly Unity.Mathematics.Tests.dll at Library/ScriptAssemblies/Unity.Mathematics.Tests.dll not valid. Loading of assembly skipped.
Assembly Unity.Multiplayer.Center.Editor.Tests.dll at Library/ScriptAssemblies/Unity.Multiplayer.Center.Editor.Tests.dll not valid. Loading of assembly skipped.
Assembly Unity.Multiplayer.Center.Tests.dll at Library/ScriptAssemblies/Unity.Multiplayer.Center.Tests.dll not valid. Loading of assembly skipped.
Assembly Unity.Nuget.Mono-Cecil.dll at Library/ScriptAssemblies/Unity.Nuget.Mono-Cecil.dll not valid. Loading of assembly skipped.
Assembly Unity.PathTracing.Editor.Tests.dll at Library/ScriptAssemblies/Unity.PathTracing.Editor.Tests.dll not valid. Loading of assembly skipped.
Assembly Unity.PathTracing.Runtime.Tests.dll at Library/ScriptAssemblies/Unity.PathTracing.Runtime.Tests.dll not valid. Loading of assembly skipped.
Assembly Unity.RenderPipelines.Core.Editor.Tests.dll at Library/ScriptAssemblies/Unity.RenderPipelines.Core.Editor.Tests.dll not valid. Loading of assembly skipped.
Assembly Unity.RenderPipelines.Core.Runtime.Tests.dll at Library/ScriptAssemblies/Unity.RenderPipelines.Core.Runtime.Tests.dll not valid. Loading of assembly skipped.
Assembly Unity.RenderPipelines.Universal.Config.Editor.Tests.dll at Library/ScriptAssemblies/Unity.RenderPipelines.Universal.Config.Editor.Tests.dll not valid. Loading of assembly skipped.
Assembly Unity.RenderPipelines.Universal.Editor.Tests.dll at Library/ScriptAssemblies/Unity.RenderPipelines.Universal.Editor.Tests.dll not valid. Loading of assembly skipped.
Assembly Unity.RenderPipelines.Universal.Runtime.Tests.dll at Library/ScriptAssemblies/Unity.RenderPipelines.Universal.Runtime.Tests.dll not valid. Loading of assembly skipped.
Assembly Unity.Searcher.EditorTests.dll at Library/ScriptAssemblies/Unity.Searcher.EditorTests.dll not valid. Loading of assembly skipped.
Assembly Unity.ShaderGraph.Editor.Tests.dll at Library/ScriptAssemblies/Unity.ShaderGraph.Editor.Tests.dll not valid. Loading of assembly skipped.
Assembly Unity.TextMeshPro.Editor.Tests.dll at Library/ScriptAssemblies/Unity.TextMeshPro.Editor.Tests.dll not valid. Loading of assembly skipped.
Assembly Unity.TextMeshPro.Tests.dll at Library/ScriptAssemblies/Unity.TextMeshPro.Tests.dll not valid. Loading of assembly skipped.
Assembly Unity.UnifiedRayTracing.Editor.Tests.dll at Library/ScriptAssemblies/Unity.UnifiedRayTracing.Editor.Tests.dll not valid. Loading of assembly skipped.
Assembly UnityEditor.UI.Common.Tests.dll at Library/ScriptAssemblies/UnityEditor.UI.Common.Tests.dll not valid. Loading of assembly skipped.
Assembly UnityEditor.UI.EditorTests.dll at Library/ScriptAssemblies/UnityEditor.UI.EditorTests.dll not valid. Loading of assembly skipped.
Assembly UnityEngine.UI.Tests.dll at Library/ScriptAssemblies/UnityEngine.UI.Tests.dll not valid. Loading of assembly skipped.
Native extension for OSXStandalone target not found
Native extension for WebGL target not found
[Package Manager] Failed to launch server process. Reason: Unity was launched with the -noUpm command-line argument
[Package Manager] Unable to send message (not connected to server process).
[Package Manager] Cannot connect to Unity Package Manager local server
[Package Manager] Failed to launch server process. Reason: Unity was launched with the -noUpm command-line argument
[Package Manager] Unable to send message (not connected to server process).
[Package Manager] Cannot connect to Unity Package Manager local server
ScheduleIndexationOnStartup MainProcess:False IndexOnStartup:True
Mono: successfully reloaded assembly
- Finished resetting the current domain, in  1.092 seconds
Domain Reload Profiling: 1920ms
	BeginReloadAssembly (246ms)
		DisableScriptedObjects (7ms)
		CreateAndSetChildDomain (96ms)
	RebuildCommonClasses (42ms)
	RebuildNativeTypeToScriptingClass (15ms)
	initialDomainReloadingComplete (51ms)
	LoadAllAssembliesAndSetupDomain (474ms)
		LoadAssemblies (296ms)
		AnalyzeDomain (236ms)
			TypeCache.Refresh (15ms)
			BuildScriptInfoCaches (203ms)
			ResolveRequiredComponents (12ms)
	FinalizeReload (1092ms)
		SetupLoadedEditorAssemblies (0ms)
			InitializePlatformSupportModulesInManaged (3ms)
			BeforeProcessingInitializeOnLoad (197ms)
			ProcessInitializeOnLoadAttributes (479ms)
			ProcessInitializeOnLoadMethodAttributes (139ms)
			AfterProcessingInitializeOnLoad (7ms)
		AwakeInstancesAfterBackupRestoration (28ms)
WARNING: Shader Unsupported: 'Universal Render Pipeline/VR/SpatialMapping/Wireframe' - All subshaders removed
WARNING: Shader Did you use #pragma only_renderers and omit this platform?
WARNING: Shader If subshaders removal was intentional, you may have forgotten turning Fallback off?
Shader Hidden/ChartRasterizerHardware is not supported: GPU does not support conservative rasterization
Unloading 26 Unused Serialized files (Serialized files now loaded: 0)
Unloading 6534 unused Assets / (4.1 MB). Loaded Objects now: 7415.
Memory consumption went from 224.4 MB to 220.3 MB.
Total: 28.644458 ms (FindLiveObjects: 1.926333 ms CreateObjectMapping: 2.290458 ms MarkObjects: 16.870333 ms  DeleteObjects: 7.555042 ms)

Prepare: number of updated asset objects reloaded= 0
========================================================================
Received Prepare
Begin MonoManager ReloadAssembly
[Licensing::Client] Successfully resolved entitlement details
Thread 0x16daff000 may have been prematurely finalized
Assembly Assembly-CSharp-Editor-firstpass.dll at Library/ScriptAssemblies/Assembly-CSharp-Editor-firstpass.dll not valid. Loading of assembly skipped.
Assembly Assembly-CSharp-firstpass.dll at Library/ScriptAssemblies/Assembly-CSharp-firstpass.dll not valid. Loading of assembly skipped.
Assembly DocCodeExamples.dll at Library/ScriptAssemblies/DocCodeExamples.dll not valid. Loading of assembly skipped.
Assembly TestNewCustomAssembly.dll at Library/ScriptAssemblies/TestNewCustomAssembly.dll not valid. Loading of assembly skipped.
Assembly Unity.Collections.BurstCompatibilityGen.dll at Library/ScriptAssemblies/Unity.Collections.BurstCompatibilityGen.dll not valid. Loading of assembly skipped.
Assembly Unity.Collections.DocCodeSamples.dll at Library/ScriptAssemblies/Unity.Collections.DocCodeSamples.dll not valid. Loading of assembly skipped.
Assembly Unity.Collections.PerformanceTests.dll at Library/ScriptAssemblies/Unity.Collections.PerformanceTests.dll not valid. Loading of assembly skipped.
Assembly Unity.Collections.Tests.dll at Library/ScriptAssemblies/Unity.Collections.Tests.dll not valid. Loading of assembly skipped.
Assembly Unity.Collections.Tests.Playmode.dll at Library/ScriptAssemblies/Unity.Collections.Tests.Playmode.dll not valid. Loading of assembly skipped.
Assembly Unity.InputSystem.IntegrationTests.dll at Library/ScriptAssemblies/Unity.InputSystem.IntegrationTests.dll not valid. Loading of assembly skipped.
Assembly Unity.Mathematics.Tests.dll at Library/ScriptAssemblies/Unity.Mathematics.Tests.dll not valid. Loading of assembly skipped.
Assembly Unity.Multiplayer.Center.Editor.Tests.dll at Library/ScriptAssemblies/Unity.Multiplayer.Center.Editor.Tests.dll not valid. Loading of assembly skipped.
Assembly Unity.Multiplayer.Center.Tests.dll at Library/ScriptAssemblies/Unity.Multiplayer.Center.Tests.dll not valid. Loading of assembly skipped.
Assembly Unity.Nuget.Mono-Cecil.dll at Library/ScriptAssemblies/Unity.Nuget.Mono-Cecil.dll not valid. Loading of assembly skipped.
Assembly Unity.PathTracing.Editor.Tests.dll at Library/ScriptAssemblies/Unity.PathTracing.Editor.Tests.dll not valid. Loading of assembly skipped.
Assembly Unity.PathTracing.Runtime.Tests.dll at Library/ScriptAssemblies/Unity.PathTracing.Runtime.Tests.dll not valid. Loading of assembly skipped.
Assembly Unity.RenderPipelines.Core.Editor.Tests.dll at Library/ScriptAssemblies/Unity.RenderPipelines.Core.Editor.Tests.dll not valid. Loading of assembly skipped.
Assembly Unity.RenderPipelines.Core.Runtime.Tests.dll at Library/ScriptAssemblies/Unity.RenderPipelines.Core.Runtime.Tests.dll not valid. Loading of assembly skipped.
Assembly Unity.RenderPipelines.Universal.Config.Editor.Tests.dll at Library/ScriptAssemblies/Unity.RenderPipelines.Universal.Config.Editor.Tests.dll not valid. Loading of assembly skipped.
Assembly Unity.RenderPipelines.Universal.Editor.Tests.dll at Library/ScriptAssemblies/Unity.RenderPipelines.Universal.Editor.Tests.dll not valid. Loading of assembly skipped.
Assembly Unity.RenderPipelines.Universal.Runtime.Tests.dll at Library/ScriptAssemblies/Unity.RenderPipelines.Universal.Runtime.Tests.dll not valid. Loading of assembly skipped.
Assembly Unity.Searcher.EditorTests.dll at Library/ScriptAssemblies/Unity.Searcher.EditorTests.dll not valid. Loading of assembly skipped.
Assembly Unity.ShaderGraph.Editor.Tests.dll at Library/ScriptAssemblies/Unity.ShaderGraph.Editor.Tests.dll not valid. Loading of assembly skipped.
Assembly Unity.TextMeshPro.Editor.Tests.dll at Library/ScriptAssemblies/Unity.TextMeshPro.Editor.Tests.dll not valid. Loading of assembly skipped.
Assembly Unity.TextMeshPro.Tests.dll at Library/ScriptAssemblies/Unity.TextMeshPro.Tests.dll not valid. Loading of assembly skipped.
Assembly Unity.UnifiedRayTracing.Editor.Tests.dll at Library/ScriptAssemblies/Unity.UnifiedRayTracing.Editor.Tests.dll not valid. Loading of assembly skipped.
Assembly UnityEditor.UI.Common.Tests.dll at Library/ScriptAssemblies/UnityEditor.UI.Common.Tests.dll not valid. Loading of assembly skipped.
Assembly UnityEditor.UI.EditorTests.dll at Library/ScriptAssemblies/UnityEditor.UI.EditorTests.dll not valid. Loading of assembly skipped.
Assembly UnityEngine.UI.Tests.dll at Library/ScriptAssemblies/UnityEngine.UI.Tests.dll not valid. Loading of assembly skipped.
Native extension for OSXStandalone target not found
Native extension for WebGL target not found
[Package Manager] Failed to launch server process. Reason: Unity was launched with the -noUpm command-line argument
[Package Manager] Unable to send message (not connected to server process).
[Package Manager] Cannot connect to Unity Package Manager local server
[Package Manager] Failed to launch server process. Reason: Unity was launched with the -noUpm command-line argument
[Package Manager] Unable to send message (not connected to server process).
[Package Manager] Cannot connect to Unity Package Manager local server
ScheduleIndexationOnStartup MainProcess:False IndexOnStartup:True
Mono: successfully reloaded assembly
- Finished resetting the current domain, in  1.266 seconds
Domain Reload Profiling: 2117ms
	BeginReloadAssembly (265ms)
		DisableScriptedObjects (9ms)
		CreateAndSetChildDomain (104ms)
	RebuildCommonClasses (48ms)
	RebuildNativeTypeToScriptingClass (17ms)
	initialDomainReloadingComplete (48ms)
	LoadAllAssembliesAndSetupDomain (473ms)
		LoadAssemblies (319ms)
		AnalyzeDomain (217ms)
			TypeCache.Refresh (10ms)
			BuildScriptInfoCaches (192ms)
			ResolveRequiredComponents (12ms)
	FinalizeReload (1267ms)
		SetupLoadedEditorAssemblies (0ms)
			InitializePlatformSupportModulesInManaged (3ms)
			BeforeProcessingInitializeOnLoad (201ms)
			ProcessInitializeOnLoadAttributes (607ms)
			ProcessInitializeOnLoadMethodAttributes (161ms)
			AfterProcessingInitializeOnLoad (3ms)
		AwakeInstancesAfterBackupRestoration (28ms)
WARNING: Shader Unsupported: 'Universal Render Pipeline/VR/SpatialMapping/Wireframe' - All subshaders removed
WARNING: Shader Did you use #pragma only_renderers and omit this platform?
WARNING: Shader If subshaders removal was intentional, you may have forgotten turning Fallback off?
Shader Hidden/ChartRasterizerHardware is not supported: GPU does not support conservative rasterization
Unloading 26 Unused Serialized files (Serialized files now loaded: 0)
Unloading 6534 unused Assets / (3.2 MB). Loaded Objects now: 7418.
Memory consumption went from 230.2 MB to 227.0 MB.
Total: 22.925167 ms (FindLiveObjects: 1.563000 ms CreateObjectMapping: 2.117333 ms MarkObjects: 13.738041 ms  DeleteObjects: 5.505292 ms)

Prepare: number of updated asset objects reloaded= 0
========================================================================
Received Prepare
Begin MonoManager ReloadAssembly
[Licensing::Client] Successfully resolved entitlement details
Thread 0x16daff000 may have been prematurely finalized
Assembly Assembly-CSharp-Editor-firstpass.dll at Library/ScriptAssemblies/Assembly-CSharp-Editor-firstpass.dll not valid. Loading of assembly skipped.
Assembly Assembly-CSharp-firstpass.dll at Library/ScriptAssemblies/Assembly-CSharp-firstpass.dll not valid. Loading of assembly skipped.
Assembly DocCodeExamples.dll at Library/ScriptAssemblies/DocCodeExamples.dll not valid. Loading of assembly skipped.
Assembly TestNewCustomAssembly.dll at Library/ScriptAssemblies/TestNewCustomAssembly.dll not valid. Loading of assembly skipped.
Assembly Unity.Collections.BurstCompatibilityGen.dll at Library/ScriptAssemblies/Unity.Collections.BurstCompatibilityGen.dll not valid. Loading of assembly skipped.
Assembly Unity.Collections.DocCodeSamples.dll at Library/ScriptAssemblies/Unity.Collections.DocCodeSamples.dll not valid. Loading of assembly skipped.
Assembly Unity.Collections.PerformanceTests.dll at Library/ScriptAssemblies/Unity.Collections.PerformanceTests.dll not valid. Loading of assembly skipped.
Assembly Unity.Collections.Tests.dll at Library/ScriptAssemblies/Unity.Collections.Tests.dll not valid. Loading of assembly skipped.
Assembly Unity.Collections.Tests.Playmode.dll at Library/ScriptAssemblies/Unity.Collections.Tests.Playmode.dll not valid. Loading of assembly skipped.
Assembly Unity.InputSystem.IntegrationTests.dll at Library/ScriptAssemblies/Unity.InputSystem.IntegrationTests.dll not valid. Loading of assembly skipped.
Assembly Unity.Mathematics.Tests.dll at Library/ScriptAssemblies/Unity.Mathematics.Tests.dll not valid. Loading of assembly skipped.
Assembly Unity.Multiplayer.Center.Editor.Tests.dll at Library/ScriptAssemblies/Unity.Multiplayer.Center.Editor.Tests.dll not valid. Loading of assembly skipped.
Assembly Unity.Multiplayer.Center.Tests.dll at Library/ScriptAssemblies/Unity.Multiplayer.Center.Tests.dll not valid. Loading of assembly skipped.
Assembly Unity.Nuget.Mono-Cecil.dll at Library/ScriptAssemblies/Unity.Nuget.Mono-Cecil.dll not valid. Loading of assembly skipped.
Assembly Unity.PathTracing.Editor.Tests.dll at Library/ScriptAssemblies/Unity.PathTracing.Editor.Tests.dll not valid. Loading of assembly skipped.
Assembly Unity.PathTracing.Runtime.Tests.dll at Library/ScriptAssemblies/Unity.PathTracing.Runtime.Tests.dll not valid. Loading of assembly skipped.
Assembly Unity.RenderPipelines.Core.Editor.Tests.dll at Library/ScriptAssemblies/Unity.RenderPipelines.Core.Editor.Tests.dll not valid. Loading of assembly skipped.
Assembly Unity.RenderPipelines.Core.Runtime.Tests.dll at Library/ScriptAssemblies/Unity.RenderPipelines.Core.Runtime.Tests.dll not valid. Loading of assembly skipped.
Assembly Unity.RenderPipelines.Universal.Config.Editor.Tests.dll at Library/ScriptAssemblies/Unity.RenderPipelines.Universal.Config.Editor.Tests.dll not valid. Loading of assembly skipped.
Assembly Unity.RenderPipelines.Universal.Editor.Tests.dll at Library/ScriptAssemblies/Unity.RenderPipelines.Universal.Editor.Tests.dll not valid. Loading of assembly skipped.
Assembly Unity.RenderPipelines.Universal.Runtime.Tests.dll at Library/ScriptAssemblies/Unity.RenderPipelines.Universal.Runtime.Tests.dll not valid. Loading of assembly skipped.
Assembly Unity.Searcher.EditorTests.dll at Library/ScriptAssemblies/Unity.Searcher.EditorTests.dll not valid. Loading of assembly skipped.
Assembly Unity.ShaderGraph.Editor.Tests.dll at Library/ScriptAssemblies/Unity.ShaderGraph.Editor.Tests.dll not valid. Loading of assembly skipped.
Assembly Unity.TextMeshPro.Editor.Tests.dll at Library/ScriptAssemblies/Unity.TextMeshPro.Editor.Tests.dll not valid. Loading of assembly skipped.
Assembly Unity.TextMeshPro.Tests.dll at Library/ScriptAssemblies/Unity.TextMeshPro.Tests.dll not valid. Loading of assembly skipped.
Assembly Unity.UnifiedRayTracing.Editor.Tests.dll at Library/ScriptAssemblies/Unity.UnifiedRayTracing.Editor.Tests.dll not valid. Loading of assembly skipped.
Assembly UnityEditor.UI.Common.Tests.dll at Library/ScriptAssemblies/UnityEditor.UI.Common.Tests.dll not valid. Loading of assembly skipped.
Assembly UnityEditor.UI.EditorTests.dll at Library/ScriptAssemblies/UnityEditor.UI.EditorTests.dll not valid. Loading of assembly skipped.
Assembly UnityEngine.UI.Tests.dll at Library/ScriptAssemblies/UnityEngine.UI.Tests.dll not valid. Loading of assembly skipped.
Native extension for OSXStandalone target not found
Native extension for WebGL target not found
[Package Manager] Failed to launch server process. Reason: Unity was launched with the -noUpm command-line argument
[Package Manager] Unable to send message (not connected to server process).
[Package Manager] Cannot connect to Unity Package Manager local server
[Package Manager] Failed to launch server process. Reason: Unity was launched with the -noUpm command-line argument
[Package Manager] Unable to send message (not connected to server process).
[Package Manager] Cannot connect to Unity Package Manager local server
ScheduleIndexationOnStartup MainProcess:False IndexOnStartup:True
Mono: successfully reloaded assembly
- Finished resetting the current domain, in  0.419 seconds
Domain Reload Profiling: 959ms
	BeginReloadAssembly (167ms)
		DisableScriptedObjects (8ms)
		CreateAndSetChildDomain (64ms)
	RebuildCommonClasses (27ms)
	RebuildNativeTypeToScriptingClass (9ms)
	initialDomainReloadingComplete (40ms)
	LoadAllAssembliesAndSetupDomain (296ms)
		LoadAssemblies (198ms)
		AnalyzeDomain (126ms)
			TypeCache.Refresh (9ms)
			BuildScriptInfoCaches (110ms)
			ResolveRequiredComponents (6ms)
	FinalizeReload (419ms)
		SetupLoadedEditorAssemblies (0ms)
			BeforeProcessingInitializeOnLoad (85ms)
			ProcessInitializeOnLoadAttributes (170ms)
			ProcessInitializeOnLoadMethodAttributes (41ms)
		AwakeInstancesAfterBackupRestoration (7ms)
WARNING: Shader Unsupported: 'Universal Render Pipeline/VR/SpatialMapping/Wireframe' - All subshaders removed
WARNING: Shader Did you use #pragma only_renderers and omit this platform?
WARNING: Shader If subshaders removal was intentional, you may have forgotten turning Fallback off?
Shader Hidden/ChartRasterizerHardware is not supported: GPU does not support conservative rasterization
Unloading 26 Unused Serialized files (Serialized files now loaded: 0)
Unloading 6534 unused Assets / (4.0 MB). Loaded Objects now: 7421.
Memory consumption went from 236.0 MB to 232.0 MB.
Total: 5.574084 ms (FindLiveObjects: 0.295709 ms CreateObjectMapping: 0.123709 ms MarkObjects: 3.828209 ms  DeleteObjects: 1.325834 ms)

Prepare: number of updated asset objects reloaded= 0
========================================================================
Received Import Request.
  Time since last request: 2434.127212 seconds.
  path: Assets/PlayerController.cs
  importAddress: Guid(704ed6921865541749f2ac96658efc2e) Importer(815301076,1909f56bfc062723c751e8b465ee728b)
Start importing Assets/PlayerController.cs using Guid(704ed6921865541749f2ac96658efc2e) Importer(815301076,1909f56bfc062723c751e8b465ee728b) (PreviewImporter) -> (Import Result ID: '0e799a95abc1ff1cf6c56d1a6256e0cc') in 0.000998125 seconds [static and dynamic dependencies]. Details - ImportResultOutputID=4d156b6f1a23fc0f5ba66d212f4f3261 DependenciesID=10dcfcb1de6f3f35bc0847de256bc6d2 StaticDependenciesID=c24743aefad8c9d0ef0d8ecdc179deb0 
Number of updated asset objects reloaded before import = 0Number of asset objects unloaded after import = 0

========================================================================
Received Prepare
Begin MonoManager ReloadAssembly
Thread 0x16daff000 may have been prematurely finalized
Assembly Assembly-CSharp-Editor-firstpass.dll at Library/ScriptAssemblies/Assembly-CSharp-Editor-firstpass.dll not valid. Loading of assembly skipped.
Assembly Assembly-CSharp-firstpass.dll at Library/ScriptAssemblies/Assembly-CSharp-firstpass.dll not valid. Loading of assembly skipped.
Assembly DocCodeExamples.dll at Library/ScriptAssemblies/DocCodeExamples.dll not valid. Loading of assembly skipped.
Assembly TestNewCustomAssembly.dll at Library/ScriptAssemblies/TestNewCustomAssembly.dll not valid. Loading of assembly skipped.
Assembly Unity.Collections.BurstCompatibilityGen.dll at Library/ScriptAssemblies/Unity.Collections.BurstCompatibilityGen.dll not valid. Loading of assembly skipped.
Assembly Unity.Collections.DocCodeSamples.dll at Library/ScriptAssemblies/Unity.Collections.DocCodeSamples.dll not valid. Loading of assembly skipped.
Assembly Unity.Collections.PerformanceTests.dll at Library/ScriptAssemblies/Unity.Collections.PerformanceTests.dll not valid. Loading of assembly skipped.
Assembly Unity.Collections.Tests.dll at Library/ScriptAssemblies/Unity.Collections.Tests.dll not valid. Loading of assembly skipped.
Assembly Unity.Collections.Tests.Playmode.dll at Library/ScriptAssemblies/Unity.Collections.Tests.Playmode.dll not valid. Loading of assembly skipped.
Assembly Unity.InputSystem.IntegrationTests.dll at Library/ScriptAssemblies/Unity.InputSystem.IntegrationTests.dll not valid. Loading of assembly skipped.
Assembly Unity.Mathematics.Tests.dll at Library/ScriptAssemblies/Unity.Mathematics.Tests.dll not valid. Loading of assembly skipped.
Assembly Unity.Multiplayer.Center.Editor.Tests.dll at Library/ScriptAssemblies/Unity.Multiplayer.Center.Editor.Tests.dll not valid. Loading of assembly skipped.
Assembly Unity.Multiplayer.Center.Tests.dll at Library/ScriptAssemblies/Unity.Multiplayer.Center.Tests.dll not valid. Loading of assembly skipped.
Assembly Unity.Nuget.Mono-Cecil.dll at Library/ScriptAssemblies/Unity.Nuget.Mono-Cecil.dll not valid. Loading of assembly skipped.
Assembly Unity.PathTracing.Editor.Tests.dll at Library/ScriptAssemblies/Unity.PathTracing.Editor.Tests.dll not valid. Loading of assembly skipped.
Assembly Unity.PathTracing.Runtime.Tests.dll at Library/ScriptAssemblies/Unity.PathTracing.Runtime.Tests.dll not valid. Loading of assembly skipped.
Assembly Unity.RenderPipelines.Core.Editor.Tests.dll at Library/ScriptAssemblies/Unity.RenderPipelines.Core.Editor.Tests.dll not valid. Loading of assembly skipped.
Assembly Unity.RenderPipelines.Core.Runtime.Tests.dll at Library/ScriptAssemblies/Unity.RenderPipelines.Core.Runtime.Tests.dll not valid. Loading of assembly skipped.
Assembly Unity.RenderPipelines.Universal.Config.Editor.Tests.dll at Library/ScriptAssemblies/Unity.RenderPipelines.Universal.Config.Editor.Tests.dll not valid. Loading of assembly skipped.
Assembly Unity.RenderPipelines.Universal.Editor.Tests.dll at Library/ScriptAssemblies/Unity.RenderPipelines.Universal.Editor.Tests.dll not valid. Loading of assembly skipped.
Assembly Unity.RenderPipelines.Universal.Runtime.Tests.dll at Library/ScriptAssemblies/Unity.RenderPipelines.Universal.Runtime.Tests.dll not valid. Loading of assembly skipped.
Assembly Unity.Searcher.EditorTests.dll at Library/ScriptAssemblies/Unity.Searcher.EditorTests.dll not valid. Loading of assembly skipped.
Assembly Unity.ShaderGraph.Editor.Tests.dll at Library/ScriptAssemblies/Unity.ShaderGraph.Editor.Tests.dll not valid. Loading of assembly skipped.
Assembly Unity.TextMeshPro.Editor.Tests.dll at Library/ScriptAssemblies/Unity.TextMeshPro.Editor.Tests.dll not valid. Loading of assembly skipped.
Assembly Unity.TextMeshPro.Tests.dll at Library/ScriptAssemblies/Unity.TextMeshPro.Tests.dll not valid. Loading of assembly skipped.
Assembly Unity.UnifiedRayTracing.Editor.Tests.dll at Library/ScriptAssemblies/Unity.UnifiedRayTracing.Editor.Tests.dll not valid. Loading of assembly skipped.
Assembly UnityEditor.UI.Common.Tests.dll at Library/ScriptAssemblies/UnityEditor.UI.Common.Tests.dll not valid. Loading of assembly skipped.
Assembly UnityEditor.UI.EditorTests.dll at Library/ScriptAssemblies/UnityEditor.UI.EditorTests.dll not valid. Loading of assembly skipped.
Assembly UnityEngine.UI.Tests.dll at Library/ScriptAssemblies/UnityEngine.UI.Tests.dll not valid. Loading of assembly skipped.
Native extension for OSXStandalone target not found
Native extension for WebGL target not found
[Package Manager] Failed to launch server process. Reason: Unity was launched with the -noUpm command-line argument
[Package Manager] Unable to send message (not connected to server process).
[Package Manager] Cannot connect to Unity Package Manager local server
[Package Manager] Failed to launch server process. Reason: Unity was launched with the -noUpm command-line argument
[Package Manager] Unable to send message (not connected to server process).
[Package Manager] Cannot connect to Unity Package Manager local server
ScheduleIndexationOnStartup MainProcess:False IndexOnStartup:True
Mono: successfully reloaded assembly
- Finished resetting the current domain, in  0.427 seconds
Domain Reload Profiling: 831ms
	BeginReloadAssembly (108ms)
		DisableScriptedObjects (3ms)
		CreateAndSetChildDomain (42ms)
	RebuildCommonClasses (23ms)
	RebuildNativeTypeToScriptingClass (8ms)
	initialDomainReloadingComplete (20ms)
	LoadAllAssembliesAndSetupDomain (244ms)
		LoadAssemblies (163ms)
		AnalyzeDomain (105ms)
			TypeCache.Refresh (5ms)
			BuildScriptInfoCaches (93ms)
			ResolveRequiredComponents (6ms)
	FinalizeReload (427ms)
		SetupLoadedEditorAssemblies (0ms)
			BeforeProcessingInitializeOnLoad (84ms)
			ProcessInitializeOnLoadAttributes (176ms)
			ProcessInitializeOnLoadMethodAttributes (54ms)
		AwakeInstancesAfterBackupRestoration (9ms)
WARNING: Shader Unsupported: 'Universal Render Pipeline/VR/SpatialMapping/Wireframe' - All subshaders removed
WARNING: Shader Did you use #pragma only_renderers and omit this platform?
WARNING: Shader If subshaders removal was intentional, you may have forgotten turning Fallback off?
Shader Hidden/ChartRasterizerHardware is not supported: GPU does not support conservative rasterization
Unloading 26 Unused Serialized files (Serialized files now loaded: 0)
Unloading 6534 unused Assets / (4.1 MB). Loaded Objects now: 7424.
Memory consumption went from 241.8 MB to 237.6 MB.
Total: 6.126750 ms (FindLiveObjects: 0.398250 ms CreateObjectMapping: 0.115250 ms MarkObjects: 4.158291 ms  DeleteObjects: 1.454167 ms)

Prepare: number of updated asset objects reloaded= 0
========================================================================
Received Prepare
Begin MonoManager ReloadAssembly
[Licensing::Client] Successfully resolved entitlement details
Thread 0x16daff000 may have been prematurely finalized
Assembly Assembly-CSharp-Editor-firstpass.dll at Library/ScriptAssemblies/Assembly-CSharp-Editor-firstpass.dll not valid. Loading of assembly skipped.
Assembly Assembly-CSharp-firstpass.dll at Library/ScriptAssemblies/Assembly-CSharp-firstpass.dll not valid. Loading of assembly skipped.
Assembly DocCodeExamples.dll at Library/ScriptAssemblies/DocCodeExamples.dll not valid. Loading of assembly skipped.
Assembly TestNewCustomAssembly.dll at Library/ScriptAssemblies/TestNewCustomAssembly.dll not valid. Loading of assembly skipped.
Assembly Unity.Collections.BurstCompatibilityGen.dll at Library/ScriptAssemblies/Unity.Collections.BurstCompatibilityGen.dll not valid. Loading of assembly skipped.
Assembly Unity.Collections.DocCodeSamples.dll at Library/ScriptAssemblies/Unity.Collections.DocCodeSamples.dll not valid. Loading of assembly skipped.
Assembly Unity.Collections.PerformanceTests.dll at Library/ScriptAssemblies/Unity.Collections.PerformanceTests.dll not valid. Loading of assembly skipped.
Assembly Unity.Collections.Tests.dll at Library/ScriptAssemblies/Unity.Collections.Tests.dll not valid. Loading of assembly skipped.
Assembly Unity.Collections.Tests.Playmode.dll at Library/ScriptAssemblies/Unity.Collections.Tests.Playmode.dll not valid. Loading of assembly skipped.
Assembly Unity.InputSystem.IntegrationTests.dll at Library/ScriptAssemblies/Unity.InputSystem.IntegrationTests.dll not valid. Loading of assembly skipped.
Assembly Unity.Mathematics.Tests.dll at Library/ScriptAssemblies/Unity.Mathematics.Tests.dll not valid. Loading of assembly skipped.
Assembly Unity.Multiplayer.Center.Editor.Tests.dll at Library/ScriptAssemblies/Unity.Multiplayer.Center.Editor.Tests.dll not valid. Loading of assembly skipped.
Assembly Unity.Multiplayer.Center.Tests.dll at Library/ScriptAssemblies/Unity.Multiplayer.Center.Tests.dll not valid. Loading of assembly skipped.
Assembly Unity.Nuget.Mono-Cecil.dll at Library/ScriptAssemblies/Unity.Nuget.Mono-Cecil.dll not valid. Loading of assembly skipped.
Assembly Unity.PathTracing.Editor.Tests.dll at Library/ScriptAssemblies/Unity.PathTracing.Editor.Tests.dll not valid. Loading of assembly skipped.
Assembly Unity.PathTracing.Runtime.Tests.dll at Library/ScriptAssemblies/Unity.PathTracing.Runtime.Tests.dll not valid. Loading of assembly skipped.
Assembly Unity.RenderPipelines.Core.Editor.Tests.dll at Library/ScriptAssemblies/Unity.RenderPipelines.Core.Editor.Tests.dll not valid. Loading of assembly skipped.
Assembly Unity.RenderPipelines.Core.Runtime.Tests.dll at Library/ScriptAssemblies/Unity.RenderPipelines.Core.Runtime.Tests.dll not valid. Loading of assembly skipped.
Assembly Unity.RenderPipelines.Universal.Config.Editor.Tests.dll at Library/ScriptAssemblies/Unity.RenderPipelines.Universal.Config.Editor.Tests.dll not valid. Loading of assembly skipped.
Assembly Unity.RenderPipelines.Universal.Editor.Tests.dll at Library/ScriptAssemblies/Unity.RenderPipelines.Universal.Editor.Tests.dll not valid. Loading of assembly skipped.
Assembly Unity.RenderPipelines.Universal.Runtime.Tests.dll at Library/ScriptAssemblies/Unity.RenderPipelines.Universal.Runtime.Tests.dll not valid. Loading of assembly skipped.
Assembly Unity.Searcher.EditorTests.dll at Library/ScriptAssemblies/Unity.Searcher.EditorTests.dll not valid. Loading of assembly skipped.
Assembly Unity.ShaderGraph.Editor.Tests.dll at Library/ScriptAssemblies/Unity.ShaderGraph.Editor.Tests.dll not valid. Loading of assembly skipped.
Assembly Unity.TextMeshPro.Editor.Tests.dll at Library/ScriptAssemblies/Unity.TextMeshPro.Editor.Tests.dll not valid. Loading of assembly skipped.
Assembly Unity.TextMeshPro.Tests.dll at Library/ScriptAssemblies/Unity.TextMeshPro.Tests.dll not valid. Loading of assembly skipped.
Assembly Unity.UnifiedRayTracing.Editor.Tests.dll at Library/ScriptAssemblies/Unity.UnifiedRayTracing.Editor.Tests.dll not valid. Loading of assembly skipped.
Assembly UnityEditor.UI.Common.Tests.dll at Library/ScriptAssemblies/UnityEditor.UI.Common.Tests.dll not valid. Loading of assembly skipped.
Assembly UnityEditor.UI.EditorTests.dll at Library/ScriptAssemblies/UnityEditor.UI.EditorTests.dll not valid. Loading of assembly skipped.
Assembly UnityEngine.UI.Tests.dll at Library/ScriptAssemblies/UnityEngine.UI.Tests.dll not valid. Loading of assembly skipped.
Native extension for OSXStandalone target not found
Native extension for WebGL target not found
[Package Manager] Failed to launch server process. Reason: Unity was launched with the -noUpm command-line argument
[Package Manager] Unable to send message (not connected to server process).
[Package Manager] Cannot connect to Unity Package Manager local server
[Package Manager] Failed to launch server process. Reason: Unity was launched with the -noUpm command-line argument
[Package Manager] Unable to send message (not connected to server process).
[Package Manager] Cannot connect to Unity Package Manager local server
ScheduleIndexationOnStartup MainProcess:False IndexOnStartup:True
Mono: successfully reloaded assembly
- Finished resetting the current domain, in  0.725 seconds
Domain Reload Profiling: 1341ms
	BeginReloadAssembly (181ms)
		DisableScriptedObjects (10ms)
		CreateAndSetChildDomain (73ms)
	RebuildCommonClasses (28ms)
	RebuildNativeTypeToScriptingClass (10ms)
	initialDomainReloadingComplete (30ms)
	LoadAllAssembliesAndSetupDomain (366ms)
		LoadAssemblies (247ms)
		AnalyzeDomain (156ms)
			TypeCache.Refresh (8ms)
			BuildScriptInfoCaches (138ms)
			ResolveRequiredComponents (8ms)
	FinalizeReload (726ms)
		SetupLoadedEditorAssemblies (0ms)
			BeforeProcessingInitializeOnLoad (123ms)
			ProcessInitializeOnLoadAttributes (322ms)
			ProcessInitializeOnLoadMethodAttributes (104ms)
		AwakeInstancesAfterBackupRestoration (19ms)
WARNING: Shader Unsupported: 'Universal Render Pipeline/VR/SpatialMapping/Wireframe' - All subshaders removed
WARNING: Shader Did you use #pragma only_renderers and omit this platform?
WARNING: Shader If subshaders removal was intentional, you may have forgotten turning Fallback off?
Shader Hidden/ChartRasterizerHardware is not supported: GPU does not support conservative rasterization
Unloading 26 Unused Serialized files (Serialized files now loaded: 0)
Unloading 6534 unused Assets / (5.8 MB). Loaded Objects now: 7427.
Memory consumption went from 247.6 MB to 241.8 MB.
Total: 17.566833 ms (FindLiveObjects: 1.276916 ms CreateObjectMapping: 1.004584 ms MarkObjects: 10.105959 ms  DeleteObjects: 5.177750 ms)

Prepare: number of updated asset objects reloaded= 0
========================================================================
Received Prepare
Begin MonoManager ReloadAssembly
[Licensing::Client] Successfully resolved entitlement details
Thread 0x16da73000 may have been prematurely finalized
Assembly Assembly-CSharp-Editor-firstpass.dll at Library/ScriptAssemblies/Assembly-CSharp-Editor-firstpass.dll not valid. Loading of assembly skipped.
Assembly Assembly-CSharp-firstpass.dll at Library/ScriptAssemblies/Assembly-CSharp-firstpass.dll not valid. Loading of assembly skipped.
Assembly DocCodeExamples.dll at Library/ScriptAssemblies/DocCodeExamples.dll not valid. Loading of assembly skipped.
Assembly TestNewCustomAssembly.dll at Library/ScriptAssemblies/TestNewCustomAssembly.dll not valid. Loading of assembly skipped.
Assembly Unity.Collections.BurstCompatibilityGen.dll at Library/ScriptAssemblies/Unity.Collections.BurstCompatibilityGen.dll not valid. Loading of assembly skipped.
Assembly Unity.Collections.DocCodeSamples.dll at Library/ScriptAssemblies/Unity.Collections.DocCodeSamples.dll not valid. Loading of assembly skipped.
Assembly Unity.Collections.PerformanceTests.dll at Library/ScriptAssemblies/Unity.Collections.PerformanceTests.dll not valid. Loading of assembly skipped.
Assembly Unity.Collections.Tests.dll at Library/ScriptAssemblies/Unity.Collections.Tests.dll not valid. Loading of assembly skipped.
Assembly Unity.Collections.Tests.Playmode.dll at Library/ScriptAssemblies/Unity.Collections.Tests.Playmode.dll not valid. Loading of assembly skipped.
Assembly Unity.InputSystem.IntegrationTests.dll at Library/ScriptAssemblies/Unity.InputSystem.IntegrationTests.dll not valid. Loading of assembly skipped.
Assembly Unity.Mathematics.Tests.dll at Library/ScriptAssemblies/Unity.Mathematics.Tests.dll not valid. Loading of assembly skipped.
Assembly Unity.Multiplayer.Center.Editor.Tests.dll at Library/ScriptAssemblies/Unity.Multiplayer.Center.Editor.Tests.dll not valid. Loading of assembly skipped.
Assembly Unity.Multiplayer.Center.Tests.dll at Library/ScriptAssemblies/Unity.Multiplayer.Center.Tests.dll not valid. Loading of assembly skipped.
Assembly Unity.Nuget.Mono-Cecil.dll at Library/ScriptAssemblies/Unity.Nuget.Mono-Cecil.dll not valid. Loading of assembly skipped.
Assembly Unity.PathTracing.Editor.Tests.dll at Library/ScriptAssemblies/Unity.PathTracing.Editor.Tests.dll not valid. Loading of assembly skipped.
Assembly Unity.PathTracing.Runtime.Tests.dll at Library/ScriptAssemblies/Unity.PathTracing.Runtime.Tests.dll not valid. Loading of assembly skipped.
Assembly Unity.RenderPipelines.Core.Editor.Tests.dll at Library/ScriptAssemblies/Unity.RenderPipelines.Core.Editor.Tests.dll not valid. Loading of assembly skipped.
Assembly Unity.RenderPipelines.Core.Runtime.Tests.dll at Library/ScriptAssemblies/Unity.RenderPipelines.Core.Runtime.Tests.dll not valid. Loading of assembly skipped.
Assembly Unity.RenderPipelines.Universal.Config.Editor.Tests.dll at Library/ScriptAssemblies/Unity.RenderPipelines.Universal.Config.Editor.Tests.dll not valid. Loading of assembly skipped.
Assembly Unity.RenderPipelines.Universal.Editor.Tests.dll at Library/ScriptAssemblies/Unity.RenderPipelines.Universal.Editor.Tests.dll not valid. Loading of assembly skipped.
Assembly Unity.RenderPipelines.Universal.Runtime.Tests.dll at Library/ScriptAssemblies/Unity.RenderPipelines.Universal.Runtime.Tests.dll not valid. Loading of assembly skipped.
Assembly Unity.Searcher.EditorTests.dll at Library/ScriptAssemblies/Unity.Searcher.EditorTests.dll not valid. Loading of assembly skipped.
Assembly Unity.ShaderGraph.Editor.Tests.dll at Library/ScriptAssemblies/Unity.ShaderGraph.Editor.Tests.dll not valid. Loading of assembly skipped.
Assembly Unity.TextMeshPro.Editor.Tests.dll at Library/ScriptAssemblies/Unity.TextMeshPro.Editor.Tests.dll not valid. Loading of assembly skipped.
Assembly Unity.TextMeshPro.Tests.dll at Library/ScriptAssemblies/Unity.TextMeshPro.Tests.dll not valid. Loading of assembly skipped.
Assembly Unity.UnifiedRayTracing.Editor.Tests.dll at Library/ScriptAssemblies/Unity.UnifiedRayTracing.Editor.Tests.dll not valid. Loading of assembly skipped.
Assembly UnityEditor.UI.Common.Tests.dll at Library/ScriptAssemblies/UnityEditor.UI.Common.Tests.dll not valid. Loading of assembly skipped.
Assembly UnityEditor.UI.EditorTests.dll at Library/ScriptAssemblies/UnityEditor.UI.EditorTests.dll not valid. Loading of assembly skipped.
Assembly UnityEngine.UI.Tests.dll at Library/ScriptAssemblies/UnityEngine.UI.Tests.dll not valid. Loading of assembly skipped.
Native extension for OSXStandalone target not found
Native extension for WebGL target not found
[Package Manager] Failed to launch server process. Reason: Unity was launched with the -noUpm command-line argument
[Package Manager] Unable to send message (not connected to server process).
[Package Manager] Cannot connect to Unity Package Manager local server
[Package Manager] Failed to launch server process. Reason: Unity was launched with the -noUpm command-line argument
[Package Manager] Unable to send message (not connected to server process).
[Package Manager] Cannot connect to Unity Package Manager local server
ScheduleIndexationOnStartup MainProcess:False IndexOnStartup:True
Mono: successfully reloaded assembly
- Finished resetting the current domain, in  0.530 seconds
Domain Reload Profiling: 1046ms
	BeginReloadAssembly (181ms)
		DisableScriptedObjects (14ms)
		CreateAndSetChildDomain (65ms)
	RebuildCommonClasses (23ms)
	RebuildNativeTypeToScriptingClass (9ms)
	initialDomainReloadingComplete (25ms)
	LoadAllAssembliesAndSetupDomain (279ms)
		LoadAssemblies (190ms)
		AnalyzeDomain (120ms)
			TypeCache.Refresh (6ms)
			BuildScriptInfoCaches (105ms)
			ResolveRequiredComponents (6ms)
	FinalizeReload (530ms)
		SetupLoadedEditorAssemblies (0ms)
			BeforeProcessingInitializeOnLoad (101ms)
			ProcessInitializeOnLoadAttributes (216ms)
			ProcessInitializeOnLoadMethodAttributes (75ms)
		AwakeInstancesAfterBackupRestoration (13ms)
WARNING: Shader Unsupported: 'Universal Render Pipeline/VR/SpatialMapping/Wireframe' - All subshaders removed
WARNING: Shader Did you use #pragma only_renderers and omit this platform?
WARNING: Shader If subshaders removal was intentional, you may have forgotten turning Fallback off?
Shader Hidden/ChartRasterizerHardware is not supported: GPU does not support conservative rasterization
Unloading 26 Unused Serialized files (Serialized files now loaded: 0)
Unloading 6534 unused Assets / (4.2 MB). Loaded Objects now: 7430.
Memory consumption went from 253.4 MB to 249.2 MB.
Total: 9.730709 ms (FindLiveObjects: 0.465417 ms CreateObjectMapping: 0.241250 ms MarkObjects: 7.066834 ms  DeleteObjects: 1.956500 ms)

Prepare: number of updated asset objects reloaded= 0
========================================================================
Received Prepare
Begin MonoManager ReloadAssembly
[Licensing::Client] Successfully resolved entitlement details
Thread 0x16da73000 may have been prematurely finalized
Assembly Assembly-CSharp-Editor-firstpass.dll at Library/ScriptAssemblies/Assembly-CSharp-Editor-firstpass.dll not valid. Loading of assembly skipped.
Assembly Assembly-CSharp-firstpass.dll at Library/ScriptAssemblies/Assembly-CSharp-firstpass.dll not valid. Loading of assembly skipped.
Assembly DocCodeExamples.dll at Library/ScriptAssemblies/DocCodeExamples.dll not valid. Loading of assembly skipped.
Assembly TestNewCustomAssembly.dll at Library/ScriptAssemblies/TestNewCustomAssembly.dll not valid. Loading of assembly skipped.
Assembly Unity.Collections.BurstCompatibilityGen.dll at Library/ScriptAssemblies/Unity.Collections.BurstCompatibilityGen.dll not valid. Loading of assembly skipped.
Assembly Unity.Collections.DocCodeSamples.dll at Library/ScriptAssemblies/Unity.Collections.DocCodeSamples.dll not valid. Loading of assembly skipped.
Assembly Unity.Collections.PerformanceTests.dll at Library/ScriptAssemblies/Unity.Collections.PerformanceTests.dll not valid. Loading of assembly skipped.
Assembly Unity.Collections.Tests.dll at Library/ScriptAssemblies/Unity.Collections.Tests.dll not valid. Loading of assembly skipped.
Assembly Unity.Collections.Tests.Playmode.dll at Library/ScriptAssemblies/Unity.Collections.Tests.Playmode.dll not valid. Loading of assembly skipped.
Assembly Unity.InputSystem.IntegrationTests.dll at Library/ScriptAssemblies/Unity.InputSystem.IntegrationTests.dll not valid. Loading of assembly skipped.
Assembly Unity.Mathematics.Tests.dll at Library/ScriptAssemblies/Unity.Mathematics.Tests.dll not valid. Loading of assembly skipped.
Assembly Unity.Multiplayer.Center.Editor.Tests.dll at Library/ScriptAssemblies/Unity.Multiplayer.Center.Editor.Tests.dll not valid. Loading of assembly skipped.
Assembly Unity.Multiplayer.Center.Tests.dll at Library/ScriptAssemblies/Unity.Multiplayer.Center.Tests.dll not valid. Loading of assembly skipped.
Assembly Unity.Nuget.Mono-Cecil.dll at Library/ScriptAssemblies/Unity.Nuget.Mono-Cecil.dll not valid. Loading of assembly skipped.
Assembly Unity.PathTracing.Editor.Tests.dll at Library/ScriptAssemblies/Unity.PathTracing.Editor.Tests.dll not valid. Loading of assembly skipped.
Assembly Unity.PathTracing.Runtime.Tests.dll at Library/ScriptAssemblies/Unity.PathTracing.Runtime.Tests.dll not valid. Loading of assembly skipped.
Assembly Unity.RenderPipelines.Core.Editor.Tests.dll at Library/ScriptAssemblies/Unity.RenderPipelines.Core.Editor.Tests.dll not valid. Loading of assembly skipped.
Assembly Unity.RenderPipelines.Core.Runtime.Tests.dll at Library/ScriptAssemblies/Unity.RenderPipelines.Core.Runtime.Tests.dll not valid. Loading of assembly skipped.
Assembly Unity.RenderPipelines.Universal.Config.Editor.Tests.dll at Library/ScriptAssemblies/Unity.RenderPipelines.Universal.Config.Editor.Tests.dll not valid. Loading of assembly skipped.
Assembly Unity.RenderPipelines.Universal.Editor.Tests.dll at Library/ScriptAssemblies/Unity.RenderPipelines.Universal.Editor.Tests.dll not valid. Loading of assembly skipped.
Assembly Unity.RenderPipelines.Universal.Runtime.Tests.dll at Library/ScriptAssemblies/Unity.RenderPipelines.Universal.Runtime.Tests.dll not valid. Loading of assembly skipped.
Assembly Unity.Searcher.EditorTests.dll at Library/ScriptAssemblies/Unity.Searcher.EditorTests.dll not valid. Loading of assembly skipped.
Assembly Unity.ShaderGraph.Editor.Tests.dll at Library/ScriptAssemblies/Unity.ShaderGraph.Editor.Tests.dll not valid. Loading of assembly skipped.
Assembly Unity.TextMeshPro.Editor.Tests.dll at Library/ScriptAssemblies/Unity.TextMeshPro.Editor.Tests.dll not valid. Loading of assembly skipped.
Assembly Unity.TextMeshPro.Tests.dll at Library/ScriptAssemblies/Unity.TextMeshPro.Tests.dll not valid. Loading of assembly skipped.
Assembly Unity.UnifiedRayTracing.Editor.Tests.dll at Library/ScriptAssemblies/Unity.UnifiedRayTracing.Editor.Tests.dll not valid. Loading of assembly skipped.
Assembly UnityEditor.UI.Common.Tests.dll at Library/ScriptAssemblies/UnityEditor.UI.Common.Tests.dll not valid. Loading of assembly skipped.
Assembly UnityEditor.UI.EditorTests.dll at Library/ScriptAssemblies/UnityEditor.UI.EditorTests.dll not valid. Loading of assembly skipped.
Assembly UnityEngine.UI.Tests.dll at Library/ScriptAssemblies/UnityEngine.UI.Tests.dll not valid. Loading of assembly skipped.
Native extension for OSXStandalone target not found
Native extension for WebGL target not found
[Package Manager] Failed to launch server process. Reason: Unity was launched with the -noUpm command-line argument
[Package Manager] Unable to send message (not connected to server process).
[Package Manager] Cannot connect to Unity Package Manager local server
[Package Manager] Failed to launch server process. Reason: Unity was launched with the -noUpm command-line argument
[Package Manager] Unable to send message (not connected to server process).
[Package Manager] Cannot connect to Unity Package Manager local server
ScheduleIndexationOnStartup MainProcess:False IndexOnStartup:True
Mono: successfully reloaded assembly
- Finished resetting the current domain, in  0.410 seconds
Domain Reload Profiling: 918ms
	BeginReloadAssembly (171ms)
		DisableScriptedObjects (8ms)
		CreateAndSetChildDomain (73ms)
	RebuildCommonClasses (23ms)
	RebuildNativeTypeToScriptingClass (8ms)
	initialDomainReloadingComplete (30ms)
	LoadAllAssembliesAndSetupDomain (276ms)
		LoadAssemblies (188ms)
		AnalyzeDomain (118ms)
			TypeCache.Refresh (5ms)
			BuildScriptInfoCaches (105ms)
			ResolveRequiredComponents (6ms)
	FinalizeReload (410ms)
		SetupLoadedEditorAssemblies (0ms)
			BeforeProcessingInitializeOnLoad (85ms)
			ProcessInitializeOnLoadAttributes (169ms)
			ProcessInitializeOnLoadMethodAttributes (42ms)
		AwakeInstancesAfterBackupRestoration (7ms)
WARNING: Shader Unsupported: 'Universal Render Pipeline/VR/SpatialMapping/Wireframe' - All subshaders removed
WARNING: Shader Did you use #pragma only_renderers and omit this platform?
WARNING: Shader If subshaders removal was intentional, you may have forgotten turning Fallback off?
Shader Hidden/ChartRasterizerHardware is not supported: GPU does not support conservative rasterization
Unloading 26 Unused Serialized files (Serialized files now loaded: 0)
Unloading 6534 unused Assets / (4.0 MB). Loaded Objects now: 7433.
Memory consumption went from 259.2 MB to 255.2 MB.
Total: 5.700458 ms (FindLiveObjects: 0.311541 ms CreateObjectMapping: 0.120250 ms MarkObjects: 4.017167 ms  DeleteObjects: 1.250875 ms)

Prepare: number of updated asset objects reloaded= 0
========================================================================
Received Prepare
Begin MonoManager ReloadAssembly
Thread 0x16da73000 may have been prematurely finalized
Assembly Assembly-CSharp-Editor-firstpass.dll at Library/ScriptAssemblies/Assembly-CSharp-Editor-firstpass.dll not valid. Loading of assembly skipped.
Assembly Assembly-CSharp-firstpass.dll at Library/ScriptAssemblies/Assembly-CSharp-firstpass.dll not valid. Loading of assembly skipped.
Assembly DocCodeExamples.dll at Library/ScriptAssemblies/DocCodeExamples.dll not valid. Loading of assembly skipped.
Assembly TestNewCustomAssembly.dll at Library/ScriptAssemblies/TestNewCustomAssembly.dll not valid. Loading of assembly skipped.
Assembly Unity.Collections.BurstCompatibilityGen.dll at Library/ScriptAssemblies/Unity.Collections.BurstCompatibilityGen.dll not valid. Loading of assembly skipped.
Assembly Unity.Collections.DocCodeSamples.dll at Library/ScriptAssemblies/Unity.Collections.DocCodeSamples.dll not valid. Loading of assembly skipped.
Assembly Unity.Collections.PerformanceTests.dll at Library/ScriptAssemblies/Unity.Collections.PerformanceTests.dll not valid. Loading of assembly skipped.
Assembly Unity.Collections.Tests.dll at Library/ScriptAssemblies/Unity.Collections.Tests.dll not valid. Loading of assembly skipped.
Assembly Unity.Collections.Tests.Playmode.dll at Library/ScriptAssemblies/Unity.Collections.Tests.Playmode.dll not valid. Loading of assembly skipped.
Assembly Unity.InputSystem.IntegrationTests.dll at Library/ScriptAssemblies/Unity.InputSystem.IntegrationTests.dll not valid. Loading of assembly skipped.
Assembly Unity.Mathematics.Tests.dll at Library/ScriptAssemblies/Unity.Mathematics.Tests.dll not valid. Loading of assembly skipped.
Assembly Unity.Multiplayer.Center.Editor.Tests.dll at Library/ScriptAssemblies/Unity.Multiplayer.Center.Editor.Tests.dll not valid. Loading of assembly skipped.
Assembly Unity.Multiplayer.Center.Tests.dll at Library/ScriptAssemblies/Unity.Multiplayer.Center.Tests.dll not valid. Loading of assembly skipped.
Assembly Unity.Nuget.Mono-Cecil.dll at Library/ScriptAssemblies/Unity.Nuget.Mono-Cecil.dll not valid. Loading of assembly skipped.
Assembly Unity.PathTracing.Editor.Tests.dll at Library/ScriptAssemblies/Unity.PathTracing.Editor.Tests.dll not valid. Loading of assembly skipped.
Assembly Unity.PathTracing.Runtime.Tests.dll at Library/ScriptAssemblies/Unity.PathTracing.Runtime.Tests.dll not valid. Loading of assembly skipped.
Assembly Unity.RenderPipelines.Core.Editor.Tests.dll at Library/ScriptAssemblies/Unity.RenderPipelines.Core.Editor.Tests.dll not valid. Loading of assembly skipped.
Assembly Unity.RenderPipelines.Core.Runtime.Tests.dll at Library/ScriptAssemblies/Unity.RenderPipelines.Core.Runtime.Tests.dll not valid. Loading of assembly skipped.
Assembly Unity.RenderPipelines.Universal.Config.Editor.Tests.dll at Library/ScriptAssemblies/Unity.RenderPipelines.Universal.Config.Editor.Tests.dll not valid. Loading of assembly skipped.
Assembly Unity.RenderPipelines.Universal.Editor.Tests.dll at Library/ScriptAssemblies/Unity.RenderPipelines.Universal.Editor.Tests.dll not valid. Loading of assembly skipped.
Assembly Unity.RenderPipelines.Universal.Runtime.Tests.dll at Library/ScriptAssemblies/Unity.RenderPipelines.Universal.Runtime.Tests.dll not valid. Loading of assembly skipped.
Assembly Unity.Searcher.EditorTests.dll at Library/ScriptAssemblies/Unity.Searcher.EditorTests.dll not valid. Loading of assembly skipped.
Assembly Unity.ShaderGraph.Editor.Tests.dll at Library/ScriptAssemblies/Unity.ShaderGraph.Editor.Tests.dll not valid. Loading of assembly skipped.
Assembly Unity.TextMeshPro.Editor.Tests.dll at Library/ScriptAssemblies/Unity.TextMeshPro.Editor.Tests.dll not valid. Loading of assembly skipped.
Assembly Unity.TextMeshPro.Tests.dll at Library/ScriptAssemblies/Unity.TextMeshPro.Tests.dll not valid. Loading of assembly skipped.
Assembly Unity.UnifiedRayTracing.Editor.Tests.dll at Library/ScriptAssemblies/Unity.UnifiedRayTracing.Editor.Tests.dll not valid. Loading of assembly skipped.
Assembly UnityEditor.UI.Common.Tests.dll at Library/ScriptAssemblies/UnityEditor.UI.Common.Tests.dll not valid. Loading of assembly skipped.
Assembly UnityEditor.UI.EditorTests.dll at Library/ScriptAssemblies/UnityEditor.UI.EditorTests.dll not valid. Loading of assembly skipped.
Assembly UnityEngine.UI.Tests.dll at Library/ScriptAssemblies/UnityEngine.UI.Tests.dll not valid. Loading of assembly skipped.
Native extension for OSXStandalone target not found
Native extension for WebGL target not found
[Package Manager] Failed to launch server process. Reason: Unity was launched with the -noUpm command-line argument
[Package Manager] Unable to send message (not connected to server process).
[Package Manager] Cannot connect to Unity Package Manager local server
[Package Manager] Failed to launch server process. Reason: Unity was launched with the -noUpm command-line argument
[Package Manager] Unable to send message (not connected to server process).
[Package Manager] Cannot connect to Unity Package Manager local server
ScheduleIndexationOnStartup MainProcess:False IndexOnStartup:True
Mono: successfully reloaded assembly
- Finished resetting the current domain, in  0.478 seconds
Domain Reload Profiling: 1054ms
	BeginReloadAssembly (215ms)
		DisableScriptedObjects (9ms)
		CreateAndSetChildDomain (109ms)
	RebuildCommonClasses (25ms)
	RebuildNativeTypeToScriptingClass (9ms)
	initialDomainReloadingComplete (33ms)
	LoadAllAssembliesAndSetupDomain (293ms)
		LoadAssemblies (203ms)
		AnalyzeDomain (125ms)
			TypeCache.Refresh (8ms)
			BuildScriptInfoCaches (109ms)
			ResolveRequiredComponents (7ms)
	FinalizeReload (478ms)
		SetupLoadedEditorAssemblies (0ms)
			BeforeProcessingInitializeOnLoad (102ms)
			ProcessInitializeOnLoadAttributes (217ms)
			ProcessInitializeOnLoadMethodAttributes (40ms)
		AwakeInstancesAfterBackupRestoration (7ms)
WARNING: Shader Unsupported: 'Universal Render Pipeline/VR/SpatialMapping/Wireframe' - All subshaders removed
WARNING: Shader Did you use #pragma only_renderers and omit this platform?
WARNING: Shader If subshaders removal was intentional, you may have forgotten turning Fallback off?
Shader Hidden/ChartRasterizerHardware is not supported: GPU does not support conservative rasterization
Unloading 40 Unused Serialized files (Serialized files now loaded: 0)
Unloading 6582 unused Assets / (4.7 MB). Loaded Objects now: 7470.
Memory consumption went from 269.3 MB to 264.6 MB.
Total: 5.661042 ms (FindLiveObjects: 0.291000 ms CreateObjectMapping: 0.200708 ms MarkObjects: 3.647459 ms  DeleteObjects: 1.521250 ms)

Prepare: number of updated asset objects reloaded= 0
========================================================================
Received Prepare
Begin MonoManager ReloadAssembly
[Licensing::Client] Successfully resolved entitlement details
Thread 0x16da73000 may have been prematurely finalized
Assembly Assembly-CSharp-Editor-firstpass.dll at Library/ScriptAssemblies/Assembly-CSharp-Editor-firstpass.dll not valid. Loading of assembly skipped.
Assembly Assembly-CSharp-firstpass.dll at Library/ScriptAssemblies/Assembly-CSharp-firstpass.dll not valid. Loading of assembly skipped.
Assembly DocCodeExamples.dll at Library/ScriptAssemblies/DocCodeExamples.dll not valid. Loading of assembly skipped.
Assembly TestNewCustomAssembly.dll at Library/ScriptAssemblies/TestNewCustomAssembly.dll not valid. Loading of assembly skipped.
Assembly Unity.Collections.BurstCompatibilityGen.dll at Library/ScriptAssemblies/Unity.Collections.BurstCompatibilityGen.dll not valid. Loading of assembly skipped.
Assembly Unity.Collections.DocCodeSamples.dll at Library/ScriptAssemblies/Unity.Collections.DocCodeSamples.dll not valid. Loading of assembly skipped.
Assembly Unity.Collections.PerformanceTests.dll at Library/ScriptAssemblies/Unity.Collections.PerformanceTests.dll not valid. Loading of assembly skipped.
Assembly Unity.Collections.Tests.dll at Library/ScriptAssemblies/Unity.Collections.Tests.dll not valid. Loading of assembly skipped.
Assembly Unity.Collections.Tests.Playmode.dll at Library/ScriptAssemblies/Unity.Collections.Tests.Playmode.dll not valid. Loading of assembly skipped.
Assembly Unity.InputSystem.IntegrationTests.dll at Library/ScriptAssemblies/Unity.InputSystem.IntegrationTests.dll not valid. Loading of assembly skipped.
Assembly Unity.Mathematics.Tests.dll at Library/ScriptAssemblies/Unity.Mathematics.Tests.dll not valid. Loading of assembly skipped.
Assembly Unity.Multiplayer.Center.Editor.Tests.dll at Library/ScriptAssemblies/Unity.Multiplayer.Center.Editor.Tests.dll not valid. Loading of assembly skipped.
Assembly Unity.Multiplayer.Center.Tests.dll at Library/ScriptAssemblies/Unity.Multiplayer.Center.Tests.dll not valid. Loading of assembly skipped.
Assembly Unity.Nuget.Mono-Cecil.dll at Library/ScriptAssemblies/Unity.Nuget.Mono-Cecil.dll not valid. Loading of assembly skipped.
Assembly Unity.PathTracing.Editor.Tests.dll at Library/ScriptAssemblies/Unity.PathTracing.Editor.Tests.dll not valid. Loading of assembly skipped.
Assembly Unity.PathTracing.Runtime.Tests.dll at Library/ScriptAssemblies/Unity.PathTracing.Runtime.Tests.dll not valid. Loading of assembly skipped.
Assembly Unity.RenderPipelines.Core.Editor.Tests.dll at Library/ScriptAssemblies/Unity.RenderPipelines.Core.Editor.Tests.dll not valid. Loading of assembly skipped.
Assembly Unity.RenderPipelines.Core.Runtime.Tests.dll at Library/ScriptAssemblies/Unity.RenderPipelines.Core.Runtime.Tests.dll not valid. Loading of assembly skipped.
Assembly Unity.RenderPipelines.Universal.Config.Editor.Tests.dll at Library/ScriptAssemblies/Unity.RenderPipelines.Universal.Config.Editor.Tests.dll not valid. Loading of assembly skipped.
Assembly Unity.RenderPipelines.Universal.Editor.Tests.dll at Library/ScriptAssemblies/Unity.RenderPipelines.Universal.Editor.Tests.dll not valid. Loading of assembly skipped.
Assembly Unity.RenderPipelines.Universal.Runtime.Tests.dll at Library/ScriptAssemblies/Unity.RenderPipelines.Universal.Runtime.Tests.dll not valid. Loading of assembly skipped.
Assembly Unity.Searcher.EditorTests.dll at Library/ScriptAssemblies/Unity.Searcher.EditorTests.dll not valid. Loading of assembly skipped.
Assembly Unity.ShaderGraph.Editor.Tests.dll at Library/ScriptAssemblies/Unity.ShaderGraph.Editor.Tests.dll not valid. Loading of assembly skipped.
Assembly Unity.TextMeshPro.Editor.Tests.dll at Library/ScriptAssemblies/Unity.TextMeshPro.Editor.Tests.dll not valid. Loading of assembly skipped.
Assembly Unity.TextMeshPro.Tests.dll at Library/ScriptAssemblies/Unity.TextMeshPro.Tests.dll not valid. Loading of assembly skipped.
Assembly Unity.UnifiedRayTracing.Editor.Tests.dll at Library/ScriptAssemblies/Unity.UnifiedRayTracing.Editor.Tests.dll not valid. Loading of assembly skipped.
Assembly UnityEditor.UI.Common.Tests.dll at Library/ScriptAssemblies/UnityEditor.UI.Common.Tests.dll not valid. Loading of assembly skipped.
Assembly UnityEditor.UI.EditorTests.dll at Library/ScriptAssemblies/UnityEditor.UI.EditorTests.dll not valid. Loading of assembly skipped.
Assembly UnityEngine.UI.Tests.dll at Library/ScriptAssemblies/UnityEngine.UI.Tests.dll not valid. Loading of assembly skipped.
Native extension for OSXStandalone target not found
Native extension for WebGL target not found
[Package Manager] Failed to launch server process. Reason: Unity was launched with the -noUpm command-line argument
[Package Manager] Unable to send message (not connected to server process).
[Package Manager] Cannot connect to Unity Package Manager local server
[Package Manager] Failed to launch server process. Reason: Unity was launched with the -noUpm command-line argument
[Package Manager] Unable to send message (not connected to server process).
[Package Manager] Cannot connect to Unity Package Manager local server
ScheduleIndexationOnStartup MainProcess:False IndexOnStartup:True
Mono: successfully reloaded assembly
- Finished resetting the current domain, in  0.467 seconds
Domain Reload Profiling: 1029ms
	BeginReloadAssembly (244ms)
		DisableScriptedObjects (14ms)
		CreateAndSetChildDomain (107ms)
	RebuildCommonClasses (24ms)
	RebuildNativeTypeToScriptingClass (8ms)
	initialDomainReloadingComplete (26ms)
	LoadAllAssembliesAndSetupDomain (260ms)
		LoadAssemblies (186ms)
		AnalyzeDomain (113ms)
			TypeCache.Refresh (7ms)
			BuildScriptInfoCaches (97ms)
			ResolveRequiredComponents (6ms)
	FinalizeReload (467ms)
		SetupLoadedEditorAssemblies (0ms)
			BeforeProcessingInitializeOnLoad (86ms)
			ProcessInitializeOnLoadAttributes (210ms)
			ProcessInitializeOnLoadMethodAttributes (55ms)
		AwakeInstancesAfterBackupRestoration (9ms)
WARNING: Shader Unsupported: 'Universal Render Pipeline/VR/SpatialMapping/Wireframe' - All subshaders removed
WARNING: Shader Did you use #pragma only_renderers and omit this platform?
WARNING: Shader If subshaders removal was intentional, you may have forgotten turning Fallback off?
Shader Hidden/ChartRasterizerHardware is not supported: GPU does not support conservative rasterization
Unloading 40 Unused Serialized files (Serialized files now loaded: 0)
Unloading 6582 unused Assets / (5.0 MB). Loaded Objects now: 7473.
Memory consumption went from 275.3 MB to 270.3 MB.
Total: 8.267959 ms (FindLiveObjects: 0.381291 ms CreateObjectMapping: 0.126333 ms MarkObjects: 6.015709 ms  DeleteObjects: 1.743708 ms)

Prepare: number of updated asset objects reloaded= 0
========================================================================
Received Prepare
Begin MonoManager ReloadAssembly
[Licensing::Client] Successfully resolved entitlement details
Thread 0x16da73000 may have been prematurely finalized
Assembly Assembly-CSharp-Editor-firstpass.dll at Library/ScriptAssemblies/Assembly-CSharp-Editor-firstpass.dll not valid. Loading of assembly skipped.
Assembly Assembly-CSharp-firstpass.dll at Library/ScriptAssemblies/Assembly-CSharp-firstpass.dll not valid. Loading of assembly skipped.
Assembly DocCodeExamples.dll at Library/ScriptAssemblies/DocCodeExamples.dll not valid. Loading of assembly skipped.
Assembly TestNewCustomAssembly.dll at Library/ScriptAssemblies/TestNewCustomAssembly.dll not valid. Loading of assembly skipped.
Assembly Unity.Collections.BurstCompatibilityGen.dll at Library/ScriptAssemblies/Unity.Collections.BurstCompatibilityGen.dll not valid. Loading of assembly skipped.
Assembly Unity.Collections.DocCodeSamples.dll at Library/ScriptAssemblies/Unity.Collections.DocCodeSamples.dll not valid. Loading of assembly skipped.
Assembly Unity.Collections.PerformanceTests.dll at Library/ScriptAssemblies/Unity.Collections.PerformanceTests.dll not valid. Loading of assembly skipped.
Assembly Unity.Collections.Tests.dll at Library/ScriptAssemblies/Unity.Collections.Tests.dll not valid. Loading of assembly skipped.
Assembly Unity.Collections.Tests.Playmode.dll at Library/ScriptAssemblies/Unity.Collections.Tests.Playmode.dll not valid. Loading of assembly skipped.
Assembly Unity.InputSystem.IntegrationTests.dll at Library/ScriptAssemblies/Unity.InputSystem.IntegrationTests.dll not valid. Loading of assembly skipped.
Assembly Unity.Mathematics.Tests.dll at Library/ScriptAssemblies/Unity.Mathematics.Tests.dll not valid. Loading of assembly skipped.
Assembly Unity.Multiplayer.Center.Editor.Tests.dll at Library/ScriptAssemblies/Unity.Multiplayer.Center.Editor.Tests.dll not valid. Loading of assembly skipped.
Assembly Unity.Multiplayer.Center.Tests.dll at Library/ScriptAssemblies/Unity.Multiplayer.Center.Tests.dll not valid. Loading of assembly skipped.
Assembly Unity.Nuget.Mono-Cecil.dll at Library/ScriptAssemblies/Unity.Nuget.Mono-Cecil.dll not valid. Loading of assembly skipped.
Assembly Unity.PathTracing.Editor.Tests.dll at Library/ScriptAssemblies/Unity.PathTracing.Editor.Tests.dll not valid. Loading of assembly skipped.
Assembly Unity.PathTracing.Runtime.Tests.dll at Library/ScriptAssemblies/Unity.PathTracing.Runtime.Tests.dll not valid. Loading of assembly skipped.
Assembly Unity.RenderPipelines.Core.Editor.Tests.dll at Library/ScriptAssemblies/Unity.RenderPipelines.Core.Editor.Tests.dll not valid. Loading of assembly skipped.
Assembly Unity.RenderPipelines.Core.Runtime.Tests.dll at Library/ScriptAssemblies/Unity.RenderPipelines.Core.Runtime.Tests.dll not valid. Loading of assembly skipped.
Assembly Unity.RenderPipelines.Universal.Config.Editor.Tests.dll at Library/ScriptAssemblies/Unity.RenderPipelines.Universal.Config.Editor.Tests.dll not valid. Loading of assembly skipped.
Assembly Unity.RenderPipelines.Universal.Editor.Tests.dll at Library/ScriptAssemblies/Unity.RenderPipelines.Universal.Editor.Tests.dll not valid. Loading of assembly skipped.
Assembly Unity.RenderPipelines.Universal.Runtime.Tests.dll at Library/ScriptAssemblies/Unity.RenderPipelines.Universal.Runtime.Tests.dll not valid. Loading of assembly skipped.
Assembly Unity.Searcher.EditorTests.dll at Library/ScriptAssemblies/Unity.Searcher.EditorTests.dll not valid. Loading of assembly skipped.
Assembly Unity.ShaderGraph.Editor.Tests.dll at Library/ScriptAssemblies/Unity.ShaderGraph.Editor.Tests.dll not valid. Loading of assembly skipped.
Assembly Unity.TextMeshPro.Editor.Tests.dll at Library/ScriptAssemblies/Unity.TextMeshPro.Editor.Tests.dll not valid. Loading of assembly skipped.
Assembly Unity.TextMeshPro.Tests.dll at Library/ScriptAssemblies/Unity.TextMeshPro.Tests.dll not valid. Loading of assembly skipped.
Assembly Unity.UnifiedRayTracing.Editor.Tests.dll at Library/ScriptAssemblies/Unity.UnifiedRayTracing.Editor.Tests.dll not valid. Loading of assembly skipped.
Assembly UnityEditor.UI.Common.Tests.dll at Library/ScriptAssemblies/UnityEditor.UI.Common.Tests.dll not valid. Loading of assembly skipped.
Assembly UnityEditor.UI.EditorTests.dll at Library/ScriptAssemblies/UnityEditor.UI.EditorTests.dll not valid. Loading of assembly skipped.
Assembly UnityEngine.UI.Tests.dll at Library/ScriptAssemblies/UnityEngine.UI.Tests.dll not valid. Loading of assembly skipped.
Native extension for OSXStandalone target not found
Native extension for WebGL target not found
[Package Manager] Failed to launch server process. Reason: Unity was launched with the -noUpm command-line argument
[Package Manager] Unable to send message (not connected to server process).
[Package Manager] Cannot connect to Unity Package Manager local server
Refreshing native plugins compatible for Editor in 2.49 ms, found 2 plugins.
[Package Manager] Failed to launch server process. Reason: Unity was launched with the -noUpm command-line argument
[Package Manager] Unable to send message (not connected to server process).
[Package Manager] Cannot connect to Unity Package Manager local server
ScheduleIndexationOnStartup MainProcess:False IndexOnStartup:True
Mono: successfully reloaded assembly
- Finished resetting the current domain, in  0.490 seconds
Domain Reload Profiling: 996ms
	BeginReloadAssembly (170ms)
		DisableScriptedObjects (9ms)
		CreateAndSetChildDomain (64ms)
	RebuildCommonClasses (26ms)
	RebuildNativeTypeToScriptingClass (9ms)
	initialDomainReloadingComplete (29ms)
	LoadAllAssembliesAndSetupDomain (271ms)
		LoadAssemblies (185ms)
		AnalyzeDomain (122ms)
			TypeCache.Refresh (5ms)
			BuildScriptInfoCaches (108ms)
			ResolveRequiredComponents (7ms)
	FinalizeReload (490ms)
		SetupLoadedEditorAssemblies (0ms)
			BeforeProcessingInitializeOnLoad (95ms)
			ProcessInitializeOnLoadAttributes (209ms)
			ProcessInitializeOnLoadMethodAttributes (54ms)
		AwakeInstancesAfterBackupRestoration (11ms)
WARNING: Shader Unsupported: 'Universal Render Pipeline/VR/SpatialMapping/Wireframe' - All subshaders removed
WARNING: Shader Did you use #pragma only_renderers and omit this platform?
WARNING: Shader If subshaders removal was intentional, you may have forgotten turning Fallback off?
Shader Hidden/ChartRasterizerHardware is not supported: GPU does not support conservative rasterization
Unloading 40 Unused Serialized files (Serialized files now loaded: 0)
Unloading 6582 unused Assets / (5.1 MB). Loaded Objects now: 7476.
Memory consumption went from 281.1 MB to 276.0 MB.
Total: 9.006542 ms (FindLiveObjects: 0.378625 ms CreateObjectMapping: 0.135625 ms MarkObjects: 5.122208 ms  DeleteObjects: 3.368667 ms)

Prepare: number of updated asset objects reloaded= 0
========================================================================
Received Import Request.
  Time since last request: 2763.185510 seconds.
  path: Assets/Player.prefab
  importAddress: Guid(a43387c881fb2465599f162663a221e8) Importer(2089858483,b0f066a214c2f5e87bad3c948f4d605d)
Start importing Assets/Player.prefab using Guid(a43387c881fb2465599f162663a221e8) Importer(2089858483,b0f066a214c2f5e87bad3c948f4d605d) (ScriptedImporter) -> (Import Result ID: 'bf6951e20b93b04f4207f0ac0c2bfaaa') in 0.135228458 seconds [static and dynamic dependencies]. Details - ImportResultOutputID=0b603760f051e091d33fa5215716d97f DependenciesID=fc1a9eaa85c859ae3f2be259b0facff0 StaticDependenciesID=c519d522bddc4dadd59efe1b4e7fcf6f 
Number of updated asset objects reloaded before import = 0Number of asset objects unloaded after import = 8

========================================================================
Received Import Request.
  Time since last request: 0.000078 seconds.
  path: Assets/TextMesh Pro/Examples & Extras/Textures/Wipe Pattern - Circle.psd
  importAddress: Guid(10c49fcd9c64421db7c0133e61e55f97) Importer(2089858483,b0f066a214c2f5e87bad3c948f4d605d)
Start importing Assets/TextMesh Pro/Examples & Extras/Textures/Wipe Pattern - Circle.psd using Guid(10c49fcd9c64421db7c0133e61e55f97) Importer(2089858483,b0f066a214c2f5e87bad3c948f4d605d) (ScriptedImporter) -> (Import Result ID: 'e5572b7c2d1f26a6ed876cf07c0bf539') in 0.026082667 seconds [static and dynamic dependencies]. Details - ImportResultOutputID=3132e98a1126462ead155006375d66be DependenciesID=47bef8c08681602b67e4d17f4d47f675 StaticDependenciesID=8d1517b6d5a2e0b2f71ca265f6d73732 
Number of updated asset objects reloaded before import = 0Number of asset objects unloaded after import = 1

========================================================================
Received Import Request.
  Time since last request: 0.000065 seconds.
  path: Assets/TextMesh Pro/Examples & Extras/Scripts/VertexShakeA.cs
  importAddress: Guid(f7cfa58e417a46ea8889989684c2522e) Importer(2089858483,b0f066a214c2f5e87bad3c948f4d605d)
Start importing Assets/TextMesh Pro/Examples & Extras/Scripts/VertexShakeA.cs using Guid(f7cfa58e417a46ea8889989684c2522e) Importer(2089858483,b0f066a214c2f5e87bad3c948f4d605d) (ScriptedImporter) -> (Import Result ID: '409ef7e3c56d88cd2ae284f20366e2e3') in 0.002486792 seconds [static and dynamic dependencies]. Details - ImportResultOutputID=a7cf57fa101d8bf8f766ffc04a661d0c DependenciesID=858c5125d6b4f6725fd332debcf5b08f StaticDependenciesID=4b62aa94cfd5f5035f738db9b75dc8b8 
Number of updated asset objects reloaded before import = 0Number of asset objects unloaded after import = 0

========================================================================
Received Import Request.
  Time since last request: 0.000047 seconds.
  path: Assets/TextMesh Pro/Shaders/TMP_SDF-Surface.shader
  importAddress: Guid(f7ada0af4f174f0694ca6a487b8f543d) Importer(2089858483,b0f066a214c2f5e87bad3c948f4d605d)
Start importing Assets/TextMesh Pro/Shaders/TMP_SDF-Surface.shader using Guid(f7ada0af4f174f0694ca6a487b8f543d) Importer(2089858483,b0f066a214c2f5e87bad3c948f4d605d) (ScriptedImporter) -> (Import Result ID: 'bdfc09871f894b448ef818f79962ea39') in 0.007943083 seconds [static and dynamic dependencies]. Details - ImportResultOutputID=ebfa2d9ef4e0aaa6ea8c0a4ef361ae17 DependenciesID=fdacfda39366ab1b6fa3f40c20a9a1c8 StaticDependenciesID=4be9fe2bc8c8a5e12a808b7d050f93d3 
Number of updated asset objects reloaded before import = 0Number of asset objects unloaded after import = 1

========================================================================
Received Import Request.
  Time since last request: 0.000038 seconds.
  path: Assets/TextMesh Pro/Examples & Extras/Resources/Fonts & Materials/Bangers SDF Glow.mat
  importAddress: Guid(d75b8f41e959450c84ac6e967084d3e1) Importer(2089858483,b0f066a214c2f5e87bad3c948f4d605d)
Start importing Assets/TextMesh Pro/Examples & Extras/Resources/Fonts & Materials/Bangers SDF Glow.mat using Guid(d75b8f41e959450c84ac6e967084d3e1) Importer(2089858483,b0f066a214c2f5e87bad3c948f4d605d) (ScriptedImporter) -> (Import Result ID: 'e2ea1e4704ed6eebd09d2141aa37b828') in 0.010956625 seconds [static and dynamic dependencies]. Details - ImportResultOutputID=283b545105e057972174d1efb3e49321 DependenciesID=c89e31526add2ebd849af9f04fe3d47e StaticDependenciesID=e8207df771f6f1883cab03369f823836 
Number of updated asset objects reloaded before import = 0Number of asset objects unloaded after import = 5

========================================================================
Received Import Request.
  Time since last request: 0.000038 seconds.
  path: Assets/TextMesh Pro/Resources
  importAddress: Guid(243e06394e614e5d99fab26083b707fa) Importer(2089858483,b0f066a214c2f5e87bad3c948f4d605d)
Start importing Assets/TextMesh Pro/Resources using Guid(243e06394e614e5d99fab26083b707fa) Importer(2089858483,b0f066a214c2f5e87bad3c948f4d605d) (ScriptedImporter) -> (Import Result ID: '841d1c3dde865feeefe00535cc4ad0bf') in 0.001632375 seconds [static and dynamic dependencies]. Details - ImportResultOutputID=6ac45e353991ddd0b4dc77c605441e67 DependenciesID=7101ddfc19bf93d19474cdca59102545 StaticDependenciesID=a2a3a459437f6606865570dea647627b 
Number of updated asset objects reloaded before import = 0Number of asset objects unloaded after import = 1

========================================================================
Received Import Request.
  Time since last request: 0.000046 seconds.
  path: Assets/TextMesh Pro/Examples & Extras/Resources/Sprite Assets/Default Sprite Asset.asset
  importAddress: Guid(fbef3c704dce48f08a44612d6c856c8d) Importer(2089858483,b0f066a214c2f5e87bad3c948f4d605d)
Start importing Assets/TextMesh Pro/Examples & Extras/Resources/Sprite Assets/Default Sprite Asset.asset using Guid(fbef3c704dce48f08a44612d6c856c8d) Importer(2089858483,b0f066a214c2f5e87bad3c948f4d605d) (ScriptedImporter) -> (Import Result ID: '7b8620ecd176bfe696d7b5d000a4c929') in 0.006444458 seconds [static and dynamic dependencies]. Details - ImportResultOutputID=47594ca719847b7b5b3c4959f0730f99 DependenciesID=c96fe88cd023cb5a7ac84e7bbe1bfe1f StaticDependenciesID=fc5309dacd1b2f51743f5d8b6ba6b39b 
Number of updated asset objects reloaded before import = 0Number of asset objects unloaded after import = 4

========================================================================
Received Import Request.
  Time since last request: 0.000059 seconds.
  path: Assets/TextMesh Pro/Examples & Extras/Textures/Text Overflow - Linked Text Image 1.png
  importAddress: Guid(4ccf43d26c4748c792174516f4a8fcef) Importer(2089858483,b0f066a214c2f5e87bad3c948f4d605d)
Start importing Assets/TextMesh Pro/Examples & Extras/Textures/Text Overflow - Linked Text Image 1.png using Guid(4ccf43d26c4748c792174516f4a8fcef) Importer(2089858483,b0f066a214c2f5e87bad3c948f4d605d) (ScriptedImporter) -> (Import Result ID: '80da575535e46828ca5719813e649f02') in 0.004493708 seconds [static and dynamic dependencies]. Details - ImportResultOutputID=b77279ba4559c69f0ab5804a0af6a71c DependenciesID=8d06444e8e4e22c0d7740d8c3b1d5814 StaticDependenciesID=9dd0ce73d1372c107f64ff30dc68f15e 
Number of updated asset objects reloaded before import = 0Number of asset objects unloaded after import = 1

========================================================================
Received Import Request.
  Time since last request: 0.000057 seconds.
  path: Assets/TextMesh Pro/Examples & Extras/Textures/Small Crate_normal.jpg
  importAddress: Guid(8878a782f4334ecbbcf683b3ac780966) Importer(2089858483,b0f066a214c2f5e87bad3c948f4d605d)
Start importing Assets/TextMesh Pro/Examples & Extras/Textures/Small Crate_normal.jpg using Guid(8878a782f4334ecbbcf683b3ac780966) Importer(2089858483,b0f066a214c2f5e87bad3c948f4d605d) (ScriptedImporter) -> (Import Result ID: '1ae05c3038572d02e6e966bd722081c8') in 0.003783958 seconds [static and dynamic dependencies]. Details - ImportResultOutputID=0830f90af6d6cf7c13cf953b0eacdb44 DependenciesID=f7c41d3e04c585f73fed1629083a54e0 StaticDependenciesID=bac78780346386a88a64a4872ed4e793 
Number of updated asset objects reloaded before import = 0Number of asset objects unloaded after import = 1

========================================================================
Received Import Request.
  Time since last request: 0.000032 seconds.
  path: Assets/TextMesh Pro/Examples & Extras/Scripts/TMP_UiFrameRateCounter.cs
  importAddress: Guid(24b0dc2d1d494adbbec1f4db26b4cf83) Importer(2089858483,b0f066a214c2f5e87bad3c948f4d605d)
Start importing Assets/TextMesh Pro/Examples & Extras/Scripts/TMP_UiFrameRateCounter.cs using Guid(24b0dc2d1d494adbbec1f4db26b4cf83) Importer(2089858483,b0f066a214c2f5e87bad3c948f4d605d) (ScriptedImporter) -> (Import Result ID: '86b3c142d35f61b42a93e56892ff2d56') in 0.002010875 seconds [static and dynamic dependencies]. Details - ImportResultOutputID=97d182809ec15bb15f4e3a0bced3b67e DependenciesID=31e134d914dcda171d554cddbddddee5 StaticDependenciesID=6884d8f9ff53aa617470cfeb28ea1a01 
Number of updated asset objects reloaded before import = 0Number of asset objects unloaded after import = 0

========================================================================
Received Import Request.
  Time since last request: 0.000106 seconds.
  path: Assets/TextMesh Pro/Examples & Extras/Prefabs/Text Popup.prefab
  importAddress: Guid(b06f0e6c1dfa4356ac918da1bb32c603) Importer(2089858483,b0f066a214c2f5e87bad3c948f4d605d)
Start importing Assets/TextMesh Pro/Examples & Extras/Prefabs/Text Popup.prefab using Guid(b06f0e6c1dfa4356ac918da1bb32c603) Importer(2089858483,b0f066a214c2f5e87bad3c948f4d605d) (ScriptedImporter) -> (Import Result ID: '888e498650c6294b11809991fd63c328') in 0.028135375 seconds [static and dynamic dependencies]. Details - ImportResultOutputID=3a105750fc8520956d06c891174f10ff DependenciesID=d66266c6f0369677aec71a1339b7de87 StaticDependenciesID=9af775e8205c43324ef924abdaccaf58 
Number of updated asset objects reloaded before import = 0Number of asset objects unloaded after import = 22

========================================================================
Received Import Request.
  Time since last request: 0.000057 seconds.
  path: Assets/TextMesh Pro/Shaders/TMP_SDF-URP Lit.shadergraph
  importAddress: Guid(a3d800b099a06e0478fb790c5e79057a) Importer(2089858483,b0f066a214c2f5e87bad3c948f4d605d)
Start importing Assets/TextMesh Pro/Shaders/TMP_SDF-URP Lit.shadergraph using Guid(a3d800b099a06e0478fb790c5e79057a) Importer(2089858483,b0f066a214c2f5e87bad3c948f4d605d) (ScriptedImporter) -> (Import Result ID: '57273db1f4ab66d5a0a95dff2e893290') in 0.36187525 seconds [static and dynamic dependencies]. Details - ImportResultOutputID=4cef835b4aeca21a29ae001905b58413 DependenciesID=eba4c844979062d470c739f308d4f02a StaticDependenciesID=862a4b64adc3cbc3af4bdbed03dcd58a 
Number of updated asset objects reloaded before import = 0Number of asset objects unloaded after import = 4

========================================================================
Received Import Request.
  Time since last request: 0.000098 seconds.
  path: Assets/TextMesh Pro/Examples & Extras/Scripts/WarpTextExample.cs
  importAddress: Guid(790744c462254b7ba8038e6ed28b3db2) Importer(2089858483,b0f066a214c2f5e87bad3c948f4d605d)
Start importing Assets/TextMesh Pro/Examples & Extras/Scripts/WarpTextExample.cs using Guid(790744c462254b7ba8038e6ed28b3db2) Importer(2089858483,b0f066a214c2f5e87bad3c948f4d605d) (ScriptedImporter) -> (Import Result ID: '45cf2a30066acf8ebbd22f00f3ccb540') in 0.001574083 seconds [static and dynamic dependencies]. Details - ImportResultOutputID=2b60e90caad46a8cf8b5a257ebac7eb9 DependenciesID=7b84b45c4a44cae88e15ecac6d47bee8 StaticDependenciesID=848b33441927819fbb3bf9ebf969b40d 
Number of updated asset objects reloaded before import = 0Number of asset objects unloaded after import = 0

========================================================================
Received Import Request.
  Time since last request: 0.000030 seconds.
  path: Assets/TextMesh Pro/Shaders/TMPro_Mobile.cginc
  importAddress: Guid(c334973cef89a9840b0b0c507e0377ab) Importer(2089858483,b0f066a214c2f5e87bad3c948f4d605d)
Start importing Assets/TextMesh Pro/Shaders/TMPro_Mobile.cginc using Guid(c334973cef89a9840b0b0c507e0377ab) Importer(2089858483,b0f066a214c2f5e87bad3c948f4d605d) (ScriptedImporter) -> (Import Result ID: 'ef19f7614acaf52226ef661c6b9147ed') in 0.002173417 seconds [static and dynamic dependencies]. Details - ImportResultOutputID=47b9f28672198af286da0aadddb21389 DependenciesID=4fa22ae5160e3f9bb3b5046934542524 StaticDependenciesID=3c52ead75c0407d07f24c091d109dded 
Number of updated asset objects reloaded before import = 0Number of asset objects unloaded after import = 1

========================================================================
Received Import Request.
  Time since last request: 0.000051 seconds.
  path: Assets/TextMesh Pro/Examples & Extras/Prefabs/TextMeshPro - Prefab 2.prefab
  importAddress: Guid(fdad9d952ae84cafb74c63f2e694d042) Importer(2089858483,b0f066a214c2f5e87bad3c948f4d605d)
Start importing Assets/TextMesh Pro/Examples & Extras/Prefabs/TextMeshPro - Prefab 2.prefab using Guid(fdad9d952ae84cafb74c63f2e694d042) Importer(2089858483,b0f066a214c2f5e87bad3c948f4d605d) (ScriptedImporter) -> (Import Result ID: 'f32e31fd43b73ce2c46a08b56808c00a') in 0.035400417 seconds [static and dynamic dependencies]. Details - ImportResultOutputID=3a4c269b9233f7f6534e878b34e20927 DependenciesID=255c8a658e2136ba3f44953a1818683a StaticDependenciesID=f1cf4b07d237ddf49b27502ca32d63d1 
Number of updated asset objects reloaded before import = 0Number of asset objects unloaded after import = 17

========================================================================
Received Import Request.
  Time since last request: 0.000060 seconds.
  path: Assets/TextMesh Pro/Examples & Extras/Resources/Fonts & Materials/Unity SDF - HDRP LIT - Outline.mat
  importAddress: Guid(967f61bb1e3e28645a39e0cb647cc79e) Importer(2089858483,b0f066a214c2f5e87bad3c948f4d605d)
Start importing Assets/TextMesh Pro/Examples & Extras/Resources/Fonts & Materials/Unity SDF - HDRP LIT - Outline.mat using Guid(967f61bb1e3e28645a39e0cb647cc79e) Importer(2089858483,b0f066a214c2f5e87bad3c948f4d605d) (ScriptedImporter) -> (Import Result ID: '1c771303cb8b46fe803a7283b31e7f6b') in 0.009687334 seconds [static and dynamic dependencies]. Details - ImportResultOutputID=861a58c6bbb2aa38866ec49449f98d4f DependenciesID=096aebb7fdbaa4d53ad7abaf40fb294f StaticDependenciesID=296717d5c7913c965084b6d690ec89ab 
Number of updated asset objects reloaded before import = 0Number of asset objects unloaded after import = 3

========================================================================
Received Import Request.
  Time since last request: 0.000037 seconds.
  path: Assets/TextMesh Pro/Examples & Extras/Resources/Fonts & Materials/LiberationSans SDF - Metalic Green.mat
  importAddress: Guid(8b29aaa3eec7468097ff07adfcf29ac9) Importer(2089858483,b0f066a214c2f5e87bad3c948f4d605d)
Start importing Assets/TextMesh Pro/Examples & Extras/Resources/Fonts & Materials/LiberationSans SDF - Metalic Green.mat using Guid(8b29aaa3eec7468097ff07adfcf29ac9) Importer(2089858483,b0f066a214c2f5e87bad3c948f4d605d) (ScriptedImporter) -> (Import Result ID: '7210483eee57fb1d579c0dcc323c428d') in 0.010102041 seconds [static and dynamic dependencies]. Details - ImportResultOutputID=03b06d36214d428fb38e7e9698228395 DependenciesID=824ed184b0fec28dfbae8ec335dbab7e StaticDependenciesID=e0d07112f7be71aa9e03ac8f627cd6f1 
Number of updated asset objects reloaded before import = 0Number of asset objects unloaded after import = 6

========================================================================
Received Import Request.
  Time since last request: 0.000056 seconds.
  path: Assets/TextMesh Pro/Examples & Extras/Scripts/TeleType.cs
  importAddress: Guid(e32c266ee6204b21a427753cb0694c81) Importer(2089858483,b0f066a214c2f5e87bad3c948f4d605d)
Start importing Assets/TextMesh Pro/Examples & Extras/Scripts/TeleType.cs using Guid(e32c266ee6204b21a427753cb0694c81) Importer(2089858483,b0f066a214c2f5e87bad3c948f4d605d) (ScriptedImporter) -> (Import Result ID: 'feaa4ad17f2aadbd911235969d9265bb') in 0.0018005 seconds [static and dynamic dependencies]. Details - ImportResultOutputID=0ea7846d79aefd6da6132685be18d64c DependenciesID=201c360db3ef0061673618f6c9134484 StaticDependenciesID=3752d3ff699420640d16245a6e643db0 
Number of updated asset objects reloaded before import = 0Number of asset objects unloaded after import = 0

========================================================================
Received Import Request.
  Time since last request: 0.000031 seconds.
  path: Assets/TextMesh Pro/Resources/Fonts & Materials/LiberationSans SDF - Drop Shadow.mat
  importAddress: Guid(e73a58f6e2794ae7b1b7e50b7fb811b0) Importer(2089858483,b0f066a214c2f5e87bad3c948f4d605d)
Start importing Assets/TextMesh Pro/Resources/Fonts & Materials/LiberationSans SDF - Drop Shadow.mat using Guid(e73a58f6e2794ae7b1b7e50b7fb811b0) Importer(2089858483,b0f066a214c2f5e87bad3c948f4d605d) (ScriptedImporter) -> (Import Result ID: '6919c59f2030b91a2de8da77b132d2d3') in 0.009621959 seconds [static and dynamic dependencies]. Details - ImportResultOutputID=4c75b5ddea81a479f37c917f0254380f DependenciesID=a50d6a7860a8b6dbb37eef200024da51 StaticDependenciesID=88019135da2da4fcd85cec6acfa02a85 
Number of updated asset objects reloaded before import = 0Number of asset objects unloaded after import = 3

========================================================================
Received Import Request.
  Time since last request: 0.000035 seconds.
  path: Assets/TextMesh Pro/Examples & Extras/Scripts/Benchmark01.cs
  importAddress: Guid(f970ea55f9f84bf79b05dab180b8c125) Importer(2089858483,b0f066a214c2f5e87bad3c948f4d605d)
Start importing Assets/TextMesh Pro/Examples & Extras/Scripts/Benchmark01.cs using Guid(f970ea55f9f84bf79b05dab180b8c125) Importer(2089858483,b0f066a214c2f5e87bad3c948f4d605d) (ScriptedImporter) -> (Import Result ID: '3d71c92ebdfcaa2da09d20ecc856b196') in 0.001518458 seconds [static and dynamic dependencies]. Details - ImportResultOutputID=c1a8a77f7b7f41471099e5ae191743b3 DependenciesID=44d9524c9a8bc733330e1a5d3bd13afc StaticDependenciesID=0df8bda9b9a653708ed9b9b5f3491fcd 
Number of updated asset objects reloaded before import = 0Number of asset objects unloaded after import = 0

========================================================================
Received Import Request.
  Time since last request: 0.000053 seconds.
  path: Assets/TextMesh Pro/Examples & Extras/Scripts/CameraController.cs
  importAddress: Guid(2d687537154440a3913a9a3c7977978c) Importer(2089858483,b0f066a214c2f5e87bad3c948f4d605d)
Start importing Assets/TextMesh Pro/Examples & Extras/Scripts/CameraController.cs using Guid(2d687537154440a3913a9a3c7977978c) Importer(2089858483,b0f066a214c2f5e87bad3c948f4d605d) (ScriptedImporter) -> (Import Result ID: 'aa3049009d7f06812c8a7916c317aae0') in 0.001749708 seconds [static and dynamic dependencies]. Details - ImportResultOutputID=218fc48b17880ffe3412cce34e7a68e1 DependenciesID=fd5f463574f9f5c8b0f4a6870ec99e5f StaticDependenciesID=fa4453ef15531f031799d800b78e36df 
Number of updated asset objects reloaded before import = 0Number of asset objects unloaded after import = 0

========================================================================
Received Import Request.
  Time since last request: 0.000042 seconds.
  path: Assets/TextMesh Pro/Examples & Extras/Scripts/ShaderPropAnimator.cs
  importAddress: Guid(2787a46a4dc848c1b4b7b9307b614bfd) Importer(2089858483,b0f066a214c2f5e87bad3c948f4d605d)
Start importing Assets/TextMesh Pro/Examples & Extras/Scripts/ShaderPropAnimator.cs using Guid(2787a46a4dc848c1b4b7b9307b614bfd) Importer(2089858483,b0f066a214c2f5e87bad3c948f4d605d) (ScriptedImporter) -> (Import Result ID: '8d84efb6eaec2641ac1ba7b79630fc1a') in 0.002554 seconds [static and dynamic dependencies]. Details - ImportResultOutputID=0b598946b5fe157560d938236dc504c0 DependenciesID=21a9117bc2d59d29de3693529de41d46 StaticDependenciesID=0aeefe0c6f2db74a6bea99df5f2d85c6 
Number of updated asset objects reloaded before import = 0Number of asset objects unloaded after import = 0

========================================================================
Received Import Request.
  Time since last request: 0.000040 seconds.
  path: Assets/TextMesh Pro/Examples & Extras/Fonts/Bangers.ttf
  importAddress: Guid(5dd49b3eacc540408c98eee0de38e0f1) Importer(2089858483,b0f066a214c2f5e87bad3c948f4d605d)
Start importing Assets/TextMesh Pro/Examples & Extras/Fonts/Bangers.ttf using Guid(5dd49b3eacc540408c98eee0de38e0f1) Importer(2089858483,b0f066a214c2f5e87bad3c948f4d605d) (ScriptedImporter) -> (Import Result ID: '5c4dd96f4e801b5dcc2b02c5ba6dd41e') in 0.005027 seconds [static and dynamic dependencies]. Details - ImportResultOutputID=4fc127f9c0c3b23d2049bfbe86f6af3f DependenciesID=c7568667a545fffa3ac5f11a3a41304f StaticDependenciesID=75f5b161c2970ade0f8135657d1eb8c9 
Number of updated asset objects reloaded before import = 0Number of asset objects unloaded after import = 3

========================================================================
Received Import Request.
  Time since last request: 0.000083 seconds.
  path: Assets/TextMesh Pro/Examples & Extras/Resources/Fonts & Materials/Roboto-Bold SDF - HDRP Unlit.mat
  importAddress: Guid(2ddca8f46aa0838419d568affb0ca6b4) Importer(2089858483,b0f066a214c2f5e87bad3c948f4d605d)
Start importing Assets/TextMesh Pro/Examples & Extras/Resources/Fonts & Materials/Roboto-Bold SDF - HDRP Unlit.mat using Guid(2ddca8f46aa0838419d568affb0ca6b4) Importer(2089858483,b0f066a214c2f5e87bad3c948f4d605d) (ScriptedImporter) -> (Import Result ID: 'd5bb8410068498897a55a4c718e67145') in 0.00407625 seconds [static and dynamic dependencies]. Details - ImportResultOutputID=3d440a5122ff9ef211f536e99a1bc78b DependenciesID=f0e6a1cd77fd0054064ccc1a548a4b8a StaticDependenciesID=ee881c0e46afd01daac5d4a1526e61e7 
Number of updated asset objects reloaded before import = 0Number of asset objects unloaded after import = 4

========================================================================
Received Import Request.
  Time since last request: 0.000049 seconds.
  path: Assets/TextMesh Pro/Examples & Extras/Textures/Wipe Pattern - Radial Double.psd
  importAddress: Guid(7631f4eff8f74ed38eb3eb9db17134e1) Importer(2089858483,b0f066a214c2f5e87bad3c948f4d605d)
Start importing Assets/TextMesh Pro/Examples & Extras/Textures/Wipe Pattern - Radial Double.psd using Guid(7631f4eff8f74ed38eb3eb9db17134e1) Importer(2089858483,b0f066a214c2f5e87bad3c948f4d605d) (ScriptedImporter) -> (Import Result ID: '5d8b0431f03569b15b8971726289c527') in 0.003394875 seconds [static and dynamic dependencies]. Details - ImportResultOutputID=f4798802d63c411457ffc947f99752b7 DependenciesID=5deb1935a3581b43160779225c1389e8 StaticDependenciesID=9e06871b4262160f8fcd67ec909dd8f0 
Number of updated asset objects reloaded before import = 0Number of asset objects unloaded after import = 1

========================================================================
Received Import Request.
  Time since last request: 0.000070 seconds.
  path: Assets/TextMesh Pro/Examples & Extras/Scenes/28 - HDRP Shader Example/Sky and Fog Volume Profile.asset
  importAddress: Guid(83ba2e375bed45f48bce43e5a5f7c88a) Importer(2089858483,b0f066a214c2f5e87bad3c948f4d605d)
Start importing Assets/TextMesh Pro/Examples & Extras/Scenes/28 - HDRP Shader Example/Sky and Fog Volume Profile.asset using Guid(83ba2e375bed45f48bce43e5a5f7c88a) Importer(2089858483,b0f066a214c2f5e87bad3c948f4d605d) (ScriptedImporter) -> (Import Result ID: 'c925b9627a726f959d3b4f4f74a4ab17') in 0.002134125 seconds [static and dynamic dependencies]. Details - ImportResultOutputID=e19316bb90dfc50c18c586fb9c6bf3dc DependenciesID=4286aaa391a66e77ee335afef8840b36 StaticDependenciesID=53e9b54da69d0423ee4bdb00d5b37f49 
Number of updated asset objects reloaded before import = 0Number of asset objects unloaded after import = 2

========================================================================
Received Import Request.
  Time since last request: 0.000109 seconds.
  path: Assets/TextMesh Pro/Examples & Extras/Scenes/12a - Text Interactions.unity
  importAddress: Guid(08572ab7713642c8a60789750f0bce5c) Importer(2089858483,b0f066a214c2f5e87bad3c948f4d605d)
Start importing Assets/TextMesh Pro/Examples & Extras/Scenes/12a - Text Interactions.unity using Guid(08572ab7713642c8a60789750f0bce5c) Importer(2089858483,b0f066a214c2f5e87bad3c948f4d605d) (ScriptedImporter) -> (Import Result ID: 'c5e344264540c2780581081c836bdaec') in 0.002617334 seconds [static and dynamic dependencies]. Details - ImportResultOutputID=98bddf411fc2943adb7f28eadae061de DependenciesID=f34f5e861a6cb54b404a44c854c4088c StaticDependenciesID=310d7e474cd94cb89012c994d16a29c7 
Number of updated asset objects reloaded before import = 0Number of asset objects unloaded after import = 1

========================================================================
Received Import Request.
  Time since last request: 0.000046 seconds.
  path: Assets/TextMesh Pro/Examples & Extras/Scenes/20 - Input Field with Scrollbar.unity
  importAddress: Guid(337f92480dd24675aae9e79210fb1ad9) Importer(2089858483,b0f066a214c2f5e87bad3c948f4d605d)
Start importing Assets/TextMesh Pro/Examples & Extras/Scenes/20 - Input Field with Scrollbar.unity using Guid(337f92480dd24675aae9e79210fb1ad9) Importer(2089858483,b0f066a214c2f5e87bad3c948f4d605d) (ScriptedImporter) -> (Import Result ID: 'f292948dcfd1a70d49bdcbcbafbbf4da') in 0.002740625 seconds [static and dynamic dependencies]. Details - ImportResultOutputID=e29fbec0317824362f309096e5287da7 DependenciesID=542f004d1e8b0da800980cddc8f635eb StaticDependenciesID=8ad0de6c9bd6ff5632694365611bf7ff 
Number of updated asset objects reloaded before import = 0Number of asset objects unloaded after import = 1

========================================================================
Received Import Request.
  Time since last request: 0.000046 seconds.
  path: Assets/TextMesh Pro/Examples & Extras/Resources/Color Gradient Presets
  importAddress: Guid(7f422cd1388b01047a58cd07c7a23d9d) Importer(2089858483,b0f066a214c2f5e87bad3c948f4d605d)
Start importing Assets/TextMesh Pro/Examples & Extras/Resources/Color Gradient Presets using Guid(7f422cd1388b01047a58cd07c7a23d9d) Importer(2089858483,b0f066a214c2f5e87bad3c948f4d605d) (ScriptedImporter) -> (Import Result ID: 'a44a058673a0dce65b6d0baf85ec796e') in 0.00145225 seconds [static and dynamic dependencies]. Details - ImportResultOutputID=70cc62f2edb104a93660ea2ffab4a6c2 DependenciesID=35107e32d0d82e79e9ec5209e45c8930 StaticDependenciesID=bd6d2fbca8a95495b5b9c1db4e85e36a 
Number of updated asset objects reloaded before import = 0Number of asset objects unloaded after import = 1

========================================================================
Received Import Request.
  Time since last request: 0.000055 seconds.
  path: Assets/TextMesh Pro/Examples & Extras/Resources/Fonts & Materials/Roboto-Bold SDF - URP.mat
  importAddress: Guid(90722b8bd74d9aa49958562aff7bdf76) Importer(2089858483,b0f066a214c2f5e87bad3c948f4d605d)
Start importing Assets/TextMesh Pro/Examples & Extras/Resources/Fonts & Materials/Roboto-Bold SDF - URP.mat using Guid(90722b8bd74d9aa49958562aff7bdf76) Importer(2089858483,b0f066a214c2f5e87bad3c948f4d605d) (ScriptedImporter) -> (Import Result ID: '74493ef2200742185b5ddbf7f227022f') in 0.004442708 seconds [static and dynamic dependencies]. Details - ImportResultOutputID=c028eacfced1e1412d2b42dfc015938e DependenciesID=c638934d4658ea0ebf6b7b0271e7f5fc StaticDependenciesID=da02fe299b1e67088f4c37c6b875e006 
Number of updated asset objects reloaded before import = 0Number of asset objects unloaded after import = 3

========================================================================
Received Import Request.
  Time since last request: 0.000065 seconds.
  path: Assets/TextMesh Pro/Examples & Extras/Textures/Floor Tiles 1 - diffuse.jpg
  importAddress: Guid(85ac55597b97403c82fc6601a93cf241) Importer(2089858483,b0f066a214c2f5e87bad3c948f4d605d)
Start importing Assets/TextMesh Pro/Examples & Extras/Textures/Floor Tiles 1 - diffuse.jpg using Guid(85ac55597b97403c82fc6601a93cf241) Importer(2089858483,b0f066a214c2f5e87bad3c948f4d605d) (ScriptedImporter) -> (Import Result ID: '9f54deeeb038b522d61e5a15245a75f7') in 0.005177166 seconds [static and dynamic dependencies]. Details - ImportResultOutputID=cd578c128a60c7509341a1e7d917f8d5 DependenciesID=c97d6e9385ad5c28ce7056135a201719 StaticDependenciesID=a1c73e8632467aa7b25967b1fd61cb4f 
Number of updated asset objects reloaded before import = 0Number of asset objects unloaded after import = 1

========================================================================
Received Import Request.
  Time since last request: 0.000048 seconds.
  path: Assets/TextMesh Pro/Shaders/SDFFunctions.hlsl
  importAddress: Guid(96de908384869cd409c75efa351d5edf) Importer(2089858483,b0f066a214c2f5e87bad3c948f4d605d)
Start importing Assets/TextMesh Pro/Shaders/SDFFunctions.hlsl using Guid(96de908384869cd409c75efa351d5edf) Importer(2089858483,b0f066a214c2f5e87bad3c948f4d605d) (ScriptedImporter) -> (Import Result ID: 'deafb6d6feb0482bc8dadd1e61d6db33') in 0.001541334 seconds [static and dynamic dependencies]. Details - ImportResultOutputID=078f60d1b1424471eb1ac243238cb4d7 DependenciesID=c5c47cfe28a26d40b5e6e41c3c22b780 StaticDependenciesID=3bff8146d83da5cd9352f71ee2ae9e2c 
Number of updated asset objects reloaded before import = 0Number of asset objects unloaded after import = 1

========================================================================
Received Import Request.
  Time since last request: 0.000051 seconds.
  path: Assets/TextMesh Pro/Examples & Extras/Scenes/Benchmark (Floating Text).unity
  importAddress: Guid(16177da2e3254cee91944756d5f8ddd3) Importer(2089858483,b0f066a214c2f5e87bad3c948f4d605d)
Start importing Assets/TextMesh Pro/Examples & Extras/Scenes/Benchmark (Floating Text).unity using Guid(16177da2e3254cee91944756d5f8ddd3) Importer(2089858483,b0f066a214c2f5e87bad3c948f4d605d) (ScriptedImporter) -> (Import Result ID: '2a98a9c35854320f64028a3b1d5b079e') in 0.001701375 seconds [static and dynamic dependencies]. Details - ImportResultOutputID=62fe65a31dcb4458689cee2b160ebb28 DependenciesID=8910fe764ea3f52ae19f33e574d588ef StaticDependenciesID=8c91ee065a8fa7bddf032d40078bb4bb 
Number of updated asset objects reloaded before import = 0Number of asset objects unloaded after import = 1

========================================================================
Received Import Request.
  Time since last request: 0.000042 seconds.
  path: Assets/TextMesh Pro/Examples & Extras/Resources/Fonts & Materials/Unity SDF.asset
  importAddress: Guid(c9adb1f542a93ae489bacfeae21e8394) Importer(2089858483,b0f066a214c2f5e87bad3c948f4d605d)
Start importing Assets/TextMesh Pro/Examples & Extras/Resources/Fonts & Materials/Unity SDF.asset using Guid(c9adb1f542a93ae489bacfeae21e8394) Importer(2089858483,b0f066a214c2f5e87bad3c948f4d605d) (ScriptedImporter) -> (Import Result ID: '65475f850bb5f1703ba4380e5fa94399') in 0.019646083 seconds [static and dynamic dependencies]. Details - ImportResultOutputID=40d75f88d2c6fe2c214f72d2d602bd85 DependenciesID=8f634d718dfaa2276169918177f8cebc StaticDependenciesID=e461379b837f8bc2420ca9b16b38b625 
Number of updated asset objects reloaded before import = 0Number of asset objects unloaded after import = 4

========================================================================
Received Import Request.
  Time since last request: 0.000026 seconds.
  path: Assets/TextMesh Pro/Examples & Extras/Scripts/Benchmark03.cs
  importAddress: Guid(a73109742c8d47ac822895a473300c29) Importer(2089858483,b0f066a214c2f5e87bad3c948f4d605d)
Start importing Assets/TextMesh Pro/Examples & Extras/Scripts/Benchmark03.cs using Guid(a73109742c8d47ac822895a473300c29) Importer(2089858483,b0f066a214c2f5e87bad3c948f4d605d) (ScriptedImporter) -> (Import Result ID: '26d5d4ee53b88d576ebd7a22f45dab62') in 0.001432166 seconds [static and dynamic dependencies]. Details - ImportResultOutputID=6779c17aba7ff120fa6d2b509977c4cd DependenciesID=e3f873fea9ec33982197571e78ce21d3 StaticDependenciesID=2664abffca018359daf6d755e163a85a 
Number of updated asset objects reloaded before import = 0Number of asset objects unloaded after import = 0

========================================================================
Received Import Request.
  Time since last request: 0.000066 seconds.
  path: Assets/TextMesh Pro/Examples & Extras/Resources
  importAddress: Guid(d6d3a169ad794942a21da6a552d62f6f) Importer(2089858483,b0f066a214c2f5e87bad3c948f4d605d)
Start importing Assets/TextMesh Pro/Examples & Extras/Resources using Guid(d6d3a169ad794942a21da6a552d62f6f) Importer(2089858483,b0f066a214c2f5e87bad3c948f4d605d) (ScriptedImporter) -> (Import Result ID: '11c9133aced9499a750c80f7310f5b4e') in 0.001319125 seconds [static and dynamic dependencies]. Details - ImportResultOutputID=5fe6a21ce3026226b9bd2fb6c2be30b5 DependenciesID=733a1bf7985fea6909e1b45b9b48f8ab StaticDependenciesID=7dc93ef1ad597c3ad3e1211acd270181 
Number of updated asset objects reloaded before import = 0Number of asset objects unloaded after import = 1

========================================================================
Received Import Request.
  Time since last request: 0.000033 seconds.
  path: Assets/TextMesh Pro/Examples & Extras/Resources/Color Gradient Presets/Yellow to Orange - Vertical.asset
  importAddress: Guid(69a525efa7e6472eab268f6ea605f06e) Importer(2089858483,b0f066a214c2f5e87bad3c948f4d605d)
Start importing Assets/TextMesh Pro/Examples & Extras/Resources/Color Gradient Presets/Yellow to Orange - Vertical.asset using Guid(69a525efa7e6472eab268f6ea605f06e) Importer(2089858483,b0f066a214c2f5e87bad3c948f4d605d) (ScriptedImporter) -> (Import Result ID: '5d88089446765c7bc88e628caade8ce4') in 0.003084625 seconds [static and dynamic dependencies]. Details - ImportResultOutputID=8fbba4c27b940a36837e3692b1746086 DependenciesID=81e6277eb180e74091ae0dea655f3150 StaticDependenciesID=015c05d98c21468a8fbb6e4937887adc 
Number of updated asset objects reloaded before import = 0Number of asset objects unloaded after import = 1

========================================================================
Received Import Request.
  Time since last request: 0.000035 seconds.
  path: Assets/TextMesh Pro/Resources/Fonts & Materials/LiberationSans SDF.asset
  importAddress: Guid(8f586378b4e144a9851e7b34d9b748ee) Importer(2089858483,b0f066a214c2f5e87bad3c948f4d605d)
Start importing Assets/TextMesh Pro/Resources/Fonts & Materials/LiberationSans SDF.asset using Guid(8f586378b4e144a9851e7b34d9b748ee) Importer(2089858483,b0f066a214c2f5e87bad3c948f4d605d) (ScriptedImporter) -> (Import Result ID: '4cf8f09a2c72506f0d68f2261d05546b') in 0.015260667 seconds [static and dynamic dependencies]. Details - ImportResultOutputID=7d696c16cf28657bebb98b21970b3296 DependenciesID=88ab90c127d66d0d7ee6c1f19c6a2fba StaticDependenciesID=f24aa01374016caa59713b859ae89089 
Number of updated asset objects reloaded before import = 0Number of asset objects unloaded after import = 9

========================================================================
Received Import Request.
  Time since last request: 0.000034 seconds.
  path: Assets/TextMesh Pro/Examples & Extras/Materials/Crate - URP.mat
  importAddress: Guid(3b5cc91c3bf8cf74391252247f52fb59) Importer(2089858483,b0f066a214c2f5e87bad3c948f4d605d)
Start importing Assets/TextMesh Pro/Examples & Extras/Materials/Crate - URP.mat using Guid(3b5cc91c3bf8cf74391252247f52fb59) Importer(2089858483,b0f066a214c2f5e87bad3c948f4d605d) (ScriptedImporter) -> (Import Result ID: '9c5aa32f20437701f03fe53775b93c9b') in 0.006957958 seconds [static and dynamic dependencies]. Details - ImportResultOutputID=df55c0814c8c552e6f8ca598049cf17f DependenciesID=1fb62e88c3f25414e9eba432208eed1f StaticDependenciesID=562d8c0541eca7974b7663dc516edd06 
Number of updated asset objects reloaded before import = 0Number of asset objects unloaded after import = 3

========================================================================
Received Import Request.
  Time since last request: 0.000036 seconds.
  path: Assets/TextMesh Pro/Examples & Extras/Scripts/ChatController.cs
  importAddress: Guid(53d91f98a2664f5cb9af11de72ac54ec) Importer(2089858483,b0f066a214c2f5e87bad3c948f4d605d)
Start importing Assets/TextMesh Pro/Examples & Extras/Scripts/ChatController.cs using Guid(53d91f98a2664f5cb9af11de72ac54ec) Importer(2089858483,b0f066a214c2f5e87bad3c948f4d605d) (ScriptedImporter) -> (Import Result ID: '7057e4821ea02a3e0c8e8348aa32ef41') in 0.001599083 seconds [static and dynamic dependencies]. Details - ImportResultOutputID=ef1b3069f3c4771e926446a7f2683d8a DependenciesID=e15c80aed40b1408d78596907097e644 StaticDependenciesID=8917539df4bda088032a81d7c2589a2a 
Number of updated asset objects reloaded before import = 0Number of asset objects unloaded after import = 0

========================================================================
Received Import Request.
  Time since last request: 0.000032 seconds.
  path: Assets/TextMesh Pro/Resources/Fonts & Materials
  importAddress: Guid(731f1baa9d144a9897cb1d341c2092b8) Importer(2089858483,b0f066a214c2f5e87bad3c948f4d605d)
Start importing Assets/TextMesh Pro/Resources/Fonts & Materials using Guid(731f1baa9d144a9897cb1d341c2092b8) Importer(2089858483,b0f066a214c2f5e87bad3c948f4d605d) (ScriptedImporter) -> (Import Result ID: '2dde35aa2205653fcb85d114b395c61d') in 0.001392625 seconds [static and dynamic dependencies]. Details - ImportResultOutputID=0c53f9e0383af8f1ccccab721eaab276 DependenciesID=a0321bf1b88ec85cba800f2b94bab52e StaticDependenciesID=8aa1e3d56a7a98efaaad8ae212684b92 
Number of updated asset objects reloaded before import = 0Number of asset objects unloaded after import = 1

========================================================================
Received Import Request.
  Time since last request: 0.000043 seconds.
  path: Assets/TextMesh Pro/Examples & Extras/Materials/Crate - Surface Shader Scene.mat
  importAddress: Guid(e6b9b44320f4448d9d5e0ee634259966) Importer(2089858483,b0f066a214c2f5e87bad3c948f4d605d)
Start importing Assets/TextMesh Pro/Examples & Extras/Materials/Crate - Surface Shader Scene.mat using Guid(e6b9b44320f4448d9d5e0ee634259966) Importer(2089858483,b0f066a214c2f5e87bad3c948f4d605d) (ScriptedImporter) -> (Import Result ID: '050b63d1bb319885514a2d2ca5b476e7') in 0.014843833 seconds [static and dynamic dependencies]. Details - ImportResultOutputID=14114231990874e258b14b8452f768a8 DependenciesID=b79c3b3a283fbc152bcc41f6973048b6 StaticDependenciesID=e1d8c9948a975f93a8713111cd3ae9bf 
Number of updated asset objects reloaded before import = 0Number of asset objects unloaded after import = 3

========================================================================
Received Import Request.
  Time since last request: 0.000053 seconds.
  path: Assets/TextMesh Pro/Fonts/LiberationSans - OFL.txt
  importAddress: Guid(6e59c59b81ab47f9b6ec5781fa725d2c) Importer(2089858483,b0f066a214c2f5e87bad3c948f4d605d)
Start importing Assets/TextMesh Pro/Fonts/LiberationSans - OFL.txt using Guid(6e59c59b81ab47f9b6ec5781fa725d2c) Importer(2089858483,b0f066a214c2f5e87bad3c948f4d605d) (ScriptedImporter) -> (Import Result ID: 'e87f5b5e09fa31ee194a04a5a23068b9') in 0.00156175 seconds [static and dynamic dependencies]. Details - ImportResultOutputID=c1766bac449c8e6e559fe3632cfff435 DependenciesID=6a2f663f61d50380090220a35058d61a StaticDependenciesID=7649750a4598ec734fc3c768683475c9 
Number of updated asset objects reloaded before import = 0Number of asset objects unloaded after import = 1

========================================================================
Received Import Request.
  Time since last request: 0.000070 seconds.
  path: Assets/TextMesh Pro/Examples & Extras/Resources/Fonts & Materials/Oswald Bold SDF.asset
  importAddress: Guid(0161d805a3764c089bef00bfe00793f5) Importer(2089858483,b0f066a214c2f5e87bad3c948f4d605d)
Start importing Assets/TextMesh Pro/Examples & Extras/Resources/Fonts & Materials/Oswald Bold SDF.asset using Guid(0161d805a3764c089bef00bfe00793f5) Importer(2089858483,b0f066a214c2f5e87bad3c948f4d605d) (ScriptedImporter) -> (Import Result ID: '947168bbf47faf7076bf1e9652638d5f') in 0.009383333 seconds [static and dynamic dependencies]. Details - ImportResultOutputID=813c94a011f65bd97ca756a8d4fd27e7 DependenciesID=41aedaf77c02429608a7020c0ccce78e StaticDependenciesID=13f2f249888a881132ef96f44c4e9506 
Number of updated asset objects reloaded before import = 0Number of asset objects unloaded after import = 7

========================================================================
Received Import Request.
  Time since last request: 0.000030 seconds.
  path: Assets/TextMesh Pro/Examples & Extras/Scripts/TMP_TextEventCheck.cs
  importAddress: Guid(d736ce056cf444ca96e424f4d9c42b76) Importer(2089858483,b0f066a214c2f5e87bad3c948f4d605d)
Start importing Assets/TextMesh Pro/Examples & Extras/Scripts/TMP_TextEventCheck.cs using Guid(d736ce056cf444ca96e424f4d9c42b76) Importer(2089858483,b0f066a214c2f5e87bad3c948f4d605d) (ScriptedImporter) -> (Import Result ID: '960671bbb5ff021c4d7b3bca30cc1559') in 0.002560334 seconds [static and dynamic dependencies]. Details - ImportResultOutputID=2216f396b81bc3f3383bfe1679f92bd5 DependenciesID=354f44a26221851a7bd3ee7195d3d282 StaticDependenciesID=dce67f9a25a511aa1c991e0e8ceba527 
Number of updated asset objects reloaded before import = 0Number of asset objects unloaded after import = 0

========================================================================
Received Import Request.
  Time since last request: 0.000059 seconds.
  path: Assets/TextMesh Pro/Examples & Extras/Scripts/Benchmark01_UGUI.cs
  importAddress: Guid(8ef7be1c625941f7ba8ed7cc71718c0d) Importer(2089858483,b0f066a214c2f5e87bad3c948f4d605d)
Start importing Assets/TextMesh Pro/Examples & Extras/Scripts/Benchmark01_UGUI.cs using Guid(8ef7be1c625941f7ba8ed7cc71718c0d) Importer(2089858483,b0f066a214c2f5e87bad3c948f4d605d) (ScriptedImporter) -> (Import Result ID: '5ae15d6d12cac936408c9ac3c7e3d466') in 0.00135975 seconds [static and dynamic dependencies]. Details - ImportResultOutputID=edef59f27edec315f391c5f7ce4efeeb DependenciesID=0269821159869bd2ab9ff285ff4882db StaticDependenciesID=5f74258efc14844bd3ed5e9af5a2eed6 
Number of updated asset objects reloaded before import = 0Number of asset objects unloaded after import = 0

========================================================================
Received Import Request.
  Time since last request: 0.000047 seconds.
  path: Assets/TextMesh Pro/Examples & Extras/Scripts/VertexColorCycler.cs
  importAddress: Guid(91b8ba3d52e041fab2d0e0f169855539) Importer(2089858483,b0f066a214c2f5e87bad3c948f4d605d)
Start importing Assets/TextMesh Pro/Examples & Extras/Scripts/VertexColorCycler.cs using Guid(91b8ba3d52e041fab2d0e0f169855539) Importer(2089858483,b0f066a214c2f5e87bad3c948f4d605d) (ScriptedImporter) -> (Import Result ID: 'b54f51b19299ca7e8204c55c40eca237') in 0.001717375 seconds [static and dynamic dependencies]. Details - ImportResultOutputID=d15c64bd2298a24b151cc57ff89afddc DependenciesID=aef19b4c336c0c18bc3628e1b300dfac StaticDependenciesID=1deed37a530943e825f7ec4ff7d8dbe4 
Number of updated asset objects reloaded before import = 0Number of asset objects unloaded after import = 0

========================================================================
Received Import Request.
  Time since last request: 0.000047 seconds.
  path: Assets/TextMesh Pro/Examples & Extras/Resources/Color Gradient Presets/Dark to Light Green - Vertical.asset
  importAddress: Guid(4c86a3366cd840348ebe8dc438570ee4) Importer(2089858483,b0f066a214c2f5e87bad3c948f4d605d)
Start importing Assets/TextMesh Pro/Examples & Extras/Resources/Color Gradient Presets/Dark to Light Green - Vertical.asset using Guid(4c86a3366cd840348ebe8dc438570ee4) Importer(2089858483,b0f066a214c2f5e87bad3c948f4d605d) (ScriptedImporter) -> (Import Result ID: '971892d1c74f3351ce0a7139af47d24e') in 0.00170575 seconds [static and dynamic dependencies]. Details - ImportResultOutputID=1f54ed445e2874ab3137dc1ec9e5b77c DependenciesID=2b6148420c4b583c4eb5eb17da204a0a StaticDependenciesID=c17284265e9f053098fe8564f6287ebb 
Number of updated asset objects reloaded before import = 0Number of asset objects unloaded after import = 1

========================================================================
Received Import Request.
  Time since last request: 0.000085 seconds.
  path: Assets/TextMesh Pro/Examples & Extras/Scenes/03 - Line Justification.unity
  importAddress: Guid(21a509e1d3cd49978623fa564adb6f02) Importer(2089858483,b0f066a214c2f5e87bad3c948f4d605d)
Start importing Assets/TextMesh Pro/Examples & Extras/Scenes/03 - Line Justification.unity using Guid(21a509e1d3cd49978623fa564adb6f02) Importer(2089858483,b0f066a214c2f5e87bad3c948f4d605d) (ScriptedImporter) -> (Import Result ID: '45041079994b95ff14541bfdf034d3e4') in 0.001984125 seconds [static and dynamic dependencies]. Details - ImportResultOutputID=32aa60772a0292922d5d742988724f81 DependenciesID=48222cad23bc4b1464618cc349ed931b StaticDependenciesID=a55e284f017e803ecfac8c4b8bccd81a 
Number of updated asset objects reloaded before import = 0Number of asset objects unloaded after import = 1

========================================================================
Received Import Request.
  Time since last request: 0.000041 seconds.
  path: Assets/TextMesh Pro/Examples & Extras/Resources/Fonts & Materials/Bangers SDF Logo - URP.mat
  importAddress: Guid(6751ce1a4611b3940812c13a6847d94f) Importer(2089858483,b0f066a214c2f5e87bad3c948f4d605d)
Start importing Assets/TextMesh Pro/Examples & Extras/Resources/Fonts & Materials/Bangers SDF Logo - URP.mat using Guid(6751ce1a4611b3940812c13a6847d94f) Importer(2089858483,b0f066a214c2f5e87bad3c948f4d605d) (ScriptedImporter) -> (Import Result ID: '366e5129e7e9719863bcaaf67dd8feed') in 0.004363541 seconds [static and dynamic dependencies]. Details - ImportResultOutputID=6f37c3d357c25ebb892722e8d4f8f8cf DependenciesID=713a07874f07a10ef9c3927a8ac6085c StaticDependenciesID=fffb3766aa2672f041734c19d1610537 
Number of updated asset objects reloaded before import = 0Number of asset objects unloaded after import = 5

========================================================================
Received Import Request.
  Time since last request: 0.000042 seconds.
  path: Assets/TextMesh Pro/Examples & Extras/Scenes/24 - Surface Shader Example URP.unity
  importAddress: Guid(57694ed9d1cd1e340a4924c0f2eac8e3) Importer(2089858483,b0f066a214c2f5e87bad3c948f4d605d)
Start importing Assets/TextMesh Pro/Examples & Extras/Scenes/24 - Surface Shader Example URP.unity using Guid(57694ed9d1cd1e340a4924c0f2eac8e3) Importer(2089858483,b0f066a214c2f5e87bad3c948f4d605d) (ScriptedImporter) -> (Import Result ID: '0fd2bc0ef07b38a44972acd1c23bdd64') in 0.003570958 seconds [static and dynamic dependencies]. Details - ImportResultOutputID=420cc64f7d68a533a9714ce64f5dcfc2 DependenciesID=4d5726d9e483b2ee194502712fd85024 StaticDependenciesID=2195cd50b32388c0a55e26d0c7556042 
Number of updated asset objects reloaded before import = 0Number of asset objects unloaded after import = 1

========================================================================
Received Import Request.
  Time since last request: 0.000063 seconds.
  path: Assets/TextMesh Pro/Examples & Extras/Fonts/Anton OFL.txt
  importAddress: Guid(73a79399807f4e8388c2cbb5494681ca) Importer(2089858483,b0f066a214c2f5e87bad3c948f4d605d)
Start importing Assets/TextMesh Pro/Examples & Extras/Fonts/Anton OFL.txt using Guid(73a79399807f4e8388c2cbb5494681ca) Importer(2089858483,b0f066a214c2f5e87bad3c948f4d605d) (ScriptedImporter) -> (Import Result ID: '62975295115033d9784d63626cf04c09') in 0.001740542 seconds [static and dynamic dependencies]. Details - ImportResultOutputID=13537961ed257bb1e4773dbafb7c6d58 DependenciesID=a5f31101fe7174a7050b2617ac044286 StaticDependenciesID=d747db5815a8625f006fa96fe3403e64 
Number of updated asset objects reloaded before import = 0Number of asset objects unloaded after import = 1

========================================================================
Received Import Request.
  Time since last request: 0.000074 seconds.
  path: Assets/TextMesh Pro/Examples & Extras/Materials/Ground - Surface Shader Scene.mat
  importAddress: Guid(aadd5a709a48466c887296bb5b1b8110) Importer(2089858483,b0f066a214c2f5e87bad3c948f4d605d)
Start importing Assets/TextMesh Pro/Examples & Extras/Materials/Ground - Surface Shader Scene.mat using Guid(aadd5a709a48466c887296bb5b1b8110) Importer(2089858483,b0f066a214c2f5e87bad3c948f4d605d) (ScriptedImporter) -> (Import Result ID: 'ceb583bdd83f7910e4821107ab04ee18') in 0.002600459 seconds [static and dynamic dependencies]. Details - ImportResultOutputID=4a46d199e6e9319f55ec2cc9773138eb DependenciesID=31f343cc9fd74b91432d4e4b70bc6313 StaticDependenciesID=2c0de4a4db87105201945bc6290ba2b3 
Number of updated asset objects reloaded before import = 0Number of asset objects unloaded after import = 2

========================================================================
Received Import Request.
  Time since last request: 0.000040 seconds.
  path: Assets/TextMesh Pro/Examples & Extras/Textures/Floor Cement.jpg
  importAddress: Guid(283f897e4925411ebbaa758b4cb13fc2) Importer(2089858483,b0f066a214c2f5e87bad3c948f4d605d)
Start importing Assets/TextMesh Pro/Examples & Extras/Textures/Floor Cement.jpg using Guid(283f897e4925411ebbaa758b4cb13fc2) Importer(2089858483,b0f066a214c2f5e87bad3c948f4d605d) (ScriptedImporter) -> (Import Result ID: '7f99cb24d8da0e489401004ce0d3cd0e') in 0.002915833 seconds [static and dynamic dependencies]. Details - ImportResultOutputID=0847605532cd673b95854e302648c42c DependenciesID=192394cf043eeb526826d751b96f26b4 StaticDependenciesID=6566fdd2a313269c0bce243de430bbde 
Number of updated asset objects reloaded before import = 0Number of asset objects unloaded after import = 1

========================================================================
Received Import Request.
  Time since last request: 0.000036 seconds.
  path: Assets/TextMesh Pro/Examples & Extras/Resources/Color Gradient Presets/Light to Dark Green - Vertical.asset
  importAddress: Guid(5cf8ae092ca54931b443bec5148f3c59) Importer(2089858483,b0f066a214c2f5e87bad3c948f4d605d)
Start importing Assets/TextMesh Pro/Examples & Extras/Resources/Color Gradient Presets/Light to Dark Green - Vertical.asset using Guid(5cf8ae092ca54931b443bec5148f3c59) Importer(2089858483,b0f066a214c2f5e87bad3c948f4d605d) (ScriptedImporter) -> (Import Result ID: '400edd4523ba02ab57808822758bc618') in 0.002172542 seconds [static and dynamic dependencies]. Details - ImportResultOutputID=1a7ab3959433ae835c9cbb8f332091d3 DependenciesID=1958eef5d31239c43dc23c91bf7b6d71 StaticDependenciesID=ff1eb7682a4b122418454e9e6aafa30e 
Number of updated asset objects reloaded before import = 0Number of asset objects unloaded after import = 1

========================================================================
Received Import Request.
  Time since last request: 0.000089 seconds.
  path: Assets/TextMesh Pro/Examples & Extras/Textures/Fruit Jelly (B&W).jpg
  importAddress: Guid(1cdc5b506b1a4a33a53c30669ced1f51) Importer(2089858483,b0f066a214c2f5e87bad3c948f4d605d)
Start importing Assets/TextMesh Pro/Examples & Extras/Textures/Fruit Jelly (B&W).jpg using Guid(1cdc5b506b1a4a33a53c30669ced1f51) Importer(2089858483,b0f066a214c2f5e87bad3c948f4d605d) (ScriptedImporter) -> (Import Result ID: 'fcd5902cfa0987079bdfa2daa7699724') in 0.004041958 seconds [static and dynamic dependencies]. Details - ImportResultOutputID=36e1a390a4797696a08ee7e55756e2d9 DependenciesID=27723130239e3009e98561bba70cf59b StaticDependenciesID=7dfc1d4d9d22eed8a100064430f6202e 
Number of updated asset objects reloaded before import = 0Number of asset objects unloaded after import = 1

========================================================================
Received Import Request.
  Time since last request: 0.000062 seconds.
  path: Assets/TextMesh Pro/Examples & Extras/Scenes/13 - Soft Hyphenation.unity
  importAddress: Guid(875684baf40f4d008ce806d03e2a81b2) Importer(2089858483,b0f066a214c2f5e87bad3c948f4d605d)
Start importing Assets/TextMesh Pro/Examples & Extras/Scenes/13 - Soft Hyphenation.unity using Guid(875684baf40f4d008ce806d03e2a81b2) Importer(2089858483,b0f066a214c2f5e87bad3c948f4d605d) (ScriptedImporter) -> (Import Result ID: 'a7f5673ccd37d9b50a587065c3cc3cf0') in 0.0022545 seconds [static and dynamic dependencies]. Details - ImportResultOutputID=f945d580ef31ec446eb9dbec2baff954 DependenciesID=c4cd0752d793ea9c41da08f61d7a9453 StaticDependenciesID=8b22a603b95319b51179f73ca79b9eb2 
Number of updated asset objects reloaded before import = 0Number of asset objects unloaded after import = 1

========================================================================
Received Import Request.
  Time since last request: 0.000039 seconds.
  path: Assets/TextMesh Pro/Examples & Extras/Resources/Fonts & Materials/Electronic Highway Sign SDF.asset
  importAddress: Guid(dc36b3fdc14f47ebb36fd484a67e268a) Importer(2089858483,b0f066a214c2f5e87bad3c948f4d605d)
Start importing Assets/TextMesh Pro/Examples & Extras/Resources/Fonts & Materials/Electronic Highway Sign SDF.asset using Guid(dc36b3fdc14f47ebb36fd484a67e268a) Importer(2089858483,b0f066a214c2f5e87bad3c948f4d605d) (ScriptedImporter) -> (Import Result ID: 'c0c42157d64c8b63436ef76e5103e2eb') in 0.006706209 seconds [static and dynamic dependencies]. Details - ImportResultOutputID=0725b20602bff6fa362ea3561ba2c461 DependenciesID=f40c74fe26d7082ccf0583a45703663f StaticDependenciesID=65d67b930d39e1ee3fdb95a811611b04 
Number of updated asset objects reloaded before import = 0Number of asset objects unloaded after import = 6

========================================================================
Received Import Request.
  Time since last request: 0.000048 seconds.
  path: Assets/TextMesh Pro/Shaders/TMP_SDF-Mobile Masking.shader
  importAddress: Guid(bc1ede39bf3643ee8e493720e4259791) Importer(2089858483,b0f066a214c2f5e87bad3c948f4d605d)
Start importing Assets/TextMesh Pro/Shaders/TMP_SDF-Mobile Masking.shader using Guid(bc1ede39bf3643ee8e493720e4259791) Importer(2089858483,b0f066a214c2f5e87bad3c948f4d605d) (ScriptedImporter) -> (Import Result ID: '1f7e6b3a04374a3c6d2a31baf7de29bb') in 0.002663125 seconds [static and dynamic dependencies]. Details - ImportResultOutputID=4a96d4f5f57d593d1002e2f094dffe20 DependenciesID=9880e2cc8581c004e12a1775f90cb063 StaticDependenciesID=b2e4bad493ac3537cb302ac08a5c77f9 
Number of updated asset objects reloaded before import = 0Number of asset objects unloaded after import = 1

========================================================================
Received Import Request.
  Time since last request: 0.000049 seconds.
  path: Assets/TextMesh Pro/Examples & Extras/Sprites
  importAddress: Guid(701e577af2ba48b689972d42efb95456) Importer(2089858483,b0f066a214c2f5e87bad3c948f4d605d)
Start importing Assets/TextMesh Pro/Examples & Extras/Sprites using Guid(701e577af2ba48b689972d42efb95456) Importer(2089858483,b0f066a214c2f5e87bad3c948f4d605d) (ScriptedImporter) -> (Import Result ID: '291edb8f7bcbefa92980287b9375061f') in 0.001488084 seconds [static and dynamic dependencies]. Details - ImportResultOutputID=b0557e072076cb301fbeb29287742024 DependenciesID=356ff71e2f5fa2f9e2a0d0e7240dc1d8 StaticDependenciesID=487f8000beaf11252fc38637e7925b10 
Number of updated asset objects reloaded before import = 0Number of asset objects unloaded after import = 1

========================================================================
Received Import Request.
  Time since last request: 0.000049 seconds.
  path: Assets/TextMesh Pro/Shaders/TMP_SDF-Mobile-2-Pass.shader
  importAddress: Guid(0178fcb869bafef4690d177d31d17db8) Importer(2089858483,b0f066a214c2f5e87bad3c948f4d605d)
Start importing Assets/TextMesh Pro/Shaders/TMP_SDF-Mobile-2-Pass.shader using Guid(0178fcb869bafef4690d177d31d17db8) Importer(2089858483,b0f066a214c2f5e87bad3c948f4d605d) (ScriptedImporter) -> (Import Result ID: 'e00612ded6f1b476e57f41d41ca8f318') in 0.002161584 seconds [static and dynamic dependencies]. Details - ImportResultOutputID=81425715d530865064c553afdd3ba3ad DependenciesID=d28afc64ffb5f426007afbfd9eaaa867 StaticDependenciesID=2936f04a1dd55b511cbbf5990c3e04da 
Number of updated asset objects reloaded before import = 0Number of asset objects unloaded after import = 1

========================================================================
Received Import Request.
  Time since last request: 0.000044 seconds.
  path: Assets/TextMesh Pro/Examples & Extras/Sprites/Default Sprites.png
  importAddress: Guid(a0fc465d6cf04254a2938578735e2383) Importer(2089858483,b0f066a214c2f5e87bad3c948f4d605d)
Start importing Assets/TextMesh Pro/Examples & Extras/Sprites/Default Sprites.png using Guid(a0fc465d6cf04254a2938578735e2383) Importer(2089858483,b0f066a214c2f5e87bad3c948f4d605d) (ScriptedImporter) -> (Import Result ID: 'c1a9a22c4fed25922f60b63d1a789eca') in 0.003726916 seconds [static and dynamic dependencies]. Details - ImportResultOutputID=500d3122df1fed5d4f23b9a7b4b17f71 DependenciesID=8d51c90fef8b1d34404117a0ce72daea StaticDependenciesID=daacb5b85a9d9323241d4b6b29a7d024 
Number of updated asset objects reloaded before import = 0Number of asset objects unloaded after import = 1

========================================================================
Received Import Request.
  Time since last request: 0.000053 seconds.
  path: Assets/TextMesh Pro/Examples & Extras/Scripts/VertexZoom.cs
  importAddress: Guid(52ec835d14bd486f900952b77698b7eb) Importer(2089858483,b0f066a214c2f5e87bad3c948f4d605d)
Start importing Assets/TextMesh Pro/Examples & Extras/Scripts/VertexZoom.cs using Guid(52ec835d14bd486f900952b77698b7eb) Importer(2089858483,b0f066a214c2f5e87bad3c948f4d605d) (ScriptedImporter) -> (Import Result ID: '78480cd60a87aecfd3c55465ea9bee19') in 0.001658833 seconds [static and dynamic dependencies]. Details - ImportResultOutputID=d281a3d8c1cc8a0331f49e9275de5b12 DependenciesID=22bd50a4c46f624241861b4ac1044475 StaticDependenciesID=deee0a901c8c905c3c27cb08e28e2241 
Number of updated asset objects reloaded before import = 0Number of asset objects unloaded after import = 0

========================================================================
Received Import Request.
  Time since last request: 0.000050 seconds.
  path: Assets/TextMesh Pro/Examples & Extras/Scenes/15 - Inline Graphics & Sprites.unity
  importAddress: Guid(e76e6c0f81964cbda3fe0b7d26ed8060) Importer(2089858483,b0f066a214c2f5e87bad3c948f4d605d)
Start importing Assets/TextMesh Pro/Examples & Extras/Scenes/15 - Inline Graphics & Sprites.unity using Guid(e76e6c0f81964cbda3fe0b7d26ed8060) Importer(2089858483,b0f066a214c2f5e87bad3c948f4d605d) (ScriptedImporter) -> (Import Result ID: 'f526b18c47df26ebf9f5ebc80fa67da5') in 0.002141833 seconds [static and dynamic dependencies]. Details - ImportResultOutputID=0d57798ba8d3357ff5b09f21196dd1c4 DependenciesID=566172883cbc24337068f259f122dcf7 StaticDependenciesID=5e26c399827767fcf2d698b09612d3e7 
Number of updated asset objects reloaded before import = 0Number of asset objects unloaded after import = 1

========================================================================
Received Import Request.
  Time since last request: 0.000045 seconds.
  path: Assets/TextMesh Pro/Shaders/TMP_SDF-HDRP LIT.shadergraph
  importAddress: Guid(ca2ed216f98028c4dae6c5224a952b3c) Importer(2089858483,b0f066a214c2f5e87bad3c948f4d605d)
Start importing Assets/TextMesh Pro/Shaders/TMP_SDF-HDRP LIT.shadergraph using Guid(ca2ed216f98028c4dae6c5224a952b3c) Importer(2089858483,b0f066a214c2f5e87bad3c948f4d605d) (ScriptedImporter) -> (Import Result ID: 'ec375002ad7719ae4163bbdfa89aa918') in 0.003884666 seconds [static and dynamic dependencies]. Details - ImportResultOutputID=b806c3d3e04d7837a331452f32deaa78 DependenciesID=76e12806a6065d62b500afd134e4cc95 StaticDependenciesID=d2e47b0202b7793cc774999f519fc45b 
Number of updated asset objects reloaded before import = 0Number of asset objects unloaded after import = 3

========================================================================
Received Import Request.
  Time since last request: 0.000033 seconds.
  path: Assets/TextMesh Pro/Examples & Extras/Textures/Small Crate_diffuse.jpg
  importAddress: Guid(602cb87b6a29443b8636370ea0751574) Importer(2089858483,b0f066a214c2f5e87bad3c948f4d605d)
Start importing Assets/TextMesh Pro/Examples & Extras/Textures/Small Crate_diffuse.jpg using Guid(602cb87b6a29443b8636370ea0751574) Importer(2089858483,b0f066a214c2f5e87bad3c948f4d605d) (ScriptedImporter) -> (Import Result ID: 'a6fd54d6c363c22138c74716ebbfff6e') in 0.003979334 seconds [static and dynamic dependencies]. Details - ImportResultOutputID=af9bee4f27318ddd47839668cab0f9f3 DependenciesID=0a364dc992c0a12407026a8d382bfb4a StaticDependenciesID=7b727f8fb5f073f4cf0a208cb43a10da 
Number of updated asset objects reloaded before import = 0Number of asset objects unloaded after import = 1

========================================================================
Received Import Request.
  Time since last request: 0.000030 seconds.
  path: Assets/TextMesh Pro/Examples & Extras/Scenes/23 - Animating Vertex Attributes.unity
  importAddress: Guid(54e994244b4b467e8583cf2da6dcc716) Importer(2089858483,b0f066a214c2f5e87bad3c948f4d605d)
Start importing Assets/TextMesh Pro/Examples & Extras/Scenes/23 - Animating Vertex Attributes.unity using Guid(54e994244b4b467e8583cf2da6dcc716) Importer(2089858483,b0f066a214c2f5e87bad3c948f4d605d) (ScriptedImporter) -> (Import Result ID: 'aa47aaf0f392b613108fdacf11180692') in 0.001730375 seconds [static and dynamic dependencies]. Details - ImportResultOutputID=61329a60ed9ed80a1260a33ac01e7c3a DependenciesID=f6c1577a8a595131772c0e5edd0830f9 StaticDependenciesID=aa55b32ef9dec03eb78d278785cb46bf 
Number of updated asset objects reloaded before import = 0Number of asset objects unloaded after import = 1

========================================================================
Received Import Request.
  Time since last request: 0.000028 seconds.
  path: Assets/TextMesh Pro/Examples & Extras/Textures/Sunny Days - Seamless.jpg
  importAddress: Guid(17c350171f7a3ca479f830547c66d187) Importer(2089858483,b0f066a214c2f5e87bad3c948f4d605d)
Start importing Assets/TextMesh Pro/Examples & Extras/Textures/Sunny Days - Seamless.jpg using Guid(17c350171f7a3ca479f830547c66d187) Importer(2089858483,b0f066a214c2f5e87bad3c948f4d605d) (ScriptedImporter) -> (Import Result ID: '0bdc6f13b50eedf20fd1ca5c794bcb85') in 0.003131875 seconds [static and dynamic dependencies]. Details - ImportResultOutputID=c9cdfc271d402d5a6a0c5c28305b12ff DependenciesID=2b062d5fd922ccd25b124d88e53b987d StaticDependenciesID=f73eef0758210f48aa5fc98cd02d8ceb 
Number of updated asset objects reloaded before import = 0Number of asset objects unloaded after import = 1

========================================================================
Received Import Request.
  Time since last request: 0.000044 seconds.
  path: Assets/TextMesh Pro/Examples & Extras/Materials/Ground - URP.mat
  importAddress: Guid(71529b88994c1a341b22bc57c038674a) Importer(2089858483,b0f066a214c2f5e87bad3c948f4d605d)
Start importing Assets/TextMesh Pro/Examples & Extras/Materials/Ground - URP.mat using Guid(71529b88994c1a341b22bc57c038674a) Importer(2089858483,b0f066a214c2f5e87bad3c948f4d605d) (ScriptedImporter) -> (Import Result ID: 'cbe1f534530f77d100a52ba7e8c22b3a') in 0.002242291 seconds [static and dynamic dependencies]. Details - ImportResultOutputID=7509ff66d41022713fce36d3ac040444 DependenciesID=7da67ccf1723d7f555c3d49ea4814038 StaticDependenciesID=9d4de6c82e42db88fd72629ce693009f 
Number of updated asset objects reloaded before import = 0Number of asset objects unloaded after import = 2

========================================================================
Received Import Request.
  Time since last request: 0.000037 seconds.
  path: Assets/TextMesh Pro/Shaders/TMP_Sprite.shader
  importAddress: Guid(cf81c85f95fe47e1a27f6ae460cf182c) Importer(2089858483,b0f066a214c2f5e87bad3c948f4d605d)
Start importing Assets/TextMesh Pro/Shaders/TMP_Sprite.shader using Guid(cf81c85f95fe47e1a27f6ae460cf182c) Importer(2089858483,b0f066a214c2f5e87bad3c948f4d605d) (ScriptedImporter) -> (Import Result ID: '7eb6d235e4928a94dcd78ef3df6a3511') in 0.001860208 seconds [static and dynamic dependencies]. Details - ImportResultOutputID=d6c5629af0ac39203b29e88d54250efd DependenciesID=fd25dbe7ec0306ade7312a98820a00f3 StaticDependenciesID=a81e5bd42182df2690e5bdad867634f4 
Number of updated asset objects reloaded before import = 0Number of asset objects unloaded after import = 1

========================================================================
Received Import Request.
  Time since last request: 0.000044 seconds.
  path: Assets/TextMesh Pro/Examples & Extras/Textures/Gradient Horizontal (Color).jpg
  importAddress: Guid(6eb184de103d4b3f812b38561065192f) Importer(2089858483,b0f066a214c2f5e87bad3c948f4d605d)
Start importing Assets/TextMesh Pro/Examples & Extras/Textures/Gradient Horizontal (Color).jpg using Guid(6eb184de103d4b3f812b38561065192f) Importer(2089858483,b0f066a214c2f5e87bad3c948f4d605d) (ScriptedImporter) -> (Import Result ID: '7f8c14a168a8ba6f067f17c59ae7c85c') in 0.004470958 seconds [static and dynamic dependencies]. Details - ImportResultOutputID=e8d7c6e32bfc40922d16df4f31c6ff2c DependenciesID=eb0473f842eb5b0276a980000afc686e StaticDependenciesID=b9218f649c44488f96aedd289c3361e4 
Number of updated asset objects reloaded before import = 0Number of asset objects unloaded after import = 1

========================================================================
Received Import Request.
  Time since last request: 0.000044 seconds.
  path: Assets/TextMesh Pro/Examples & Extras/Fonts/Roboto-Bold - AFL.txt
  importAddress: Guid(f28c334d44214474d9702d3ad79ecb0a) Importer(2089858483,b0f066a214c2f5e87bad3c948f4d605d)
Start importing Assets/TextMesh Pro/Examples & Extras/Fonts/Roboto-Bold - AFL.txt using Guid(f28c334d44214474d9702d3ad79ecb0a) Importer(2089858483,b0f066a214c2f5e87bad3c948f4d605d) (ScriptedImporter) -> (Import Result ID: '2a20f8d41501ea2e8bf256ea36ee3ba3') in 0.001538292 seconds [static and dynamic dependencies]. Details - ImportResultOutputID=dea14b4b8822154d07248a3932e0dc13 DependenciesID=011f4942f03c589e49fba12e5b886da9 StaticDependenciesID=cbec66116dde00fda57beca4eb6ceb46 
Number of updated asset objects reloaded before import = 0Number of asset objects unloaded after import = 1

========================================================================
Received Import Request.
  Time since last request: 0.000037 seconds.
  path: Assets/TextMesh Pro/Examples & Extras/Scenes/01-  Single Line TextMesh Pro.unity
  importAddress: Guid(2ac8cf212df6445e8aebbe3cb832e993) Importer(2089858483,b0f066a214c2f5e87bad3c948f4d605d)
Start importing Assets/TextMesh Pro/Examples & Extras/Scenes/01-  Single Line TextMesh Pro.unity using Guid(2ac8cf212df6445e8aebbe3cb832e993) Importer(2089858483,b0f066a214c2f5e87bad3c948f4d605d) (ScriptedImporter) -> (Import Result ID: '04e200ceaaa9d569b21a25b1cbaf8282') in 0.002179417 seconds [static and dynamic dependencies]. Details - ImportResultOutputID=01fc5c58829203d0e0169e2a18b50490 DependenciesID=8c6554391c295b843f9fc4eae39ce70c StaticDependenciesID=999078f337ab57b4bb3d91e4947f30ee 
Number of updated asset objects reloaded before import = 0Number of asset objects unloaded after import = 1

========================================================================
Received Import Request.
  Time since last request: 0.000046 seconds.
  path: Assets/TextMesh Pro/Examples & Extras/Scenes/09 - Margin Tag Example.unity
  importAddress: Guid(349f38d3606449708c7340d26740e1e2) Importer(2089858483,b0f066a214c2f5e87bad3c948f4d605d)
Start importing Assets/TextMesh Pro/Examples & Extras/Scenes/09 - Margin Tag Example.unity using Guid(349f38d3606449708c7340d26740e1e2) Importer(2089858483,b0f066a214c2f5e87bad3c948f4d605d) (ScriptedImporter) -> (Import Result ID: '6ceb8cfda732fc30c303bdbac8bdfbe0') in 0.001988584 seconds [static and dynamic dependencies]. Details - ImportResultOutputID=c5daef4dd82679c06cec238bc31c18ba DependenciesID=f917b74b99b982918e8b4b4f4039e015 StaticDependenciesID=c301d0de733d210ce399dfdb5708fb83 
Number of updated asset objects reloaded before import = 0Number of asset objects unloaded after import = 1

========================================================================
Received Import Request.
  Time since last request: 0.000057 seconds.
  path: Assets/TextMesh Pro/Examples & Extras/Resources/Fonts & Materials/Bangers SDF.asset
  importAddress: Guid(125cb55b44b24c4393181402bc6200e6) Importer(2089858483,b0f066a214c2f5e87bad3c948f4d605d)
Start importing Assets/TextMesh Pro/Examples & Extras/Resources/Fonts & Materials/Bangers SDF.asset using Guid(125cb55b44b24c4393181402bc6200e6) Importer(2089858483,b0f066a214c2f5e87bad3c948f4d605d) (ScriptedImporter) -> (Import Result ID: '171a97b0c2efb18b7e34c2045e58bc3d') in 0.0067325 seconds [static and dynamic dependencies]. Details - ImportResultOutputID=15c978ddc8ea31161ae62d1c6925ed41 DependenciesID=31ca91f3a704f21d6c891f2c3e664d54 StaticDependenciesID=ff1954914a2b8352ca3170da2feacf4f 
Number of updated asset objects reloaded before import = 0Number of asset objects unloaded after import = 7

========================================================================
Received Import Request.
  Time since last request: 0.000036 seconds.
  path: Assets/TextMesh Pro/Shaders/TMP_SDF SSD.shader
  importAddress: Guid(14eb328de4b8eb245bb7cea29e4ac00b) Importer(2089858483,b0f066a214c2f5e87bad3c948f4d605d)
Start importing Assets/TextMesh Pro/Shaders/TMP_SDF SSD.shader using Guid(14eb328de4b8eb245bb7cea29e4ac00b) Importer(2089858483,b0f066a214c2f5e87bad3c948f4d605d) (ScriptedImporter) -> (Import Result ID: '01c4fcd2bdf3498d526c6cf3c08241e7') in 0.002708584 seconds [static and dynamic dependencies]. Details - ImportResultOutputID=01e0c463a4929ba41fb627e0b50859c3 DependenciesID=215dd8e1f94f1126ba87678cb99ef4ce StaticDependenciesID=8dab4151aa6bd08630c2d16ff94a2c92 
Number of updated asset objects reloaded before import = 0Number of asset objects unloaded after import = 2

========================================================================
Received Import Request.
  Time since last request: 0.000043 seconds.
  path: Assets/TextMesh Pro/Examples & Extras/Scenes/10 - Bullets & Numbered List Example.unity
  importAddress: Guid(c3f814e1d12c45568daf3dd9a86a0e61) Importer(2089858483,b0f066a214c2f5e87bad3c948f4d605d)
Start importing Assets/TextMesh Pro/Examples & Extras/Scenes/10 - Bullets & Numbered List Example.unity using Guid(c3f814e1d12c45568daf3dd9a86a0e61) Importer(2089858483,b0f066a214c2f5e87bad3c948f4d605d) (ScriptedImporter) -> (Import Result ID: 'da3dc6aef0c32e5c99c83e291f6843d3') in 0.001862667 seconds [static and dynamic dependencies]. Details - ImportResultOutputID=ba01e4dc3c986ad94a3d98c4afc96bf7 DependenciesID=528120ff8343b8dd454eb81770b518ca StaticDependenciesID=5da279dec08c38354a1348ae6d6abdfe 
Number of updated asset objects reloaded before import = 0Number of asset objects unloaded after import = 1

========================================================================
Received Import Request.
  Time since last request: 0.000045 seconds.
  path: Assets/TextMesh Pro/Examples & Extras/Fonts/Oswald-Bold - OFL.txt
  importAddress: Guid(d2cf87a8a7a94aa8b80dff1c807c1178) Importer(2089858483,b0f066a214c2f5e87bad3c948f4d605d)
Start importing Assets/TextMesh Pro/Examples & Extras/Fonts/Oswald-Bold - OFL.txt using Guid(d2cf87a8a7a94aa8b80dff1c807c1178) Importer(2089858483,b0f066a214c2f5e87bad3c948f4d605d) (ScriptedImporter) -> (Import Result ID: 'f9f44a884d858f62ec4990e1624de22f') in 0.0014715 seconds [static and dynamic dependencies]. Details - ImportResultOutputID=982c7c325868d11ef0406e5315ebf9de DependenciesID=26095c739bfff5932809f09a70a71215 StaticDependenciesID=aedc8061a106f97e9965e464e7bc1589 
Number of updated asset objects reloaded before import = 0Number of asset objects unloaded after import = 1

========================================================================
Received Import Request.
  Time since last request: 0.000056 seconds.
  path: Assets/TextMesh Pro/Examples & Extras/Scripts/TMP_TextSelector_A.cs
  importAddress: Guid(103e0a6a1d404693b9fb1a5173e0e979) Importer(2089858483,b0f066a214c2f5e87bad3c948f4d605d)
Start importing Assets/TextMesh Pro/Examples & Extras/Scripts/TMP_TextSelector_A.cs using Guid(103e0a6a1d404693b9fb1a5173e0e979) Importer(2089858483,b0f066a214c2f5e87bad3c948f4d605d) (ScriptedImporter) -> (Import Result ID: '9f1cd76a8f11964d9c51dadf3f0c2d7d') in 0.001891459 seconds [static and dynamic dependencies]. Details - ImportResultOutputID=c95096641310af860b8bc3544150fdd2 DependenciesID=a1c9944fd7c4092040fee8bce34852d0 StaticDependenciesID=ac152553d921fc904d734ecaad29a93d 
Number of updated asset objects reloaded before import = 0Number of asset objects unloaded after import = 0

========================================================================
Received Import Request.
  Time since last request: 0.000030 seconds.
  path: Assets/TextMesh Pro/Examples & Extras/Fonts/Anton.ttf
  importAddress: Guid(997a43b767814dd0a7642ec9b78cba41) Importer(2089858483,b0f066a214c2f5e87bad3c948f4d605d)
Start importing Assets/TextMesh Pro/Examples & Extras/Fonts/Anton.ttf using Guid(997a43b767814dd0a7642ec9b78cba41) Importer(2089858483,b0f066a214c2f5e87bad3c948f4d605d) (ScriptedImporter) -> (Import Result ID: '3df89cb4d02a8d6422929c63f9e51223') in 0.004265166 seconds [static and dynamic dependencies]. Details - ImportResultOutputID=2edbe5e4d75395692a4dce4b37948502 DependenciesID=aaee3a1c7ba4dd7b048ee49d4aee82dd StaticDependenciesID=76189f773e3e18e5d45553de3c44f5d9 
Number of updated asset objects reloaded before import = 0Number of asset objects unloaded after import = 3

========================================================================
Received Import Request.
  Time since last request: 0.000040 seconds.
  path: Assets/TextMesh Pro/Examples & Extras/Scripts/TextConsoleSimulator.cs
  importAddress: Guid(43bcd35a1c0c40ccb6d472893fe2093f) Importer(2089858483,b0f066a214c2f5e87bad3c948f4d605d)
Start importing Assets/TextMesh Pro/Examples & Extras/Scripts/TextConsoleSimulator.cs using Guid(43bcd35a1c0c40ccb6d472893fe2093f) Importer(2089858483,b0f066a214c2f5e87bad3c948f4d605d) (ScriptedImporter) -> (Import Result ID: '0d6061600ab11a359fca3f91581a25a8') in 0.001530708 seconds [static and dynamic dependencies]. Details - ImportResultOutputID=b2ddaa2e18cfcb350fd118525c0721d2 DependenciesID=8770089d2d5884d74e122e6c97a901fc StaticDependenciesID=72e3fd52a5046304b70dfa263cf89404 
Number of updated asset objects reloaded before import = 0Number of asset objects unloaded after import = 0

========================================================================
Received Import Request.
  Time since last request: 0.000078 seconds.
  path: Assets/TextMesh Pro/Shaders/TMPro.cginc
  importAddress: Guid(407bc68d299748449bbf7f48ee690f8d) Importer(2089858483,b0f066a214c2f5e87bad3c948f4d605d)
Start importing Assets/TextMesh Pro/Shaders/TMPro.cginc using Guid(407bc68d299748449bbf7f48ee690f8d) Importer(2089858483,b0f066a214c2f5e87bad3c948f4d605d) (ScriptedImporter) -> (Import Result ID: 'd488c9f3a5381239e18ff5c9efee2aef') in 0.001731417 seconds [static and dynamic dependencies]. Details - ImportResultOutputID=5a40f2a0ca9436e14c0f45c3863d729e DependenciesID=ddf0e0bb782239c71e88184cf31ab7f6 StaticDependenciesID=5392e794b82f768427ad6b171babacf0 
Number of updated asset objects reloaded before import = 0Number of asset objects unloaded after import = 1

========================================================================
Received Import Request.
  Time since last request: 0.000038 seconds.
  path: Assets/TextMesh Pro/Shaders/TMP_SDF Overlay.shader
  importAddress: Guid(dd89cf5b9246416f84610a006f916af7) Importer(2089858483,b0f066a214c2f5e87bad3c948f4d605d)
Start importing Assets/TextMesh Pro/Shaders/TMP_SDF Overlay.shader using Guid(dd89cf5b9246416f84610a006f916af7) Importer(2089858483,b0f066a214c2f5e87bad3c948f4d605d) (ScriptedImporter) -> (Import Result ID: 'e83f573ab0e95b81f0bd57ee20d0aada') in 0.002930875 seconds [static and dynamic dependencies]. Details - ImportResultOutputID=42cb5d200f1494d92b309256696d6520 DependenciesID=56bdc6073553dd30b3a4bb55d42cc663 StaticDependenciesID=086b5680e33efca1bae2e5551aec11b8 
Number of updated asset objects reloaded before import = 0Number of asset objects unloaded after import = 2

========================================================================
Received Import Request.
  Time since last request: 0.000101 seconds.
  path: Assets/TextMesh Pro/Examples & Extras/Scripts/Benchmark04.cs
  importAddress: Guid(dc20866c0d5e413ab7559440e15333ae) Importer(2089858483,b0f066a214c2f5e87bad3c948f4d605d)
Start importing Assets/TextMesh Pro/Examples & Extras/Scripts/Benchmark04.cs using Guid(dc20866c0d5e413ab7559440e15333ae) Importer(2089858483,b0f066a214c2f5e87bad3c948f4d605d) (ScriptedImporter) -> (Import Result ID: 'fdc5ab0412176801271447efacf12bf1') in 0.001471292 seconds [static and dynamic dependencies]. Details - ImportResultOutputID=3b82efe206af8b6ae3c023491797c0b4 DependenciesID=218ad0335682b6904bfc4551eb9ddaf5 StaticDependenciesID=6bc14ac5a03fc522ff5484b060715d3d 
Number of updated asset objects reloaded before import = 0Number of asset objects unloaded after import = 0

========================================================================
Received Import Request.
  Time since last request: 0.000036 seconds.
  path: Assets/TextMesh Pro/Examples & Extras/Textures/Gradient Vertical (Color).jpg
  importAddress: Guid(03d0538de6e24c0f819bfc9ce084dfa9) Importer(2089858483,b0f066a214c2f5e87bad3c948f4d605d)
Start importing Assets/TextMesh Pro/Examples & Extras/Textures/Gradient Vertical (Color).jpg using Guid(03d0538de6e24c0f819bfc9ce084dfa9) Importer(2089858483,b0f066a214c2f5e87bad3c948f4d605d) (ScriptedImporter) -> (Import Result ID: 'c2f2aa5ee9688b4f56f9f730cbc88da6') in 0.003791292 seconds [static and dynamic dependencies]. Details - ImportResultOutputID=e1f4d2785373a4d90bc53840ffbda4a7 DependenciesID=9ae59bc17fe610690b8d32ce091b281f StaticDependenciesID=77a21e41cf77f67bdc28ff230c4593c0 
Number of updated asset objects reloaded before import = 0Number of asset objects unloaded after import = 1

========================================================================
Received Import Request.
  Time since last request: 0.000041 seconds.
  path: Assets/TextMesh Pro/Examples & Extras/Textures/Text Overflow - Linked Text UI Screenshot.png
  importAddress: Guid(c76d18757a194d618355f05f815cb0a1) Importer(2089858483,b0f066a214c2f5e87bad3c948f4d605d)
Start importing Assets/TextMesh Pro/Examples & Extras/Textures/Text Overflow - Linked Text UI Screenshot.png using Guid(c76d18757a194d618355f05f815cb0a1) Importer(2089858483,b0f066a214c2f5e87bad3c948f4d605d) (ScriptedImporter) -> (Import Result ID: '410b9d6ac5245d2f2c31cb4120d884bb') in 0.005189334 seconds [static and dynamic dependencies]. Details - ImportResultOutputID=16be43ccce1d528141b019ae31cd29d0 DependenciesID=a0735a204d769d8d07f83cf08540a46a StaticDependenciesID=ee7e10c28bcf389ce17e6fb403f423c9 
Number of updated asset objects reloaded before import = 0Number of asset objects unloaded after import = 1

========================================================================
Received Import Request.
  Time since last request: 0.000047 seconds.
  path: Assets/TextMesh Pro/Examples & Extras/Textures/Wipe Pattern - Diagonal.psd
  importAddress: Guid(ed5290d8df18488780e2996b9b882f01) Importer(2089858483,b0f066a214c2f5e87bad3c948f4d605d)
Start importing Assets/TextMesh Pro/Examples & Extras/Textures/Wipe Pattern - Diagonal.psd using Guid(ed5290d8df18488780e2996b9b882f01) Importer(2089858483,b0f066a214c2f5e87bad3c948f4d605d) (ScriptedImporter) -> (Import Result ID: '9ea37969ef9ae3aff7c0f4d052a28cfc') in 0.003854584 seconds [static and dynamic dependencies]. Details - ImportResultOutputID=83e841946c04b4eaf7f5e36906c7d5ac DependenciesID=8be31dab4785e4791ce85f95c3c29dbb StaticDependenciesID=e6c566f7a3e355d8dd414b484f63a62a 
Number of updated asset objects reloaded before import = 0Number of asset objects unloaded after import = 1

========================================================================
Received Import Request.
  Time since last request: 0.000072 seconds.
  path: Assets/TextMesh Pro/Resources/LineBreaking Following Characters.txt
  importAddress: Guid(fade42e8bc714b018fac513c043d323b) Importer(2089858483,b0f066a214c2f5e87bad3c948f4d605d)
Start importing Assets/TextMesh Pro/Resources/LineBreaking Following Characters.txt using Guid(fade42e8bc714b018fac513c043d323b) Importer(2089858483,b0f066a214c2f5e87bad3c948f4d605d) (ScriptedImporter) -> (Import Result ID: '7b073233722dc6a254f03b6a86d8bf6f') in 0.001631792 seconds [static and dynamic dependencies]. Details - ImportResultOutputID=1db2eb1b93d61904e350899250a2ee5e DependenciesID=9d3b4599c2ade7f202ce423a41765201 StaticDependenciesID=90e18e177f71b5b2ecebe031e5e8ac67 
Number of updated asset objects reloaded before import = 0Number of asset objects unloaded after import = 1

========================================================================
Received Import Request.
  Time since last request: 0.000047 seconds.
  path: Assets/TextMesh Pro/Shaders
  importAddress: Guid(e9f693669af91aa45ad615fc681ed29f) Importer(2089858483,b0f066a214c2f5e87bad3c948f4d605d)
Start importing Assets/TextMesh Pro/Shaders using Guid(e9f693669af91aa45ad615fc681ed29f) Importer(2089858483,b0f066a214c2f5e87bad3c948f4d605d) (ScriptedImporter) -> (Import Result ID: '5f0520d1682ffd56c9d564d53c77e0c3') in 0.001221375 seconds [static and dynamic dependencies]. Details - ImportResultOutputID=fdeb50b996568d7adb72a7bdbcb2f6c8 DependenciesID=0675888567c3e5c0b1978d6c0a2850b7 StaticDependenciesID=d987d0834632fb294c481eba950b0246 
Number of updated asset objects reloaded before import = 0Number of asset objects unloaded after import = 1

========================================================================
Received Import Request.
  Time since last request: 0.000079 seconds.
  path: Assets/TextMesh Pro/Examples & Extras/Fonts/Bangers - OFL.txt
  importAddress: Guid(efe0bf4ac872451e91612d1ae593f480) Importer(2089858483,b0f066a214c2f5e87bad3c948f4d605d)
Start importing Assets/TextMesh Pro/Examples & Extras/Fonts/Bangers - OFL.txt using Guid(efe0bf4ac872451e91612d1ae593f480) Importer(2089858483,b0f066a214c2f5e87bad3c948f4d605d) (ScriptedImporter) -> (Import Result ID: '4c9280ac90f1d8a392c81210a0b94241') in 0.001755792 seconds [static and dynamic dependencies]. Details - ImportResultOutputID=ed7e17552ec919799320ab8bed043ffc DependenciesID=1cb247832067c2627cfca0cbd8caa077 StaticDependenciesID=5db1ca7c02508236c203aebffa2d3b91 
Number of updated asset objects reloaded before import = 0Number of asset objects unloaded after import = 1

========================================================================
Received Import Request.
  Time since last request: 0.000119 seconds.
  path: Assets/TextMesh Pro/Examples & Extras/Scripts/TMP_FrameRateCounter.cs
  importAddress: Guid(686ec78b56aa445795335fbadafcfaa4) Importer(2089858483,b0f066a214c2f5e87bad3c948f4d605d)
Start importing Assets/TextMesh Pro/Examples & Extras/Scripts/TMP_FrameRateCounter.cs using Guid(686ec78b56aa445795335fbadafcfaa4) Importer(2089858483,b0f066a214c2f5e87bad3c948f4d605d) (ScriptedImporter) -> (Import Result ID: '50b13c419ddb6c3d1ba40faca710b948') in 0.001544958 seconds [static and dynamic dependencies]. Details - ImportResultOutputID=095787a620069ae3d5181ad41f20c444 DependenciesID=cd2af79e77e5bd010fe7e8d50daea091 StaticDependenciesID=86e304cfad00f9a91d434c7b98e2e5f8 
Number of updated asset objects reloaded before import = 0Number of asset objects unloaded after import = 0

========================================================================
Received Import Request.
  Time since last request: 0.000037 seconds.
  path: Assets/TextMesh Pro/Examples & Extras/Scenes/06 - Extra Rich Text Examples.unity
  importAddress: Guid(39a1fa96ad2a449b908fca29d4297a74) Importer(2089858483,b0f066a214c2f5e87bad3c948f4d605d)
Start importing Assets/TextMesh Pro/Examples & Extras/Scenes/06 - Extra Rich Text Examples.unity using Guid(39a1fa96ad2a449b908fca29d4297a74) Importer(2089858483,b0f066a214c2f5e87bad3c948f4d605d) (ScriptedImporter) -> (Import Result ID: 'fd71a80b95ab5b2d9f46c098812c6a06') in 0.002335875 seconds [static and dynamic dependencies]. Details - ImportResultOutputID=38511e84d6b1d37b0ca3b962d9750d0a DependenciesID=27e82e27b686e4d9e316d475b3f73f53 StaticDependenciesID=269f6014f81948d27e8a5176ef6b60fd 
Number of updated asset objects reloaded before import = 0Number of asset objects unloaded after import = 1

========================================================================
Received Import Request.
  Time since last request: 0.000038 seconds.
  path: Assets/TextMesh Pro/Examples & Extras/Textures/Gradient Diagonal (Color).jpg
  importAddress: Guid(2ce5c55e85304b819a1826ecbc839aa5) Importer(2089858483,b0f066a214c2f5e87bad3c948f4d605d)
Start importing Assets/TextMesh Pro/Examples & Extras/Textures/Gradient Diagonal (Color).jpg using Guid(2ce5c55e85304b819a1826ecbc839aa5) Importer(2089858483,b0f066a214c2f5e87bad3c948f4d605d) (ScriptedImporter) -> (Import Result ID: 'b60abb9be427eae8d44bd38019521825') in 0.003378916 seconds [static and dynamic dependencies]. Details - ImportResultOutputID=4507ea4a54145bf409032a972729c66e DependenciesID=28abc773bb83b16f352c4417be34b7b3 StaticDependenciesID=8c2fec60af6c75ea9c4749a56012bd14 
Number of updated asset objects reloaded before import = 0Number of asset objects unloaded after import = 1

========================================================================
Received Import Request.
  Time since last request: 0.000024 seconds.
  path: Assets/TextMesh Pro/Resources/Fonts & Materials/LiberationSans SDF - Fallback.asset
  importAddress: Guid(2e498d1c8094910479dc3e1b768306a4) Importer(2089858483,b0f066a214c2f5e87bad3c948f4d605d)
Start importing Assets/TextMesh Pro/Resources/Fonts & Materials/LiberationSans SDF - Fallback.asset using Guid(2e498d1c8094910479dc3e1b768306a4) Importer(2089858483,b0f066a214c2f5e87bad3c948f4d605d) (ScriptedImporter) -> (Import Result ID: 'b275190a569816213acb699d4862a5fc') in 0.0053845 seconds [static and dynamic dependencies]. Details - ImportResultOutputID=6b3721f385c684c3001f1138004d21bd DependenciesID=edf6f769862fa712861445a95d4b60f7 StaticDependenciesID=8517010cdcf415fd45c6afe5df9513bc 
Number of updated asset objects reloaded before import = 0Number of asset objects unloaded after import = 6

========================================================================
Received Import Request.
  Time since last request: 973.066281 seconds.
  path: Assets/Scenes/SampleScene
  importAddress: Guid(9a2dd4e092c064ac09d58053fce9534c) Importer(2089858483,b0f066a214c2f5e87bad3c948f4d605d)
Start importing Assets/Scenes/SampleScene using Guid(9a2dd4e092c064ac09d58053fce9534c) Importer(2089858483,b0f066a214c2f5e87bad3c948f4d605d) (ScriptedImporter) -> (Import Result ID: '6bf8ddd5470f9dcab83eb4c825c33027') in 0.009437458 seconds [static and dynamic dependencies]. Details - ImportResultOutputID=74a0b32c4782d07fc73f4b74fa3c9d69 DependenciesID=0a5852f9a5e6803d7e247c833334c30b StaticDependenciesID=535c0c8e476e8198e946ec196c41837d 
Number of updated asset objects reloaded before import = 0Number of asset objects unloaded after import = 1

========================================================================
Received Prepare
WARNING: Shader Unsupported: 'Universal Render Pipeline/VR/SpatialMapping/Wireframe' - All subshaders removed
WARNING: Shader Did you use #pragma only_renderers and omit this platform?
WARNING: Shader If subshaders removal was intentional, you may have forgotten turning Fallback off?
Shader Hidden/ChartRasterizerHardware is not supported: GPU does not support conservative rasterization
Refreshing native plugins compatible for Editor in 3.01 ms, found 2 plugins.
Unloading 40 Unused Serialized files (Serialized files now loaded: 0)
Unloading 6574 unused Assets / (3.6 MB). Loaded Objects now: 7478.
Memory consumption went from 282.4 MB to 278.8 MB.
Total: 21.414000 ms (FindLiveObjects: 1.414042 ms CreateObjectMapping: 0.134250 ms MarkObjects: 18.581292 ms  DeleteObjects: 1.283708 ms)

Prepare: number of updated asset objects reloaded= 0
========================================================================
Received Prepare
Begin MonoManager ReloadAssembly
[Licensing::Client] Successfully resolved entitlement details
Thread 0x16da73000 may have been prematurely finalized
Assembly Assembly-CSharp-Editor-firstpass.dll at Library/ScriptAssemblies/Assembly-CSharp-Editor-firstpass.dll not valid. Loading of assembly skipped.
Assembly Assembly-CSharp-firstpass.dll at Library/ScriptAssemblies/Assembly-CSharp-firstpass.dll not valid. Loading of assembly skipped.
Assembly DocCodeExamples.dll at Library/ScriptAssemblies/DocCodeExamples.dll not valid. Loading of assembly skipped.
Assembly TestNewCustomAssembly.dll at Library/ScriptAssemblies/TestNewCustomAssembly.dll not valid. Loading of assembly skipped.
Assembly Unity.Collections.BurstCompatibilityGen.dll at Library/ScriptAssemblies/Unity.Collections.BurstCompatibilityGen.dll not valid. Loading of assembly skipped.
Assembly Unity.Collections.DocCodeSamples.dll at Library/ScriptAssemblies/Unity.Collections.DocCodeSamples.dll not valid. Loading of assembly skipped.
Assembly Unity.Collections.PerformanceTests.dll at Library/ScriptAssemblies/Unity.Collections.PerformanceTests.dll not valid. Loading of assembly skipped.
Assembly Unity.Collections.Tests.dll at Library/ScriptAssemblies/Unity.Collections.Tests.dll not valid. Loading of assembly skipped.
Assembly Unity.Collections.Tests.Playmode.dll at Library/ScriptAssemblies/Unity.Collections.Tests.Playmode.dll not valid. Loading of assembly skipped.
Assembly Unity.InputSystem.IntegrationTests.dll at Library/ScriptAssemblies/Unity.InputSystem.IntegrationTests.dll not valid. Loading of assembly skipped.
Assembly Unity.Mathematics.Tests.dll at Library/ScriptAssemblies/Unity.Mathematics.Tests.dll not valid. Loading of assembly skipped.
Assembly Unity.Multiplayer.Center.Editor.Tests.dll at Library/ScriptAssemblies/Unity.Multiplayer.Center.Editor.Tests.dll not valid. Loading of assembly skipped.
Assembly Unity.Multiplayer.Center.Tests.dll at Library/ScriptAssemblies/Unity.Multiplayer.Center.Tests.dll not valid. Loading of assembly skipped.
Assembly Unity.Nuget.Mono-Cecil.dll at Library/ScriptAssemblies/Unity.Nuget.Mono-Cecil.dll not valid. Loading of assembly skipped.
Assembly Unity.PathTracing.Editor.Tests.dll at Library/ScriptAssemblies/Unity.PathTracing.Editor.Tests.dll not valid. Loading of assembly skipped.
Assembly Unity.PathTracing.Runtime.Tests.dll at Library/ScriptAssemblies/Unity.PathTracing.Runtime.Tests.dll not valid. Loading of assembly skipped.
Assembly Unity.RenderPipelines.Core.Editor.Tests.dll at Library/ScriptAssemblies/Unity.RenderPipelines.Core.Editor.Tests.dll not valid. Loading of assembly skipped.
Assembly Unity.RenderPipelines.Core.Runtime.Tests.dll at Library/ScriptAssemblies/Unity.RenderPipelines.Core.Runtime.Tests.dll not valid. Loading of assembly skipped.
Assembly Unity.RenderPipelines.Universal.Config.Editor.Tests.dll at Library/ScriptAssemblies/Unity.RenderPipelines.Universal.Config.Editor.Tests.dll not valid. Loading of assembly skipped.
Assembly Unity.RenderPipelines.Universal.Editor.Tests.dll at Library/ScriptAssemblies/Unity.RenderPipelines.Universal.Editor.Tests.dll not valid. Loading of assembly skipped.
Assembly Unity.RenderPipelines.Universal.Runtime.Tests.dll at Library/ScriptAssemblies/Unity.RenderPipelines.Universal.Runtime.Tests.dll not valid. Loading of assembly skipped.
Assembly Unity.Searcher.EditorTests.dll at Library/ScriptAssemblies/Unity.Searcher.EditorTests.dll not valid. Loading of assembly skipped.
Assembly Unity.ShaderGraph.Editor.Tests.dll at Library/ScriptAssemblies/Unity.ShaderGraph.Editor.Tests.dll not valid. Loading of assembly skipped.
Assembly Unity.TextMeshPro.Editor.Tests.dll at Library/ScriptAssemblies/Unity.TextMeshPro.Editor.Tests.dll not valid. Loading of assembly skipped.
Assembly Unity.TextMeshPro.Tests.dll at Library/ScriptAssemblies/Unity.TextMeshPro.Tests.dll not valid. Loading of assembly skipped.
Assembly Unity.UnifiedRayTracing.Editor.Tests.dll at Library/ScriptAssemblies/Unity.UnifiedRayTracing.Editor.Tests.dll not valid. Loading of assembly skipped.
Assembly UnityEditor.UI.Common.Tests.dll at Library/ScriptAssemblies/UnityEditor.UI.Common.Tests.dll not valid. Loading of assembly skipped.
Assembly UnityEditor.UI.EditorTests.dll at Library/ScriptAssemblies/UnityEditor.UI.EditorTests.dll not valid. Loading of assembly skipped.
Assembly UnityEngine.UI.Tests.dll at Library/ScriptAssemblies/UnityEngine.UI.Tests.dll not valid. Loading of assembly skipped.
Native extension for OSXStandalone target not found
Native extension for WebGL target not found
[Package Manager] Failed to launch server process. Reason: Unity was launched with the -noUpm command-line argument
[Package Manager] Unable to send message (not connected to server process).
[Package Manager] Cannot connect to Unity Package Manager local server
[Package Manager] Failed to launch server process. Reason: Unity was launched with the -noUpm command-line argument
[Package Manager] Unable to send message (not connected to server process).
[Package Manager] Cannot connect to Unity Package Manager local server
ScheduleIndexationOnStartup MainProcess:False IndexOnStartup:True
Mono: successfully reloaded assembly
- Finished resetting the current domain, in  0.356 seconds
Domain Reload Profiling: 979ms
	BeginReloadAssembly (230ms)
		DisableScriptedObjects (10ms)
		CreateAndSetChildDomain (92ms)
	RebuildCommonClasses (26ms)
	RebuildNativeTypeToScriptingClass (8ms)
	initialDomainReloadingComplete (37ms)
	LoadAllAssembliesAndSetupDomain (321ms)
		LoadAssemblies (256ms)
		AnalyzeDomain (129ms)
			TypeCache.Refresh (9ms)
			BuildScriptInfoCaches (112ms)
			ResolveRequiredComponents (6ms)
	FinalizeReload (356ms)
		SetupLoadedEditorAssemblies (0ms)
			BeforeProcessingInitializeOnLoad (75ms)
			ProcessInitializeOnLoadAttributes (144ms)
			ProcessInitializeOnLoadMethodAttributes (37ms)
		AwakeInstancesAfterBackupRestoration (6ms)
WARNING: Shader Unsupported: 'Universal Render Pipeline/VR/SpatialMapping/Wireframe' - All subshaders removed
WARNING: Shader Did you use #pragma only_renderers and omit this platform?
WARNING: Shader If subshaders removal was intentional, you may have forgotten turning Fallback off?
Shader Hidden/ChartRasterizerHardware is not supported: GPU does not support conservative rasterization
Unloading 40 Unused Serialized files (Serialized files now loaded: 0)
Unloading 6583 unused Assets / (5.3 MB). Loaded Objects now: 7482.
Memory consumption went from 289.0 MB to 283.6 MB.
Total: 5.413791 ms (FindLiveObjects: 0.316000 ms CreateObjectMapping: 0.118792 ms MarkObjects: 3.574833 ms  DeleteObjects: 1.404000 ms)

Prepare: number of updated asset objects reloaded= 0
========================================================================
Received Import Request.
  Time since last request: 806.780518 seconds.
  path: Assets/DronePatrol.cs
  importAddress: Guid(45bb2b346667d41a9b4af9280a691ce5) Importer(815301076,1909f56bfc062723c751e8b465ee728b)
Start importing Assets/DronePatrol.cs using Guid(45bb2b346667d41a9b4af9280a691ce5) Importer(815301076,1909f56bfc062723c751e8b465ee728b) (PreviewImporter) -> (Import Result ID: '9dc70cb5067fe213db50cbc3b75f96b3') in 0.000916917 seconds [static and dynamic dependencies]. Details - ImportResultOutputID=41f571e18ca2c779087147e6d61122db DependenciesID=46986aaf970ed29bad970d48cdbe72e3 StaticDependenciesID=02793b44d7b80cabea684712ea7f769d 
Number of updated asset objects reloaded before import = 0Number of asset objects unloaded after import = 0

========================================================================
Received Prepare
Begin MonoManager ReloadAssembly
[Licensing::Client] Successfully resolved entitlement details
Thread 0x16da73000 may have been prematurely finalized
Assembly Assembly-CSharp-Editor-firstpass.dll at Library/ScriptAssemblies/Assembly-CSharp-Editor-firstpass.dll not valid. Loading of assembly skipped.
Assembly Assembly-CSharp-firstpass.dll at Library/ScriptAssemblies/Assembly-CSharp-firstpass.dll not valid. Loading of assembly skipped.
Assembly DocCodeExamples.dll at Library/ScriptAssemblies/DocCodeExamples.dll not valid. Loading of assembly skipped.
Assembly TestNewCustomAssembly.dll at Library/ScriptAssemblies/TestNewCustomAssembly.dll not valid. Loading of assembly skipped.
Assembly Unity.Collections.BurstCompatibilityGen.dll at Library/ScriptAssemblies/Unity.Collections.BurstCompatibilityGen.dll not valid. Loading of assembly skipped.
Assembly Unity.Collections.DocCodeSamples.dll at Library/ScriptAssemblies/Unity.Collections.DocCodeSamples.dll not valid. Loading of assembly skipped.
Assembly Unity.Collections.PerformanceTests.dll at Library/ScriptAssemblies/Unity.Collections.PerformanceTests.dll not valid. Loading of assembly skipped.
Assembly Unity.Collections.Tests.dll at Library/ScriptAssemblies/Unity.Collections.Tests.dll not valid. Loading of assembly skipped.
Assembly Unity.Collections.Tests.Playmode.dll at Library/ScriptAssemblies/Unity.Collections.Tests.Playmode.dll not valid. Loading of assembly skipped.
Assembly Unity.InputSystem.IntegrationTests.dll at Library/ScriptAssemblies/Unity.InputSystem.IntegrationTests.dll not valid. Loading of assembly skipped.
Assembly Unity.Mathematics.Tests.dll at Library/ScriptAssemblies/Unity.Mathematics.Tests.dll not valid. Loading of assembly skipped.
Assembly Unity.Multiplayer.Center.Editor.Tests.dll at Library/ScriptAssemblies/Unity.Multiplayer.Center.Editor.Tests.dll not valid. Loading of assembly skipped.
Assembly Unity.Multiplayer.Center.Tests.dll at Library/ScriptAssemblies/Unity.Multiplayer.Center.Tests.dll not valid. Loading of assembly skipped.
Assembly Unity.Nuget.Mono-Cecil.dll at Library/ScriptAssemblies/Unity.Nuget.Mono-Cecil.dll not valid. Loading of assembly skipped.
Assembly Unity.PathTracing.Editor.Tests.dll at Library/ScriptAssemblies/Unity.PathTracing.Editor.Tests.dll not valid. Loading of assembly skipped.
Assembly Unity.PathTracing.Runtime.Tests.dll at Library/ScriptAssemblies/Unity.PathTracing.Runtime.Tests.dll not valid. Loading of assembly skipped.
Assembly Unity.RenderPipelines.Core.Editor.Tests.dll at Library/ScriptAssemblies/Unity.RenderPipelines.Core.Editor.Tests.dll not valid. Loading of assembly skipped.
Assembly Unity.RenderPipelines.Core.Runtime.Tests.dll at Library/ScriptAssemblies/Unity.RenderPipelines.Core.Runtime.Tests.dll not valid. Loading of assembly skipped.
Assembly Unity.RenderPipelines.Universal.Config.Editor.Tests.dll at Library/ScriptAssemblies/Unity.RenderPipelines.Universal.Config.Editor.Tests.dll not valid. Loading of assembly skipped.
Assembly Unity.RenderPipelines.Universal.Editor.Tests.dll at Library/ScriptAssemblies/Unity.RenderPipelines.Universal.Editor.Tests.dll not valid. Loading of assembly skipped.
Assembly Unity.RenderPipelines.Universal.Runtime.Tests.dll at Library/ScriptAssemblies/Unity.RenderPipelines.Universal.Runtime.Tests.dll not valid. Loading of assembly skipped.
Assembly Unity.Searcher.EditorTests.dll at Library/ScriptAssemblies/Unity.Searcher.EditorTests.dll not valid. Loading of assembly skipped.
Assembly Unity.ShaderGraph.Editor.Tests.dll at Library/ScriptAssemblies/Unity.ShaderGraph.Editor.Tests.dll not valid. Loading of assembly skipped.
Assembly Unity.TextMeshPro.Editor.Tests.dll at Library/ScriptAssemblies/Unity.TextMeshPro.Editor.Tests.dll not valid. Loading of assembly skipped.
Assembly Unity.TextMeshPro.Tests.dll at Library/ScriptAssemblies/Unity.TextMeshPro.Tests.dll not valid. Loading of assembly skipped.
Assembly Unity.UnifiedRayTracing.Editor.Tests.dll at Library/ScriptAssemblies/Unity.UnifiedRayTracing.Editor.Tests.dll not valid. Loading of assembly skipped.
Assembly UnityEditor.UI.Common.Tests.dll at Library/ScriptAssemblies/UnityEditor.UI.Common.Tests.dll not valid. Loading of assembly skipped.
Assembly UnityEditor.UI.EditorTests.dll at Library/ScriptAssemblies/UnityEditor.UI.EditorTests.dll not valid. Loading of assembly skipped.
Assembly UnityEngine.UI.Tests.dll at Library/ScriptAssemblies/UnityEngine.UI.Tests.dll not valid. Loading of assembly skipped.
Native extension for OSXStandalone target not found
Native extension for WebGL target not found
[Package Manager] Failed to launch server process. Reason: Unity was launched with the -noUpm command-line argument
[Package Manager] Unable to send message (not connected to server process).
[Package Manager] Cannot connect to Unity Package Manager local server
[Package Manager] Failed to launch server process. Reason: Unity was launched with the -noUpm command-line argument
[Package Manager] Unable to send message (not connected to server process).
[Package Manager] Cannot connect to Unity Package Manager local server
ScheduleIndexationOnStartup MainProcess:False IndexOnStartup:True
Mono: successfully reloaded assembly
- Finished resetting the current domain, in  0.406 seconds
Domain Reload Profiling: 925ms
	BeginReloadAssembly (182ms)
		DisableScriptedObjects (7ms)
		CreateAndSetChildDomain (68ms)
	RebuildCommonClasses (23ms)
	RebuildNativeTypeToScriptingClass (8ms)
	initialDomainReloadingComplete (33ms)
	LoadAllAssembliesAndSetupDomain (272ms)
		LoadAssemblies (191ms)
		AnalyzeDomain (112ms)
			TypeCache.Refresh (8ms)
			BuildScriptInfoCaches (95ms)
			ResolveRequiredComponents (7ms)
	FinalizeReload (406ms)
		SetupLoadedEditorAssemblies (0ms)
			BeforeProcessingInitializeOnLoad (86ms)
			ProcessInitializeOnLoadAttributes (165ms)
			ProcessInitializeOnLoadMethodAttributes (41ms)
		AwakeInstancesAfterBackupRestoration (6ms)
WARNING: Shader Unsupported: 'Universal Render Pipeline/VR/SpatialMapping/Wireframe' - All subshaders removed
WARNING: Shader Did you use #pragma only_renderers and omit this platform?
WARNING: Shader If subshaders removal was intentional, you may have forgotten turning Fallback off?
Shader Hidden/ChartRasterizerHardware is not supported: GPU does not support conservative rasterization
Unloading 40 Unused Serialized files (Serialized files now loaded: 0)
Unloading 6583 unused Assets / (4.7 MB). Loaded Objects now: 7485.
Memory consumption went from 294.8 MB to 290.1 MB.
Total: 5.972583 ms (FindLiveObjects: 0.296000 ms CreateObjectMapping: 0.120458 ms MarkObjects: 3.785292 ms  DeleteObjects: 1.770208 ms)

Prepare: number of updated asset objects reloaded= 0
========================================================================
Received Import Request.
  Time since last request: 140.626641 seconds.
  path: Assets/DronePatrol.cs
  importAddress: Guid(45bb2b346667d41a9b4af9280a691ce5) Importer(815301076,1909f56bfc062723c751e8b465ee728b)
Start importing Assets/DronePatrol.cs using Guid(45bb2b346667d41a9b4af9280a691ce5) Importer(815301076,1909f56bfc062723c751e8b465ee728b) (PreviewImporter) -> (Import Result ID: '88597a77758f60b5797fc76f2d271560') in 0.001003208 seconds [static and dynamic dependencies]. Details - ImportResultOutputID=41f571e18ca2c779087147e6d61122db DependenciesID=57836d2ae14df722e09a9bd92a1d0d4d StaticDependenciesID=79a9dafa0265e55811cf4522374fb8c7 
Number of updated asset objects reloaded before import = 0Number of asset objects unloaded after import = 0

========================================================================
Received Prepare
Begin MonoManager ReloadAssembly
[Licensing::Client] Successfully resolved entitlement details
Thread 0x16da73000 may have been prematurely finalized
Assembly Assembly-CSharp-Editor-firstpass.dll at Library/ScriptAssemblies/Assembly-CSharp-Editor-firstpass.dll not valid. Loading of assembly skipped.
Assembly Assembly-CSharp-firstpass.dll at Library/ScriptAssemblies/Assembly-CSharp-firstpass.dll not valid. Loading of assembly skipped.
Assembly DocCodeExamples.dll at Library/ScriptAssemblies/DocCodeExamples.dll not valid. Loading of assembly skipped.
Assembly TestNewCustomAssembly.dll at Library/ScriptAssemblies/TestNewCustomAssembly.dll not valid. Loading of assembly skipped.
Assembly Unity.Collections.BurstCompatibilityGen.dll at Library/ScriptAssemblies/Unity.Collections.BurstCompatibilityGen.dll not valid. Loading of assembly skipped.
Assembly Unity.Collections.DocCodeSamples.dll at Library/ScriptAssemblies/Unity.Collections.DocCodeSamples.dll not valid. Loading of assembly skipped.
Assembly Unity.Collections.PerformanceTests.dll at Library/ScriptAssemblies/Unity.Collections.PerformanceTests.dll not valid. Loading of assembly skipped.
Assembly Unity.Collections.Tests.dll at Library/ScriptAssemblies/Unity.Collections.Tests.dll not valid. Loading of assembly skipped.
Assembly Unity.Collections.Tests.Playmode.dll at Library/ScriptAssemblies/Unity.Collections.Tests.Playmode.dll not valid. Loading of assembly skipped.
Assembly Unity.InputSystem.IntegrationTests.dll at Library/ScriptAssemblies/Unity.InputSystem.IntegrationTests.dll not valid. Loading of assembly skipped.
Assembly Unity.Mathematics.Tests.dll at Library/ScriptAssemblies/Unity.Mathematics.Tests.dll not valid. Loading of assembly skipped.
Assembly Unity.Multiplayer.Center.Editor.Tests.dll at Library/ScriptAssemblies/Unity.Multiplayer.Center.Editor.Tests.dll not valid. Loading of assembly skipped.
Assembly Unity.Multiplayer.Center.Tests.dll at Library/ScriptAssemblies/Unity.Multiplayer.Center.Tests.dll not valid. Loading of assembly skipped.
Assembly Unity.Nuget.Mono-Cecil.dll at Library/ScriptAssemblies/Unity.Nuget.Mono-Cecil.dll not valid. Loading of assembly skipped.
Assembly Unity.PathTracing.Editor.Tests.dll at Library/ScriptAssemblies/Unity.PathTracing.Editor.Tests.dll not valid. Loading of assembly skipped.
Assembly Unity.PathTracing.Runtime.Tests.dll at Library/ScriptAssemblies/Unity.PathTracing.Runtime.Tests.dll not valid. Loading of assembly skipped.
Assembly Unity.RenderPipelines.Core.Editor.Tests.dll at Library/ScriptAssemblies/Unity.RenderPipelines.Core.Editor.Tests.dll not valid. Loading of assembly skipped.
Assembly Unity.RenderPipelines.Core.Runtime.Tests.dll at Library/ScriptAssemblies/Unity.RenderPipelines.Core.Runtime.Tests.dll not valid. Loading of assembly skipped.
Assembly Unity.RenderPipelines.Universal.Config.Editor.Tests.dll at Library/ScriptAssemblies/Unity.RenderPipelines.Universal.Config.Editor.Tests.dll not valid. Loading of assembly skipped.
Assembly Unity.RenderPipelines.Universal.Editor.Tests.dll at Library/ScriptAssemblies/Unity.RenderPipelines.Universal.Editor.Tests.dll not valid. Loading of assembly skipped.
Assembly Unity.RenderPipelines.Universal.Runtime.Tests.dll at Library/ScriptAssemblies/Unity.RenderPipelines.Universal.Runtime.Tests.dll not valid. Loading of assembly skipped.
Assembly Unity.Searcher.EditorTests.dll at Library/ScriptAssemblies/Unity.Searcher.EditorTests.dll not valid. Loading of assembly skipped.
Assembly Unity.ShaderGraph.Editor.Tests.dll at Library/ScriptAssemblies/Unity.ShaderGraph.Editor.Tests.dll not valid. Loading of assembly skipped.
Assembly Unity.TextMeshPro.Editor.Tests.dll at Library/ScriptAssemblies/Unity.TextMeshPro.Editor.Tests.dll not valid. Loading of assembly skipped.
Assembly Unity.TextMeshPro.Tests.dll at Library/ScriptAssemblies/Unity.TextMeshPro.Tests.dll not valid. Loading of assembly skipped.
Assembly Unity.UnifiedRayTracing.Editor.Tests.dll at Library/ScriptAssemblies/Unity.UnifiedRayTracing.Editor.Tests.dll not valid. Loading of assembly skipped.
Assembly UnityEditor.UI.Common.Tests.dll at Library/ScriptAssemblies/UnityEditor.UI.Common.Tests.dll not valid. Loading of assembly skipped.
Assembly UnityEditor.UI.EditorTests.dll at Library/ScriptAssemblies/UnityEditor.UI.EditorTests.dll not valid. Loading of assembly skipped.
Assembly UnityEngine.UI.Tests.dll at Library/ScriptAssemblies/UnityEngine.UI.Tests.dll not valid. Loading of assembly skipped.
Native extension for OSXStandalone target not found
Native extension for WebGL target not found
[Package Manager] Failed to launch server process. Reason: Unity was launched with the -noUpm command-line argument
[Package Manager] Unable to send message (not connected to server process).
[Package Manager] Cannot connect to Unity Package Manager local server
[Package Manager] Failed to launch server process. Reason: Unity was launched with the -noUpm command-line argument
[Package Manager] Unable to send message (not connected to server process).
[Package Manager] Cannot connect to Unity Package Manager local server
ScheduleIndexationOnStartup MainProcess:False IndexOnStartup:True
Mono: successfully reloaded assembly
- Finished resetting the current domain, in  0.463 seconds
Domain Reload Profiling: 1064ms
	BeginReloadAssembly (202ms)
		DisableScriptedObjects (9ms)
		CreateAndSetChildDomain (81ms)
	RebuildCommonClasses (25ms)
	RebuildNativeTypeToScriptingClass (8ms)
	initialDomainReloadingComplete (37ms)
	LoadAllAssembliesAndSetupDomain (330ms)
		LoadAssemblies (232ms)
		AnalyzeDomain (133ms)
			TypeCache.Refresh (8ms)
			BuildScriptInfoCaches (117ms)
			ResolveRequiredComponents (6ms)
	FinalizeReload (463ms)
		SetupLoadedEditorAssemblies (0ms)
			BeforeProcessingInitializeOnLoad (95ms)
			ProcessInitializeOnLoadAttributes (198ms)
			ProcessInitializeOnLoadMethodAttributes (48ms)
		AwakeInstancesAfterBackupRestoration (8ms)
WARNING: Shader Unsupported: 'Universal Render Pipeline/VR/SpatialMapping/Wireframe' - All subshaders removed
WARNING: Shader Did you use #pragma only_renderers and omit this platform?
WARNING: Shader If subshaders removal was intentional, you may have forgotten turning Fallback off?
Shader Hidden/ChartRasterizerHardware is not supported: GPU does not support conservative rasterization
Unloading 40 Unused Serialized files (Serialized files now loaded: 0)
Unloading 6583 unused Assets / (5.2 MB). Loaded Objects now: 7488.
Memory consumption went from 300.5 MB to 295.4 MB.
Total: 10.195500 ms (FindLiveObjects: 1.060584 ms CreateObjectMapping: 0.708833 ms MarkObjects: 5.224000 ms  DeleteObjects: 3.201125 ms)

Prepare: number of updated asset objects reloaded= 0
========================================================================
Received Prepare
Begin MonoManager ReloadAssembly
[Licensing::Client] Successfully resolved entitlement details
Thread 0x16daff000 may have been prematurely finalized
Assembly Assembly-CSharp-Editor-firstpass.dll at Library/ScriptAssemblies/Assembly-CSharp-Editor-firstpass.dll not valid. Loading of assembly skipped.
Assembly Assembly-CSharp-firstpass.dll at Library/ScriptAssemblies/Assembly-CSharp-firstpass.dll not valid. Loading of assembly skipped.
Assembly DocCodeExamples.dll at Library/ScriptAssemblies/DocCodeExamples.dll not valid. Loading of assembly skipped.
Assembly TestNewCustomAssembly.dll at Library/ScriptAssemblies/TestNewCustomAssembly.dll not valid. Loading of assembly skipped.
Assembly Unity.Collections.BurstCompatibilityGen.dll at Library/ScriptAssemblies/Unity.Collections.BurstCompatibilityGen.dll not valid. Loading of assembly skipped.
Assembly Unity.Collections.DocCodeSamples.dll at Library/ScriptAssemblies/Unity.Collections.DocCodeSamples.dll not valid. Loading of assembly skipped.
Assembly Unity.Collections.PerformanceTests.dll at Library/ScriptAssemblies/Unity.Collections.PerformanceTests.dll not valid. Loading of assembly skipped.
Assembly Unity.Collections.Tests.dll at Library/ScriptAssemblies/Unity.Collections.Tests.dll not valid. Loading of assembly skipped.
Assembly Unity.Collections.Tests.Playmode.dll at Library/ScriptAssemblies/Unity.Collections.Tests.Playmode.dll not valid. Loading of assembly skipped.
Assembly Unity.InputSystem.IntegrationTests.dll at Library/ScriptAssemblies/Unity.InputSystem.IntegrationTests.dll not valid. Loading of assembly skipped.
Assembly Unity.Mathematics.Tests.dll at Library/ScriptAssemblies/Unity.Mathematics.Tests.dll not valid. Loading of assembly skipped.
Assembly Unity.Multiplayer.Center.Editor.Tests.dll at Library/ScriptAssemblies/Unity.Multiplayer.Center.Editor.Tests.dll not valid. Loading of assembly skipped.
Assembly Unity.Multiplayer.Center.Tests.dll at Library/ScriptAssemblies/Unity.Multiplayer.Center.Tests.dll not valid. Loading of assembly skipped.
Assembly Unity.Nuget.Mono-Cecil.dll at Library/ScriptAssemblies/Unity.Nuget.Mono-Cecil.dll not valid. Loading of assembly skipped.
Assembly Unity.PathTracing.Editor.Tests.dll at Library/ScriptAssemblies/Unity.PathTracing.Editor.Tests.dll not valid. Loading of assembly skipped.
Assembly Unity.PathTracing.Runtime.Tests.dll at Library/ScriptAssemblies/Unity.PathTracing.Runtime.Tests.dll not valid. Loading of assembly skipped.
Assembly Unity.RenderPipelines.Core.Editor.Tests.dll at Library/ScriptAssemblies/Unity.RenderPipelines.Core.Editor.Tests.dll not valid. Loading of assembly skipped.
Assembly Unity.RenderPipelines.Core.Runtime.Tests.dll at Library/ScriptAssemblies/Unity.RenderPipelines.Core.Runtime.Tests.dll not valid. Loading of assembly skipped.
Assembly Unity.RenderPipelines.Universal.Config.Editor.Tests.dll at Library/ScriptAssemblies/Unity.RenderPipelines.Universal.Config.Editor.Tests.dll not valid. Loading of assembly skipped.
Assembly Unity.RenderPipelines.Universal.Editor.Tests.dll at Library/ScriptAssemblies/Unity.RenderPipelines.Universal.Editor.Tests.dll not valid. Loading of assembly skipped.
Assembly Unity.RenderPipelines.Universal.Runtime.Tests.dll at Library/ScriptAssemblies/Unity.RenderPipelines.Universal.Runtime.Tests.dll not valid. Loading of assembly skipped.
Assembly Unity.Searcher.EditorTests.dll at Library/ScriptAssemblies/Unity.Searcher.EditorTests.dll not valid. Loading of assembly skipped.
Assembly Unity.ShaderGraph.Editor.Tests.dll at Library/ScriptAssemblies/Unity.ShaderGraph.Editor.Tests.dll not valid. Loading of assembly skipped.
Assembly Unity.TextMeshPro.Editor.Tests.dll at Library/ScriptAssemblies/Unity.TextMeshPro.Editor.Tests.dll not valid. Loading of assembly skipped.
Assembly Unity.TextMeshPro.Tests.dll at Library/ScriptAssemblies/Unity.TextMeshPro.Tests.dll not valid. Loading of assembly skipped.
Assembly Unity.UnifiedRayTracing.Editor.Tests.dll at Library/ScriptAssemblies/Unity.UnifiedRayTracing.Editor.Tests.dll not valid. Loading of assembly skipped.
Assembly UnityEditor.UI.Common.Tests.dll at Library/ScriptAssemblies/UnityEditor.UI.Common.Tests.dll not valid. Loading of assembly skipped.
Assembly UnityEditor.UI.EditorTests.dll at Library/ScriptAssemblies/UnityEditor.UI.EditorTests.dll not valid. Loading of assembly skipped.
Assembly UnityEngine.UI.Tests.dll at Library/ScriptAssemblies/UnityEngine.UI.Tests.dll not valid. Loading of assembly skipped.
Native extension for OSXStandalone target not found
Native extension for WebGL target not found
[Package Manager] Failed to launch server process. Reason: Unity was launched with the -noUpm command-line argument
[Package Manager] Unable to send message (not connected to server process).
[Package Manager] Cannot connect to Unity Package Manager local server
[Package Manager] Failed to launch server process. Reason: Unity was launched with the -noUpm command-line argument
[Package Manager] Unable to send message (not connected to server process).
[Package Manager] Cannot connect to Unity Package Manager local server
ScheduleIndexationOnStartup MainProcess:False IndexOnStartup:True
Mono: successfully reloaded assembly
- Finished resetting the current domain, in  0.400 seconds
Domain Reload Profiling: 897ms
	BeginReloadAssembly (167ms)
		DisableScriptedObjects (7ms)
		CreateAndSetChildDomain (66ms)
	RebuildCommonClasses (24ms)
	RebuildNativeTypeToScriptingClass (8ms)
	initialDomainReloadingComplete (27ms)
	LoadAllAssembliesAndSetupDomain (272ms)
		LoadAssemblies (193ms)
		AnalyzeDomain (110ms)
			TypeCache.Refresh (5ms)
			BuildScriptInfoCaches (98ms)
			ResolveRequiredComponents (6ms)
	FinalizeReload (401ms)
		SetupLoadedEditorAssemblies (0ms)
			BeforeProcessingInitializeOnLoad (84ms)
			ProcessInitializeOnLoadAttributes (166ms)
			ProcessInitializeOnLoadMethodAttributes (43ms)
		AwakeInstancesAfterBackupRestoration (7ms)
WARNING: Shader Unsupported: 'Universal Render Pipeline/VR/SpatialMapping/Wireframe' - All subshaders removed
WARNING: Shader Did you use #pragma only_renderers and omit this platform?
WARNING: Shader If subshaders removal was intentional, you may have forgotten turning Fallback off?
Shader Hidden/ChartRasterizerHardware is not supported: GPU does not support conservative rasterization
Unloading 40 Unused Serialized files (Serialized files now loaded: 0)
Unloading 6583 unused Assets / (4.7 MB). Loaded Objects now: 7491.
Memory consumption went from 306.3 MB to 301.6 MB.
Total: 6.090625 ms (FindLiveObjects: 0.363417 ms CreateObjectMapping: 0.160000 ms MarkObjects: 3.912958 ms  DeleteObjects: 1.653833 ms)

Prepare: number of updated asset objects reloaded= 0
========================================================================
Received Prepare
Begin MonoManager ReloadAssembly
Thread 0x16de47000 may have been prematurely finalized
Assembly Assembly-CSharp-Editor-firstpass.dll at Library/ScriptAssemblies/Assembly-CSharp-Editor-firstpass.dll not valid. Loading of assembly skipped.
Assembly Assembly-CSharp-firstpass.dll at Library/ScriptAssemblies/Assembly-CSharp-firstpass.dll not valid. Loading of assembly skipped.
Assembly DocCodeExamples.dll at Library/ScriptAssemblies/DocCodeExamples.dll not valid. Loading of assembly skipped.
Assembly TestNewCustomAssembly.dll at Library/ScriptAssemblies/TestNewCustomAssembly.dll not valid. Loading of assembly skipped.
Assembly Unity.Collections.BurstCompatibilityGen.dll at Library/ScriptAssemblies/Unity.Collections.BurstCompatibilityGen.dll not valid. Loading of assembly skipped.
Assembly Unity.Collections.DocCodeSamples.dll at Library/ScriptAssemblies/Unity.Collections.DocCodeSamples.dll not valid. Loading of assembly skipped.
Assembly Unity.Collections.PerformanceTests.dll at Library/ScriptAssemblies/Unity.Collections.PerformanceTests.dll not valid. Loading of assembly skipped.
Assembly Unity.Collections.Tests.dll at Library/ScriptAssemblies/Unity.Collections.Tests.dll not valid. Loading of assembly skipped.
Assembly Unity.Collections.Tests.Playmode.dll at Library/ScriptAssemblies/Unity.Collections.Tests.Playmode.dll not valid. Loading of assembly skipped.
Assembly Unity.InputSystem.IntegrationTests.dll at Library/ScriptAssemblies/Unity.InputSystem.IntegrationTests.dll not valid. Loading of assembly skipped.
Assembly Unity.Mathematics.Tests.dll at Library/ScriptAssemblies/Unity.Mathematics.Tests.dll not valid. Loading of assembly skipped.
Assembly Unity.Multiplayer.Center.Editor.Tests.dll at Library/ScriptAssemblies/Unity.Multiplayer.Center.Editor.Tests.dll not valid. Loading of assembly skipped.
Assembly Unity.Multiplayer.Center.Tests.dll at Library/ScriptAssemblies/Unity.Multiplayer.Center.Tests.dll not valid. Loading of assembly skipped.
Assembly Unity.Nuget.Mono-Cecil.dll at Library/ScriptAssemblies/Unity.Nuget.Mono-Cecil.dll not valid. Loading of assembly skipped.
Assembly Unity.PathTracing.Editor.Tests.dll at Library/ScriptAssemblies/Unity.PathTracing.Editor.Tests.dll not valid. Loading of assembly skipped.
Assembly Unity.PathTracing.Runtime.Tests.dll at Library/ScriptAssemblies/Unity.PathTracing.Runtime.Tests.dll not valid. Loading of assembly skipped.
Assembly Unity.RenderPipelines.Core.Editor.Tests.dll at Library/ScriptAssemblies/Unity.RenderPipelines.Core.Editor.Tests.dll not valid. Loading of assembly skipped.
Assembly Unity.RenderPipelines.Core.Runtime.Tests.dll at Library/ScriptAssemblies/Unity.RenderPipelines.Core.Runtime.Tests.dll not valid. Loading of assembly skipped.
Assembly Unity.RenderPipelines.Universal.Config.Editor.Tests.dll at Library/ScriptAssemblies/Unity.RenderPipelines.Universal.Config.Editor.Tests.dll not valid. Loading of assembly skipped.
Assembly Unity.RenderPipelines.Universal.Editor.Tests.dll at Library/ScriptAssemblies/Unity.RenderPipelines.Universal.Editor.Tests.dll not valid. Loading of assembly skipped.
Assembly Unity.RenderPipelines.Universal.Runtime.Tests.dll at Library/ScriptAssemblies/Unity.RenderPipelines.Universal.Runtime.Tests.dll not valid. Loading of assembly skipped.
Assembly Unity.Searcher.EditorTests.dll at Library/ScriptAssemblies/Unity.Searcher.EditorTests.dll not valid. Loading of assembly skipped.
Assembly Unity.ShaderGraph.Editor.Tests.dll at Library/ScriptAssemblies/Unity.ShaderGraph.Editor.Tests.dll not valid. Loading of assembly skipped.
Assembly Unity.TextMeshPro.Editor.Tests.dll at Library/ScriptAssemblies/Unity.TextMeshPro.Editor.Tests.dll not valid. Loading of assembly skipped.
Assembly Unity.TextMeshPro.Tests.dll at Library/ScriptAssemblies/Unity.TextMeshPro.Tests.dll not valid. Loading of assembly skipped.
Assembly Unity.UnifiedRayTracing.Editor.Tests.dll at Library/ScriptAssemblies/Unity.UnifiedRayTracing.Editor.Tests.dll not valid. Loading of assembly skipped.
Assembly UnityEditor.UI.Common.Tests.dll at Library/ScriptAssemblies/UnityEditor.UI.Common.Tests.dll not valid. Loading of assembly skipped.
Assembly UnityEditor.UI.EditorTests.dll at Library/ScriptAssemblies/UnityEditor.UI.EditorTests.dll not valid. Loading of assembly skipped.
Assembly UnityEngine.UI.Tests.dll at Library/ScriptAssemblies/UnityEngine.UI.Tests.dll not valid. Loading of assembly skipped.
Native extension for OSXStandalone target not found
Native extension for WebGL target not found
[Package Manager] Failed to launch server process. Reason: Unity was launched with the -noUpm command-line argument
[Package Manager] Unable to send message (not connected to server process).
[Package Manager] Cannot connect to Unity Package Manager local server
[Package Manager] Failed to launch server process. Reason: Unity was launched with the -noUpm command-line argument
[Package Manager] Unable to send message (not connected to server process).
[Package Manager] Cannot connect to Unity Package Manager local server
ScheduleIndexationOnStartup MainProcess:False IndexOnStartup:True
Mono: successfully reloaded assembly
- Finished resetting the current domain, in  0.395 seconds
Domain Reload Profiling: 805ms
	BeginReloadAssembly (105ms)
		DisableScriptedObjects (3ms)
		CreateAndSetChildDomain (41ms)
	RebuildCommonClasses (22ms)
	RebuildNativeTypeToScriptingClass (8ms)
	initialDomainReloadingComplete (21ms)
	LoadAllAssembliesAndSetupDomain (253ms)
		LoadAssemblies (169ms)
		AnalyzeDomain (107ms)
			TypeCache.Refresh (5ms)
			BuildScriptInfoCaches (95ms)
			ResolveRequiredComponents (6ms)
	FinalizeReload (395ms)
		SetupLoadedEditorAssemblies (0ms)
			BeforeProcessingInitializeOnLoad (84ms)
			ProcessInitializeOnLoadAttributes (162ms)
			ProcessInitializeOnLoadMethodAttributes (40ms)
		AwakeInstancesAfterBackupRestoration (7ms)
WARNING: Shader Unsupported: 'Universal Render Pipeline/VR/SpatialMapping/Wireframe' - All subshaders removed
WARNING: Shader Did you use #pragma only_renderers and omit this platform?
WARNING: Shader If subshaders removal was intentional, you may have forgotten turning Fallback off?
Shader Hidden/ChartRasterizerHardware is not supported: GPU does not support conservative rasterization
Unloading 40 Unused Serialized files (Serialized files now loaded: 0)
Unloading 6583 unused Assets / (4.9 MB). Loaded Objects now: 7494.
Memory consumption went from 312.0 MB to 307.1 MB.
Total: 6.307959 ms (FindLiveObjects: 0.456417 ms CreateObjectMapping: 0.161041 ms MarkObjects: 4.002625 ms  DeleteObjects: 1.686667 ms)

Prepare: number of updated asset objects reloaded= 0
========================================================================
Received Prepare
Begin MonoManager ReloadAssembly
[Licensing::Client] Successfully resolved entitlement details
Thread 0x16de47000 may have been prematurely finalized
Assembly Assembly-CSharp-Editor-firstpass.dll at Library/ScriptAssemblies/Assembly-CSharp-Editor-firstpass.dll not valid. Loading of assembly skipped.
Assembly Assembly-CSharp-firstpass.dll at Library/ScriptAssemblies/Assembly-CSharp-firstpass.dll not valid. Loading of assembly skipped.
Assembly DocCodeExamples.dll at Library/ScriptAssemblies/DocCodeExamples.dll not valid. Loading of assembly skipped.
Assembly TestNewCustomAssembly.dll at Library/ScriptAssemblies/TestNewCustomAssembly.dll not valid. Loading of assembly skipped.
Assembly Unity.Collections.BurstCompatibilityGen.dll at Library/ScriptAssemblies/Unity.Collections.BurstCompatibilityGen.dll not valid. Loading of assembly skipped.
Assembly Unity.Collections.DocCodeSamples.dll at Library/ScriptAssemblies/Unity.Collections.DocCodeSamples.dll not valid. Loading of assembly skipped.
Assembly Unity.Collections.PerformanceTests.dll at Library/ScriptAssemblies/Unity.Collections.PerformanceTests.dll not valid. Loading of assembly skipped.
Assembly Unity.Collections.Tests.dll at Library/ScriptAssemblies/Unity.Collections.Tests.dll not valid. Loading of assembly skipped.
Assembly Unity.Collections.Tests.Playmode.dll at Library/ScriptAssemblies/Unity.Collections.Tests.Playmode.dll not valid. Loading of assembly skipped.
Assembly Unity.InputSystem.IntegrationTests.dll at Library/ScriptAssemblies/Unity.InputSystem.IntegrationTests.dll not valid. Loading of assembly skipped.
Assembly Unity.Mathematics.Tests.dll at Library/ScriptAssemblies/Unity.Mathematics.Tests.dll not valid. Loading of assembly skipped.
Assembly Unity.Multiplayer.Center.Editor.Tests.dll at Library/ScriptAssemblies/Unity.Multiplayer.Center.Editor.Tests.dll not valid. Loading of assembly skipped.
Assembly Unity.Multiplayer.Center.Tests.dll at Library/ScriptAssemblies/Unity.Multiplayer.Center.Tests.dll not valid. Loading of assembly skipped.
Assembly Unity.Nuget.Mono-Cecil.dll at Library/ScriptAssemblies/Unity.Nuget.Mono-Cecil.dll not valid. Loading of assembly skipped.
Assembly Unity.PathTracing.Editor.Tests.dll at Library/ScriptAssemblies/Unity.PathTracing.Editor.Tests.dll not valid. Loading of assembly skipped.
Assembly Unity.PathTracing.Runtime.Tests.dll at Library/ScriptAssemblies/Unity.PathTracing.Runtime.Tests.dll not valid. Loading of assembly skipped.
Assembly Unity.RenderPipelines.Core.Editor.Tests.dll at Library/ScriptAssemblies/Unity.RenderPipelines.Core.Editor.Tests.dll not valid. Loading of assembly skipped.
Assembly Unity.RenderPipelines.Core.Runtime.Tests.dll at Library/ScriptAssemblies/Unity.RenderPipelines.Core.Runtime.Tests.dll not valid. Loading of assembly skipped.
Assembly Unity.RenderPipelines.Universal.Config.Editor.Tests.dll at Library/ScriptAssemblies/Unity.RenderPipelines.Universal.Config.Editor.Tests.dll not valid. Loading of assembly skipped.
Assembly Unity.RenderPipelines.Universal.Editor.Tests.dll at Library/ScriptAssemblies/Unity.RenderPipelines.Universal.Editor.Tests.dll not valid. Loading of assembly skipped.
Assembly Unity.RenderPipelines.Universal.Runtime.Tests.dll at Library/ScriptAssemblies/Unity.RenderPipelines.Universal.Runtime.Tests.dll not valid. Loading of assembly skipped.
Assembly Unity.Searcher.EditorTests.dll at Library/ScriptAssemblies/Unity.Searcher.EditorTests.dll not valid. Loading of assembly skipped.
Assembly Unity.ShaderGraph.Editor.Tests.dll at Library/ScriptAssemblies/Unity.ShaderGraph.Editor.Tests.dll not valid. Loading of assembly skipped.
Assembly Unity.TextMeshPro.Editor.Tests.dll at Library/ScriptAssemblies/Unity.TextMeshPro.Editor.Tests.dll not valid. Loading of assembly skipped.
Assembly Unity.TextMeshPro.Tests.dll at Library/ScriptAssemblies/Unity.TextMeshPro.Tests.dll not valid. Loading of assembly skipped.
Assembly Unity.UnifiedRayTracing.Editor.Tests.dll at Library/ScriptAssemblies/Unity.UnifiedRayTracing.Editor.Tests.dll not valid. Loading of assembly skipped.
Assembly UnityEditor.UI.Common.Tests.dll at Library/ScriptAssemblies/UnityEditor.UI.Common.Tests.dll not valid. Loading of assembly skipped.
Assembly UnityEditor.UI.EditorTests.dll at Library/ScriptAssemblies/UnityEditor.UI.EditorTests.dll not valid. Loading of assembly skipped.
Assembly UnityEngine.UI.Tests.dll at Library/ScriptAssemblies/UnityEngine.UI.Tests.dll not valid. Loading of assembly skipped.
Native extension for OSXStandalone target not found
Native extension for WebGL target not found
[Package Manager] Failed to launch server process. Reason: Unity was launched with the -noUpm command-line argument
[Package Manager] Unable to send message (not connected to server process).
[Package Manager] Cannot connect to Unity Package Manager local server
[Package Manager] Failed to launch server process. Reason: Unity was launched with the -noUpm command-line argument
[Package Manager] Unable to send message (not connected to server process).
[Package Manager] Cannot connect to Unity Package Manager local server
ScheduleIndexationOnStartup MainProcess:False IndexOnStartup:True
Mono: successfully reloaded assembly
- Finished resetting the current domain, in  0.402 seconds
Domain Reload Profiling: 923ms
	BeginReloadAssembly (177ms)
		DisableScriptedObjects (10ms)
		CreateAndSetChildDomain (70ms)
	RebuildCommonClasses (24ms)
	RebuildNativeTypeToScriptingClass (8ms)
	initialDomainReloadingComplete (33ms)
	LoadAllAssembliesAndSetupDomain (278ms)
		LoadAssemblies (202ms)
		AnalyzeDomain (109ms)
			TypeCache.Refresh (5ms)
			BuildScriptInfoCaches (97ms)
			ResolveRequiredComponents (6ms)
	FinalizeReload (403ms)
		SetupLoadedEditorAssemblies (0ms)
			BeforeProcessingInitializeOnLoad (82ms)
			ProcessInitializeOnLoadAttributes (170ms)
			ProcessInitializeOnLoadMethodAttributes (43ms)
		AwakeInstancesAfterBackupRestoration (7ms)
WARNING: Shader Unsupported: 'Universal Render Pipeline/VR/SpatialMapping/Wireframe' - All subshaders removed
WARNING: Shader Did you use #pragma only_renderers and omit this platform?
WARNING: Shader If subshaders removal was intentional, you may have forgotten turning Fallback off?
Shader Hidden/ChartRasterizerHardware is not supported: GPU does not support conservative rasterization
Unloading 40 Unused Serialized files (Serialized files now loaded: 0)
Unloading 6583 unused Assets / (5.5 MB). Loaded Objects now: 7497.
Memory consumption went from 317.7 MB to 312.2 MB.
Total: 8.142458 ms (FindLiveObjects: 0.389708 ms CreateObjectMapping: 0.150625 ms MarkObjects: 4.318833 ms  DeleteObjects: 3.282708 ms)

Prepare: number of updated asset objects reloaded= 0
========================================================================
Received Prepare
Begin MonoManager ReloadAssembly
[Licensing::Client] Successfully resolved entitlement details
Thread 0x16de47000 may have been prematurely finalized
Assembly Assembly-CSharp-Editor-firstpass.dll at Library/ScriptAssemblies/Assembly-CSharp-Editor-firstpass.dll not valid. Loading of assembly skipped.
Assembly Assembly-CSharp-firstpass.dll at Library/ScriptAssemblies/Assembly-CSharp-firstpass.dll not valid. Loading of assembly skipped.
Assembly DocCodeExamples.dll at Library/ScriptAssemblies/DocCodeExamples.dll not valid. Loading of assembly skipped.
Assembly TestNewCustomAssembly.dll at Library/ScriptAssemblies/TestNewCustomAssembly.dll not valid. Loading of assembly skipped.
Assembly Unity.Collections.BurstCompatibilityGen.dll at Library/ScriptAssemblies/Unity.Collections.BurstCompatibilityGen.dll not valid. Loading of assembly skipped.
Assembly Unity.Collections.DocCodeSamples.dll at Library/ScriptAssemblies/Unity.Collections.DocCodeSamples.dll not valid. Loading of assembly skipped.
Assembly Unity.Collections.PerformanceTests.dll at Library/ScriptAssemblies/Unity.Collections.PerformanceTests.dll not valid. Loading of assembly skipped.
Assembly Unity.Collections.Tests.dll at Library/ScriptAssemblies/Unity.Collections.Tests.dll not valid. Loading of assembly skipped.
Assembly Unity.Collections.Tests.Playmode.dll at Library/ScriptAssemblies/Unity.Collections.Tests.Playmode.dll not valid. Loading of assembly skipped.
Assembly Unity.InputSystem.IntegrationTests.dll at Library/ScriptAssemblies/Unity.InputSystem.IntegrationTests.dll not valid. Loading of assembly skipped.
Assembly Unity.Mathematics.Tests.dll at Library/ScriptAssemblies/Unity.Mathematics.Tests.dll not valid. Loading of assembly skipped.
Assembly Unity.Multiplayer.Center.Editor.Tests.dll at Library/ScriptAssemblies/Unity.Multiplayer.Center.Editor.Tests.dll not valid. Loading of assembly skipped.
Assembly Unity.Multiplayer.Center.Tests.dll at Library/ScriptAssemblies/Unity.Multiplayer.Center.Tests.dll not valid. Loading of assembly skipped.
Assembly Unity.Nuget.Mono-Cecil.dll at Library/ScriptAssemblies/Unity.Nuget.Mono-Cecil.dll not valid. Loading of assembly skipped.
Assembly Unity.PathTracing.Editor.Tests.dll at Library/ScriptAssemblies/Unity.PathTracing.Editor.Tests.dll not valid. Loading of assembly skipped.
Assembly Unity.PathTracing.Runtime.Tests.dll at Library/ScriptAssemblies/Unity.PathTracing.Runtime.Tests.dll not valid. Loading of assembly skipped.
Assembly Unity.RenderPipelines.Core.Editor.Tests.dll at Library/ScriptAssemblies/Unity.RenderPipelines.Core.Editor.Tests.dll not valid. Loading of assembly skipped.
Assembly Unity.RenderPipelines.Core.Runtime.Tests.dll at Library/ScriptAssemblies/Unity.RenderPipelines.Core.Runtime.Tests.dll not valid. Loading of assembly skipped.
Assembly Unity.RenderPipelines.Universal.Config.Editor.Tests.dll at Library/ScriptAssemblies/Unity.RenderPipelines.Universal.Config.Editor.Tests.dll not valid. Loading of assembly skipped.
Assembly Unity.RenderPipelines.Universal.Editor.Tests.dll at Library/ScriptAssemblies/Unity.RenderPipelines.Universal.Editor.Tests.dll not valid. Loading of assembly skipped.
Assembly Unity.RenderPipelines.Universal.Runtime.Tests.dll at Library/ScriptAssemblies/Unity.RenderPipelines.Universal.Runtime.Tests.dll not valid. Loading of assembly skipped.
Assembly Unity.Searcher.EditorTests.dll at Library/ScriptAssemblies/Unity.Searcher.EditorTests.dll not valid. Loading of assembly skipped.
Assembly Unity.ShaderGraph.Editor.Tests.dll at Library/ScriptAssemblies/Unity.ShaderGraph.Editor.Tests.dll not valid. Loading of assembly skipped.
Assembly Unity.TextMeshPro.Editor.Tests.dll at Library/ScriptAssemblies/Unity.TextMeshPro.Editor.Tests.dll not valid. Loading of assembly skipped.
Assembly Unity.TextMeshPro.Tests.dll at Library/ScriptAssemblies/Unity.TextMeshPro.Tests.dll not valid. Loading of assembly skipped.
Assembly Unity.UnifiedRayTracing.Editor.Tests.dll at Library/ScriptAssemblies/Unity.UnifiedRayTracing.Editor.Tests.dll not valid. Loading of assembly skipped.
Assembly UnityEditor.UI.Common.Tests.dll at Library/ScriptAssemblies/UnityEditor.UI.Common.Tests.dll not valid. Loading of assembly skipped.
Assembly UnityEditor.UI.EditorTests.dll at Library/ScriptAssemblies/UnityEditor.UI.EditorTests.dll not valid. Loading of assembly skipped.
Assembly UnityEngine.UI.Tests.dll at Library/ScriptAssemblies/UnityEngine.UI.Tests.dll not valid. Loading of assembly skipped.
Native extension for OSXStandalone target not found
Native extension for WebGL target not found
[Package Manager] Failed to launch server process. Reason: Unity was launched with the -noUpm command-line argument
[Package Manager] Unable to send message (not connected to server process).
[Package Manager] Cannot connect to Unity Package Manager local server
[Package Manager] Failed to launch server process. Reason: Unity was launched with the -noUpm command-line argument
[Package Manager] Unable to send message (not connected to server process).
[Package Manager] Cannot connect to Unity Package Manager local server
ScheduleIndexationOnStartup MainProcess:False IndexOnStartup:True
Mono: successfully reloaded assembly
- Finished resetting the current domain, in  0.430 seconds
Domain Reload Profiling: 1001ms
	BeginReloadAssembly (183ms)
		DisableScriptedObjects (8ms)
		CreateAndSetChildDomain (69ms)
	RebuildCommonClasses (30ms)
	RebuildNativeTypeToScriptingClass (9ms)
	initialDomainReloadingComplete (41ms)
	LoadAllAssembliesAndSetupDomain (308ms)
		LoadAssemblies (199ms)
		AnalyzeDomain (138ms)
			TypeCache.Refresh (9ms)
			BuildScriptInfoCaches (121ms)
			ResolveRequiredComponents (6ms)
	FinalizeReload (430ms)
		SetupLoadedEditorAssemblies (0ms)
			BeforeProcessingInitializeOnLoad (92ms)
			ProcessInitializeOnLoadAttributes (169ms)
			ProcessInitializeOnLoadMethodAttributes (44ms)
		AwakeInstancesAfterBackupRestoration (8ms)
WARNING: Shader Unsupported: 'Universal Render Pipeline/VR/SpatialMapping/Wireframe' - All subshaders removed
WARNING: Shader Did you use #pragma only_renderers and omit this platform?
WARNING: Shader If subshaders removal was intentional, you may have forgotten turning Fallback off?
Shader Hidden/ChartRasterizerHardware is not supported: GPU does not support conservative rasterization
Unloading 40 Unused Serialized files (Serialized files now loaded: 0)
Unloading 6583 unused Assets / (5.0 MB). Loaded Objects now: 7500.
Memory consumption went from 323.5 MB to 318.4 MB.
Total: 8.263459 ms (FindLiveObjects: 0.502333 ms CreateObjectMapping: 0.163709 ms MarkObjects: 4.988458 ms  DeleteObjects: 2.608167 ms)

Prepare: number of updated asset objects reloaded= 0
========================================================================
Received Import Request.
  Time since last request: 1826.461368 seconds.
  path: Assets/DronePatrol.cs
  importAddress: Guid(45bb2b346667d41a9b4af9280a691ce5) Importer(815301076,1909f56bfc062723c751e8b465ee728b)
Start importing Assets/DronePatrol.cs using Guid(45bb2b346667d41a9b4af9280a691ce5) Importer(815301076,1909f56bfc062723c751e8b465ee728b) (PreviewImporter) -> (Import Result ID: 'f9a4ba19481608cb6834658f37a66243') in 0.001041833 seconds [static and dynamic dependencies]. Details - ImportResultOutputID=41f571e18ca2c779087147e6d61122db DependenciesID=3faa647b610fda63d346a895a8d22156 StaticDependenciesID=75caf670709a3b779bc6dabae1d569d2 
Number of updated asset objects reloaded before import = 0Number of asset objects unloaded after import = 0

========================================================================
Received Prepare
Begin MonoManager ReloadAssembly
[Licensing::Client] Successfully resolved entitlement details
Thread 0x16da73000 may have been prematurely finalized
Assembly Assembly-CSharp-Editor-firstpass.dll at Library/ScriptAssemblies/Assembly-CSharp-Editor-firstpass.dll not valid. Loading of assembly skipped.
Assembly Assembly-CSharp-firstpass.dll at Library/ScriptAssemblies/Assembly-CSharp-firstpass.dll not valid. Loading of assembly skipped.
Assembly DocCodeExamples.dll at Library/ScriptAssemblies/DocCodeExamples.dll not valid. Loading of assembly skipped.
Assembly TestNewCustomAssembly.dll at Library/ScriptAssemblies/TestNewCustomAssembly.dll not valid. Loading of assembly skipped.
Assembly Unity.Collections.BurstCompatibilityGen.dll at Library/ScriptAssemblies/Unity.Collections.BurstCompatibilityGen.dll not valid. Loading of assembly skipped.
Assembly Unity.Collections.DocCodeSamples.dll at Library/ScriptAssemblies/Unity.Collections.DocCodeSamples.dll not valid. Loading of assembly skipped.
Assembly Unity.Collections.PerformanceTests.dll at Library/ScriptAssemblies/Unity.Collections.PerformanceTests.dll not valid. Loading of assembly skipped.
Assembly Unity.Collections.Tests.dll at Library/ScriptAssemblies/Unity.Collections.Tests.dll not valid. Loading of assembly skipped.
Assembly Unity.Collections.Tests.Playmode.dll at Library/ScriptAssemblies/Unity.Collections.Tests.Playmode.dll not valid. Loading of assembly skipped.
Assembly Unity.InputSystem.IntegrationTests.dll at Library/ScriptAssemblies/Unity.InputSystem.IntegrationTests.dll not valid. Loading of assembly skipped.
Assembly Unity.Mathematics.Tests.dll at Library/ScriptAssemblies/Unity.Mathematics.Tests.dll not valid. Loading of assembly skipped.
Assembly Unity.Multiplayer.Center.Editor.Tests.dll at Library/ScriptAssemblies/Unity.Multiplayer.Center.Editor.Tests.dll not valid. Loading of assembly skipped.
Assembly Unity.Multiplayer.Center.Tests.dll at Library/ScriptAssemblies/Unity.Multiplayer.Center.Tests.dll not valid. Loading of assembly skipped.
Assembly Unity.Nuget.Mono-Cecil.dll at Library/ScriptAssemblies/Unity.Nuget.Mono-Cecil.dll not valid. Loading of assembly skipped.
Assembly Unity.PathTracing.Editor.Tests.dll at Library/ScriptAssemblies/Unity.PathTracing.Editor.Tests.dll not valid. Loading of assembly skipped.
Assembly Unity.PathTracing.Runtime.Tests.dll at Library/ScriptAssemblies/Unity.PathTracing.Runtime.Tests.dll not valid. Loading of assembly skipped.
Assembly Unity.RenderPipelines.Core.Editor.Tests.dll at Library/ScriptAssemblies/Unity.RenderPipelines.Core.Editor.Tests.dll not valid. Loading of assembly skipped.
Assembly Unity.RenderPipelines.Core.Runtime.Tests.dll at Library/ScriptAssemblies/Unity.RenderPipelines.Core.Runtime.Tests.dll not valid. Loading of assembly skipped.
Assembly Unity.RenderPipelines.Universal.Config.Editor.Tests.dll at Library/ScriptAssemblies/Unity.RenderPipelines.Universal.Config.Editor.Tests.dll not valid. Loading of assembly skipped.
Assembly Unity.RenderPipelines.Universal.Editor.Tests.dll at Library/ScriptAssemblies/Unity.RenderPipelines.Universal.Editor.Tests.dll not valid. Loading of assembly skipped.
Assembly Unity.RenderPipelines.Universal.Runtime.Tests.dll at Library/ScriptAssemblies/Unity.RenderPipelines.Universal.Runtime.Tests.dll not valid. Loading of assembly skipped.
Assembly Unity.Searcher.EditorTests.dll at Library/ScriptAssemblies/Unity.Searcher.EditorTests.dll not valid. Loading of assembly skipped.
Assembly Unity.ShaderGraph.Editor.Tests.dll at Library/ScriptAssemblies/Unity.ShaderGraph.Editor.Tests.dll not valid. Loading of assembly skipped.
Assembly Unity.TextMeshPro.Editor.Tests.dll at Library/ScriptAssemblies/Unity.TextMeshPro.Editor.Tests.dll not valid. Loading of assembly skipped.
Assembly Unity.TextMeshPro.Tests.dll at Library/ScriptAssemblies/Unity.TextMeshPro.Tests.dll not valid. Loading of assembly skipped.
Assembly Unity.UnifiedRayTracing.Editor.Tests.dll at Library/ScriptAssemblies/Unity.UnifiedRayTracing.Editor.Tests.dll not valid. Loading of assembly skipped.
Assembly UnityEditor.UI.Common.Tests.dll at Library/ScriptAssemblies/UnityEditor.UI.Common.Tests.dll not valid. Loading of assembly skipped.
Assembly UnityEditor.UI.EditorTests.dll at Library/ScriptAssemblies/UnityEditor.UI.EditorTests.dll not valid. Loading of assembly skipped.
Assembly UnityEngine.UI.Tests.dll at Library/ScriptAssemblies/UnityEngine.UI.Tests.dll not valid. Loading of assembly skipped.
Native extension for OSXStandalone target not found
Native extension for WebGL target not found
[Package Manager] Failed to launch server process. Reason: Unity was launched with the -noUpm command-line argument
[Package Manager] Unable to send message (not connected to server process).
[Package Manager] Cannot connect to Unity Package Manager local server
[Package Manager] Failed to launch server process. Reason: Unity was launched with the -noUpm command-line argument
[Package Manager] Unable to send message (not connected to server process).
[Package Manager] Cannot connect to Unity Package Manager local server
ScheduleIndexationOnStartup MainProcess:False IndexOnStartup:True
Mono: successfully reloaded assembly
- Finished resetting the current domain, in  0.398 seconds
Domain Reload Profiling: 857ms
	BeginReloadAssembly (157ms)
		DisableScriptedObjects (7ms)
		CreateAndSetChildDomain (61ms)
	RebuildCommonClasses (23ms)
	RebuildNativeTypeToScriptingClass (8ms)
	initialDomainReloadingComplete (25ms)
	LoadAllAssembliesAndSetupDomain (244ms)
		LoadAssemblies (165ms)
		AnalyzeDomain (110ms)
			TypeCache.Refresh (5ms)
			BuildScriptInfoCaches (97ms)
			ResolveRequiredComponents (7ms)
	FinalizeReload (399ms)
		SetupLoadedEditorAssemblies (0ms)
			BeforeProcessingInitializeOnLoad (82ms)
			ProcessInitializeOnLoadAttributes (166ms)
			ProcessInitializeOnLoadMethodAttributes (45ms)
		AwakeInstancesAfterBackupRestoration (7ms)
WARNING: Shader Unsupported: 'Universal Render Pipeline/VR/SpatialMapping/Wireframe' - All subshaders removed
WARNING: Shader Did you use #pragma only_renderers and omit this platform?
WARNING: Shader If subshaders removal was intentional, you may have forgotten turning Fallback off?
Shader Hidden/ChartRasterizerHardware is not supported: GPU does not support conservative rasterization
Unloading 40 Unused Serialized files (Serialized files now loaded: 0)
Unloading 6583 unused Assets / (4.7 MB). Loaded Objects now: 7503.
Memory consumption went from 329.2 MB to 324.5 MB.
Total: 6.089791 ms (FindLiveObjects: 0.481209 ms CreateObjectMapping: 0.236250 ms MarkObjects: 3.857458 ms  DeleteObjects: 1.514416 ms)

Prepare: number of updated asset objects reloaded= 0
========================================================================
Received Prepare
Begin MonoManager ReloadAssembly
Thread 0x16da73000 may have been prematurely finalized
Assembly Assembly-CSharp-Editor-firstpass.dll at Library/ScriptAssemblies/Assembly-CSharp-Editor-firstpass.dll not valid. Loading of assembly skipped.
Assembly Assembly-CSharp-firstpass.dll at Library/ScriptAssemblies/Assembly-CSharp-firstpass.dll not valid. Loading of assembly skipped.
Assembly DocCodeExamples.dll at Library/ScriptAssemblies/DocCodeExamples.dll not valid. Loading of assembly skipped.
Assembly TestNewCustomAssembly.dll at Library/ScriptAssemblies/TestNewCustomAssembly.dll not valid. Loading of assembly skipped.
Assembly Unity.Collections.BurstCompatibilityGen.dll at Library/ScriptAssemblies/Unity.Collections.BurstCompatibilityGen.dll not valid. Loading of assembly skipped.
Assembly Unity.Collections.DocCodeSamples.dll at Library/ScriptAssemblies/Unity.Collections.DocCodeSamples.dll not valid. Loading of assembly skipped.
Assembly Unity.Collections.PerformanceTests.dll at Library/ScriptAssemblies/Unity.Collections.PerformanceTests.dll not valid. Loading of assembly skipped.
Assembly Unity.Collections.Tests.dll at Library/ScriptAssemblies/Unity.Collections.Tests.dll not valid. Loading of assembly skipped.
Assembly Unity.Collections.Tests.Playmode.dll at Library/ScriptAssemblies/Unity.Collections.Tests.Playmode.dll not valid. Loading of assembly skipped.
Assembly Unity.InputSystem.IntegrationTests.dll at Library/ScriptAssemblies/Unity.InputSystem.IntegrationTests.dll not valid. Loading of assembly skipped.
Assembly Unity.Mathematics.Tests.dll at Library/ScriptAssemblies/Unity.Mathematics.Tests.dll not valid. Loading of assembly skipped.
Assembly Unity.Multiplayer.Center.Editor.Tests.dll at Library/ScriptAssemblies/Unity.Multiplayer.Center.Editor.Tests.dll not valid. Loading of assembly skipped.
Assembly Unity.Multiplayer.Center.Tests.dll at Library/ScriptAssemblies/Unity.Multiplayer.Center.Tests.dll not valid. Loading of assembly skipped.
Assembly Unity.Nuget.Mono-Cecil.dll at Library/ScriptAssemblies/Unity.Nuget.Mono-Cecil.dll not valid. Loading of assembly skipped.
Assembly Unity.PathTracing.Editor.Tests.dll at Library/ScriptAssemblies/Unity.PathTracing.Editor.Tests.dll not valid. Loading of assembly skipped.
Assembly Unity.PathTracing.Runtime.Tests.dll at Library/ScriptAssemblies/Unity.PathTracing.Runtime.Tests.dll not valid. Loading of assembly skipped.
Assembly Unity.RenderPipelines.Core.Editor.Tests.dll at Library/ScriptAssemblies/Unity.RenderPipelines.Core.Editor.Tests.dll not valid. Loading of assembly skipped.
Assembly Unity.RenderPipelines.Core.Runtime.Tests.dll at Library/ScriptAssemblies/Unity.RenderPipelines.Core.Runtime.Tests.dll not valid. Loading of assembly skipped.
Assembly Unity.RenderPipelines.Universal.Config.Editor.Tests.dll at Library/ScriptAssemblies/Unity.RenderPipelines.Universal.Config.Editor.Tests.dll not valid. Loading of assembly skipped.
Assembly Unity.RenderPipelines.Universal.Editor.Tests.dll at Library/ScriptAssemblies/Unity.RenderPipelines.Universal.Editor.Tests.dll not valid. Loading of assembly skipped.
Assembly Unity.RenderPipelines.Universal.Runtime.Tests.dll at Library/ScriptAssemblies/Unity.RenderPipelines.Universal.Runtime.Tests.dll not valid. Loading of assembly skipped.
Assembly Unity.Searcher.EditorTests.dll at Library/ScriptAssemblies/Unity.Searcher.EditorTests.dll not valid. Loading of assembly skipped.
Assembly Unity.ShaderGraph.Editor.Tests.dll at Library/ScriptAssemblies/Unity.ShaderGraph.Editor.Tests.dll not valid. Loading of assembly skipped.
Assembly Unity.TextMeshPro.Editor.Tests.dll at Library/ScriptAssemblies/Unity.TextMeshPro.Editor.Tests.dll not valid. Loading of assembly skipped.
Assembly Unity.TextMeshPro.Tests.dll at Library/ScriptAssemblies/Unity.TextMeshPro.Tests.dll not valid. Loading of assembly skipped.
Assembly Unity.UnifiedRayTracing.Editor.Tests.dll at Library/ScriptAssemblies/Unity.UnifiedRayTracing.Editor.Tests.dll not valid. Loading of assembly skipped.
Assembly UnityEditor.UI.Common.Tests.dll at Library/ScriptAssemblies/UnityEditor.UI.Common.Tests.dll not valid. Loading of assembly skipped.
Assembly UnityEditor.UI.EditorTests.dll at Library/ScriptAssemblies/UnityEditor.UI.EditorTests.dll not valid. Loading of assembly skipped.
Assembly UnityEngine.UI.Tests.dll at Library/ScriptAssemblies/UnityEngine.UI.Tests.dll not valid. Loading of assembly skipped.
Native extension for OSXStandalone target not found
Native extension for WebGL target not found
[Package Manager] Failed to launch server process. Reason: Unity was launched with the -noUpm command-line argument
[Package Manager] Unable to send message (not connected to server process).
[Package Manager] Cannot connect to Unity Package Manager local server
[Package Manager] Failed to launch server process. Reason: Unity was launched with the -noUpm command-line argument
[Package Manager] Unable to send message (not connected to server process).
[Package Manager] Cannot connect to Unity Package Manager local server
ScheduleIndexationOnStartup MainProcess:False IndexOnStartup:True
Mono: successfully reloaded assembly
- Finished resetting the current domain, in  0.392 seconds
Domain Reload Profiling: 868ms
	BeginReloadAssembly (159ms)
		DisableScriptedObjects (7ms)
		CreateAndSetChildDomain (61ms)
	RebuildCommonClasses (24ms)
	RebuildNativeTypeToScriptingClass (9ms)
	initialDomainReloadingComplete (24ms)
	LoadAllAssembliesAndSetupDomain (259ms)
		LoadAssemblies (180ms)
		AnalyzeDomain (110ms)
			TypeCache.Refresh (5ms)
			BuildScriptInfoCaches (97ms)
			ResolveRequiredComponents (6ms)
	FinalizeReload (392ms)
		SetupLoadedEditorAssemblies (0ms)
			BeforeProcessingInitializeOnLoad (81ms)
			ProcessInitializeOnLoadAttributes (159ms)
			ProcessInitializeOnLoadMethodAttributes (44ms)
		AwakeInstancesAfterBackupRestoration (7ms)
WARNING: Shader Unsupported: 'Universal Render Pipeline/VR/SpatialMapping/Wireframe' - All subshaders removed
WARNING: Shader Did you use #pragma only_renderers and omit this platform?
WARNING: Shader If subshaders removal was intentional, you may have forgotten turning Fallback off?
Shader Hidden/ChartRasterizerHardware is not supported: GPU does not support conservative rasterization
Unloading 40 Unused Serialized files (Serialized files now loaded: 0)
Unloading 6583 unused Assets / (5.1 MB). Loaded Objects now: 7506.
Memory consumption went from 334.9 MB to 329.8 MB.
Total: 6.463417 ms (FindLiveObjects: 0.326542 ms CreateObjectMapping: 0.136250 ms MarkObjects: 4.314208 ms  DeleteObjects: 1.685750 ms)

Prepare: number of updated asset objects reloaded= 0
========================================================================
Received Prepare
Begin MonoManager ReloadAssembly
[Licensing::Client] Successfully resolved entitlement details
Thread 0x16da73000 may have been prematurely finalized
Assembly Assembly-CSharp-Editor-firstpass.dll at Library/ScriptAssemblies/Assembly-CSharp-Editor-firstpass.dll not valid. Loading of assembly skipped.
Assembly Assembly-CSharp-firstpass.dll at Library/ScriptAssemblies/Assembly-CSharp-firstpass.dll not valid. Loading of assembly skipped.
Assembly DocCodeExamples.dll at Library/ScriptAssemblies/DocCodeExamples.dll not valid. Loading of assembly skipped.
Assembly TestNewCustomAssembly.dll at Library/ScriptAssemblies/TestNewCustomAssembly.dll not valid. Loading of assembly skipped.
Assembly Unity.Collections.BurstCompatibilityGen.dll at Library/ScriptAssemblies/Unity.Collections.BurstCompatibilityGen.dll not valid. Loading of assembly skipped.
Assembly Unity.Collections.DocCodeSamples.dll at Library/ScriptAssemblies/Unity.Collections.DocCodeSamples.dll not valid. Loading of assembly skipped.
Assembly Unity.Collections.PerformanceTests.dll at Library/ScriptAssemblies/Unity.Collections.PerformanceTests.dll not valid. Loading of assembly skipped.
Assembly Unity.Collections.Tests.dll at Library/ScriptAssemblies/Unity.Collections.Tests.dll not valid. Loading of assembly skipped.
Assembly Unity.Collections.Tests.Playmode.dll at Library/ScriptAssemblies/Unity.Collections.Tests.Playmode.dll not valid. Loading of assembly skipped.
Assembly Unity.InputSystem.IntegrationTests.dll at Library/ScriptAssemblies/Unity.InputSystem.IntegrationTests.dll not valid. Loading of assembly skipped.
Assembly Unity.Mathematics.Tests.dll at Library/ScriptAssemblies/Unity.Mathematics.Tests.dll not valid. Loading of assembly skipped.
Assembly Unity.Multiplayer.Center.Editor.Tests.dll at Library/ScriptAssemblies/Unity.Multiplayer.Center.Editor.Tests.dll not valid. Loading of assembly skipped.
Assembly Unity.Multiplayer.Center.Tests.dll at Library/ScriptAssemblies/Unity.Multiplayer.Center.Tests.dll not valid. Loading of assembly skipped.
Assembly Unity.Nuget.Mono-Cecil.dll at Library/ScriptAssemblies/Unity.Nuget.Mono-Cecil.dll not valid. Loading of assembly skipped.
Assembly Unity.PathTracing.Editor.Tests.dll at Library/ScriptAssemblies/Unity.PathTracing.Editor.Tests.dll not valid. Loading of assembly skipped.
Assembly Unity.PathTracing.Runtime.Tests.dll at Library/ScriptAssemblies/Unity.PathTracing.Runtime.Tests.dll not valid. Loading of assembly skipped.
Assembly Unity.RenderPipelines.Core.Editor.Tests.dll at Library/ScriptAssemblies/Unity.RenderPipelines.Core.Editor.Tests.dll not valid. Loading of assembly skipped.
Assembly Unity.RenderPipelines.Core.Runtime.Tests.dll at Library/ScriptAssemblies/Unity.RenderPipelines.Core.Runtime.Tests.dll not valid. Loading of assembly skipped.
Assembly Unity.RenderPipelines.Universal.Config.Editor.Tests.dll at Library/ScriptAssemblies/Unity.RenderPipelines.Universal.Config.Editor.Tests.dll not valid. Loading of assembly skipped.
Assembly Unity.RenderPipelines.Universal.Editor.Tests.dll at Library/ScriptAssemblies/Unity.RenderPipelines.Universal.Editor.Tests.dll not valid. Loading of assembly skipped.
Assembly Unity.RenderPipelines.Universal.Runtime.Tests.dll at Library/ScriptAssemblies/Unity.RenderPipelines.Universal.Runtime.Tests.dll not valid. Loading of assembly skipped.
Assembly Unity.Searcher.EditorTests.dll at Library/ScriptAssemblies/Unity.Searcher.EditorTests.dll not valid. Loading of assembly skipped.
Assembly Unity.ShaderGraph.Editor.Tests.dll at Library/ScriptAssemblies/Unity.ShaderGraph.Editor.Tests.dll not valid. Loading of assembly skipped.
Assembly Unity.TextMeshPro.Editor.Tests.dll at Library/ScriptAssemblies/Unity.TextMeshPro.Editor.Tests.dll not valid. Loading of assembly skipped.
Assembly Unity.TextMeshPro.Tests.dll at Library/ScriptAssemblies/Unity.TextMeshPro.Tests.dll not valid. Loading of assembly skipped.
Assembly Unity.UnifiedRayTracing.Editor.Tests.dll at Library/ScriptAssemblies/Unity.UnifiedRayTracing.Editor.Tests.dll not valid. Loading of assembly skipped.
Assembly UnityEditor.UI.Common.Tests.dll at Library/ScriptAssemblies/UnityEditor.UI.Common.Tests.dll not valid. Loading of assembly skipped.
Assembly UnityEditor.UI.EditorTests.dll at Library/ScriptAssemblies/UnityEditor.UI.EditorTests.dll not valid. Loading of assembly skipped.
Assembly UnityEngine.UI.Tests.dll at Library/ScriptAssemblies/UnityEngine.UI.Tests.dll not valid. Loading of assembly skipped.
Native extension for OSXStandalone target not found
Native extension for WebGL target not found
[Package Manager] Failed to launch server process. Reason: Unity was launched with the -noUpm command-line argument
[Package Manager] Unable to send message (not connected to server process).
[Package Manager] Cannot connect to Unity Package Manager local server
[Package Manager] Failed to launch server process. Reason: Unity was launched with the -noUpm command-line argument
[Package Manager] Unable to send message (not connected to server process).
[Package Manager] Cannot connect to Unity Package Manager local server
ScheduleIndexationOnStartup MainProcess:False IndexOnStartup:True
Mono: successfully reloaded assembly
- Finished resetting the current domain, in  0.412 seconds
Domain Reload Profiling: 895ms
	BeginReloadAssembly (163ms)
		DisableScriptedObjects (9ms)
		CreateAndSetChildDomain (65ms)
	RebuildCommonClasses (23ms)
	RebuildNativeTypeToScriptingClass (8ms)
	initialDomainReloadingComplete (27ms)
	LoadAllAssembliesAndSetupDomain (262ms)
		LoadAssemblies (183ms)
		AnalyzeDomain (110ms)
			TypeCache.Refresh (6ms)
			BuildScriptInfoCaches (96ms)
			ResolveRequiredComponents (6ms)
	FinalizeReload (412ms)
		SetupLoadedEditorAssemblies (0ms)
			BeforeProcessingInitializeOnLoad (83ms)
			ProcessInitializeOnLoadAttributes (171ms)
			ProcessInitializeOnLoadMethodAttributes (43ms)
		AwakeInstancesAfterBackupRestoration (7ms)
WARNING: Shader Unsupported: 'Universal Render Pipeline/VR/SpatialMapping/Wireframe' - All subshaders removed
WARNING: Shader Did you use #pragma only_renderers and omit this platform?
WARNING: Shader If subshaders removal was intentional, you may have forgotten turning Fallback off?
Shader Hidden/ChartRasterizerHardware is not supported: GPU does not support conservative rasterization
Unloading 40 Unused Serialized files (Serialized files now loaded: 0)
Unloading 6583 unused Assets / (4.9 MB). Loaded Objects now: 7509.
Memory consumption went from 340.7 MB to 335.8 MB.
Total: 6.177500 ms (FindLiveObjects: 0.328625 ms CreateObjectMapping: 0.124500 ms MarkObjects: 4.077500 ms  DeleteObjects: 1.646583 ms)

Prepare: number of updated asset objects reloaded= 0
========================================================================
Received Prepare
WARNING: Shader Unsupported: 'Universal Render Pipeline/VR/SpatialMapping/Wireframe' - All subshaders removed
WARNING: Shader Did you use #pragma only_renderers and omit this platform?
WARNING: Shader If subshaders removal was intentional, you may have forgotten turning Fallback off?
Shader Hidden/ChartRasterizerHardware is not supported: GPU does not support conservative rasterization
Unloading 40 Unused Serialized files (Serialized files now loaded: 0)
Unloading 6572 unused Assets / (4.8 MB). Loaded Objects now: 7509.
Memory consumption went from 336.7 MB to 331.9 MB.
Total: 24.537792 ms (FindLiveObjects: 0.508125 ms CreateObjectMapping: 0.144458 ms MarkObjects: 22.287458 ms  DeleteObjects: 1.597042 ms)

Prepare: number of updated asset objects reloaded= 0
========================================================================
Received Prepare
Begin MonoManager ReloadAssembly
[Licensing::Client] Successfully resolved entitlement details
Thread 0x16da73000 may have been prematurely finalized
Assembly Assembly-CSharp-Editor-firstpass.dll at Library/ScriptAssemblies/Assembly-CSharp-Editor-firstpass.dll not valid. Loading of assembly skipped.
Assembly Assembly-CSharp-firstpass.dll at Library/ScriptAssemblies/Assembly-CSharp-firstpass.dll not valid. Loading of assembly skipped.
Assembly DocCodeExamples.dll at Library/ScriptAssemblies/DocCodeExamples.dll not valid. Loading of assembly skipped.
Assembly TestNewCustomAssembly.dll at Library/ScriptAssemblies/TestNewCustomAssembly.dll not valid. Loading of assembly skipped.
Assembly Unity.Collections.BurstCompatibilityGen.dll at Library/ScriptAssemblies/Unity.Collections.BurstCompatibilityGen.dll not valid. Loading of assembly skipped.
Assembly Unity.Collections.DocCodeSamples.dll at Library/ScriptAssemblies/Unity.Collections.DocCodeSamples.dll not valid. Loading of assembly skipped.
Assembly Unity.Collections.PerformanceTests.dll at Library/ScriptAssemblies/Unity.Collections.PerformanceTests.dll not valid. Loading of assembly skipped.
Assembly Unity.Collections.Tests.dll at Library/ScriptAssemblies/Unity.Collections.Tests.dll not valid. Loading of assembly skipped.
Assembly Unity.Collections.Tests.Playmode.dll at Library/ScriptAssemblies/Unity.Collections.Tests.Playmode.dll not valid. Loading of assembly skipped.
Assembly Unity.InputSystem.IntegrationTests.dll at Library/ScriptAssemblies/Unity.InputSystem.IntegrationTests.dll not valid. Loading of assembly skipped.
Assembly Unity.Mathematics.Tests.dll at Library/ScriptAssemblies/Unity.Mathematics.Tests.dll not valid. Loading of assembly skipped.
Assembly Unity.Multiplayer.Center.Editor.Tests.dll at Library/ScriptAssemblies/Unity.Multiplayer.Center.Editor.Tests.dll not valid. Loading of assembly skipped.
Assembly Unity.Multiplayer.Center.Tests.dll at Library/ScriptAssemblies/Unity.Multiplayer.Center.Tests.dll not valid. Loading of assembly skipped.
Assembly Unity.Nuget.Mono-Cecil.dll at Library/ScriptAssemblies/Unity.Nuget.Mono-Cecil.dll not valid. Loading of assembly skipped.
Assembly Unity.PathTracing.Editor.Tests.dll at Library/ScriptAssemblies/Unity.PathTracing.Editor.Tests.dll not valid. Loading of assembly skipped.
Assembly Unity.PathTracing.Runtime.Tests.dll at Library/ScriptAssemblies/Unity.PathTracing.Runtime.Tests.dll not valid. Loading of assembly skipped.
Assembly Unity.RenderPipelines.Core.Editor.Tests.dll at Library/ScriptAssemblies/Unity.RenderPipelines.Core.Editor.Tests.dll not valid. Loading of assembly skipped.
Assembly Unity.RenderPipelines.Core.Runtime.Tests.dll at Library/ScriptAssemblies/Unity.RenderPipelines.Core.Runtime.Tests.dll not valid. Loading of assembly skipped.
Assembly Unity.RenderPipelines.Universal.Config.Editor.Tests.dll at Library/ScriptAssemblies/Unity.RenderPipelines.Universal.Config.Editor.Tests.dll not valid. Loading of assembly skipped.
Assembly Unity.RenderPipelines.Universal.Editor.Tests.dll at Library/ScriptAssemblies/Unity.RenderPipelines.Universal.Editor.Tests.dll not valid. Loading of assembly skipped.
Assembly Unity.RenderPipelines.Universal.Runtime.Tests.dll at Library/ScriptAssemblies/Unity.RenderPipelines.Universal.Runtime.Tests.dll not valid. Loading of assembly skipped.
Assembly Unity.Searcher.EditorTests.dll at Library/ScriptAssemblies/Unity.Searcher.EditorTests.dll not valid. Loading of assembly skipped.
Assembly Unity.ShaderGraph.Editor.Tests.dll at Library/ScriptAssemblies/Unity.ShaderGraph.Editor.Tests.dll not valid. Loading of assembly skipped.
Assembly Unity.TextMeshPro.Editor.Tests.dll at Library/ScriptAssemblies/Unity.TextMeshPro.Editor.Tests.dll not valid. Loading of assembly skipped.
Assembly Unity.TextMeshPro.Tests.dll at Library/ScriptAssemblies/Unity.TextMeshPro.Tests.dll not valid. Loading of assembly skipped.
Assembly Unity.UnifiedRayTracing.Editor.Tests.dll at Library/ScriptAssemblies/Unity.UnifiedRayTracing.Editor.Tests.dll not valid. Loading of assembly skipped.
Assembly UnityEditor.UI.Common.Tests.dll at Library/ScriptAssemblies/UnityEditor.UI.Common.Tests.dll not valid. Loading of assembly skipped.
Assembly UnityEditor.UI.EditorTests.dll at Library/ScriptAssemblies/UnityEditor.UI.EditorTests.dll not valid. Loading of assembly skipped.
Assembly UnityEngine.UI.Tests.dll at Library/ScriptAssemblies/UnityEngine.UI.Tests.dll not valid. Loading of assembly skipped.
Native extension for OSXStandalone target not found
Native extension for WebGL target not found
[Package Manager] Failed to launch server process. Reason: Unity was launched with the -noUpm command-line argument
[Package Manager] Unable to send message (not connected to server process).
[Package Manager] Cannot connect to Unity Package Manager local server
[Package Manager] Failed to launch server process. Reason: Unity was launched with the -noUpm command-line argument
[Package Manager] Unable to send message (not connected to server process).
[Package Manager] Cannot connect to Unity Package Manager local server
ScheduleIndexationOnStartup MainProcess:False IndexOnStartup:True
Mono: successfully reloaded assembly
- Finished resetting the current domain, in  0.385 seconds
Domain Reload Profiling: 846ms
	BeginReloadAssembly (135ms)
		DisableScriptedObjects (4ms)
		CreateAndSetChildDomain (56ms)
	RebuildCommonClasses (23ms)
	RebuildNativeTypeToScriptingClass (8ms)
	initialDomainReloadingComplete (23ms)
	LoadAllAssembliesAndSetupDomain (271ms)
		LoadAssemblies (177ms)
		AnalyzeDomain (126ms)
			TypeCache.Refresh (7ms)
			BuildScriptInfoCaches (105ms)
			ResolveRequiredComponents (6ms)
	FinalizeReload (385ms)
		SetupLoadedEditorAssemblies (0ms)
			BeforeProcessingInitializeOnLoad (74ms)
			ProcessInitializeOnLoadAttributes (160ms)
			ProcessInitializeOnLoadMethodAttributes (42ms)
		AwakeInstancesAfterBackupRestoration (7ms)
WARNING: Shader Unsupported: 'Universal Render Pipeline/VR/SpatialMapping/Wireframe' - All subshaders removed
WARNING: Shader Did you use #pragma only_renderers and omit this platform?
WARNING: Shader If subshaders removal was intentional, you may have forgotten turning Fallback off?
Shader Hidden/ChartRasterizerHardware is not supported: GPU does not support conservative rasterization
Unloading 40 Unused Serialized files (Serialized files now loaded: 0)
Unloading 6583 unused Assets / (4.8 MB). Loaded Objects now: 7512.
Memory consumption went from 343.8 MB to 338.9 MB.
Total: 5.481750 ms (FindLiveObjects: 0.352416 ms CreateObjectMapping: 0.152084 ms MarkObjects: 3.666166 ms  DeleteObjects: 1.310917 ms)

Prepare: number of updated asset objects reloaded= 0
========================================================================
Received Prepare
Begin MonoManager ReloadAssembly
Thread 0x16da73000 may have been prematurely finalized
Assembly Assembly-CSharp-Editor-firstpass.dll at Library/ScriptAssemblies/Assembly-CSharp-Editor-firstpass.dll not valid. Loading of assembly skipped.
Assembly Assembly-CSharp-firstpass.dll at Library/ScriptAssemblies/Assembly-CSharp-firstpass.dll not valid. Loading of assembly skipped.
Assembly DocCodeExamples.dll at Library/ScriptAssemblies/DocCodeExamples.dll not valid. Loading of assembly skipped.
Assembly TestNewCustomAssembly.dll at Library/ScriptAssemblies/TestNewCustomAssembly.dll not valid. Loading of assembly skipped.
Assembly Unity.Collections.BurstCompatibilityGen.dll at Library/ScriptAssemblies/Unity.Collections.BurstCompatibilityGen.dll not valid. Loading of assembly skipped.
Assembly Unity.Collections.DocCodeSamples.dll at Library/ScriptAssemblies/Unity.Collections.DocCodeSamples.dll not valid. Loading of assembly skipped.
Assembly Unity.Collections.PerformanceTests.dll at Library/ScriptAssemblies/Unity.Collections.PerformanceTests.dll not valid. Loading of assembly skipped.
Assembly Unity.Collections.Tests.dll at Library/ScriptAssemblies/Unity.Collections.Tests.dll not valid. Loading of assembly skipped.
Assembly Unity.Collections.Tests.Playmode.dll at Library/ScriptAssemblies/Unity.Collections.Tests.Playmode.dll not valid. Loading of assembly skipped.
Assembly Unity.InputSystem.IntegrationTests.dll at Library/ScriptAssemblies/Unity.InputSystem.IntegrationTests.dll not valid. Loading of assembly skipped.
Assembly Unity.Mathematics.Tests.dll at Library/ScriptAssemblies/Unity.Mathematics.Tests.dll not valid. Loading of assembly skipped.
Assembly Unity.Multiplayer.Center.Editor.Tests.dll at Library/ScriptAssemblies/Unity.Multiplayer.Center.Editor.Tests.dll not valid. Loading of assembly skipped.
Assembly Unity.Multiplayer.Center.Tests.dll at Library/ScriptAssemblies/Unity.Multiplayer.Center.Tests.dll not valid. Loading of assembly skipped.
Assembly Unity.Nuget.Mono-Cecil.dll at Library/ScriptAssemblies/Unity.Nuget.Mono-Cecil.dll not valid. Loading of assembly skipped.
Assembly Unity.PathTracing.Editor.Tests.dll at Library/ScriptAssemblies/Unity.PathTracing.Editor.Tests.dll not valid. Loading of assembly skipped.
Assembly Unity.PathTracing.Runtime.Tests.dll at Library/ScriptAssemblies/Unity.PathTracing.Runtime.Tests.dll not valid. Loading of assembly skipped.
Assembly Unity.RenderPipelines.Core.Editor.Tests.dll at Library/ScriptAssemblies/Unity.RenderPipelines.Core.Editor.Tests.dll not valid. Loading of assembly skipped.
Assembly Unity.RenderPipelines.Core.Runtime.Tests.dll at Library/ScriptAssemblies/Unity.RenderPipelines.Core.Runtime.Tests.dll not valid. Loading of assembly skipped.
Assembly Unity.RenderPipelines.Universal.Config.Editor.Tests.dll at Library/ScriptAssemblies/Unity.RenderPipelines.Universal.Config.Editor.Tests.dll not valid. Loading of assembly skipped.
Assembly Unity.RenderPipelines.Universal.Editor.Tests.dll at Library/ScriptAssemblies/Unity.RenderPipelines.Universal.Editor.Tests.dll not valid. Loading of assembly skipped.
Assembly Unity.RenderPipelines.Universal.Runtime.Tests.dll at Library/ScriptAssemblies/Unity.RenderPipelines.Universal.Runtime.Tests.dll not valid. Loading of assembly skipped.
Assembly Unity.Searcher.EditorTests.dll at Library/ScriptAssemblies/Unity.Searcher.EditorTests.dll not valid. Loading of assembly skipped.
Assembly Unity.ShaderGraph.Editor.Tests.dll at Library/ScriptAssemblies/Unity.ShaderGraph.Editor.Tests.dll not valid. Loading of assembly skipped.
Assembly Unity.TextMeshPro.Editor.Tests.dll at Library/ScriptAssemblies/Unity.TextMeshPro.Editor.Tests.dll not valid. Loading of assembly skipped.
Assembly Unity.TextMeshPro.Tests.dll at Library/ScriptAssemblies/Unity.TextMeshPro.Tests.dll not valid. Loading of assembly skipped.
Assembly Unity.UnifiedRayTracing.Editor.Tests.dll at Library/ScriptAssemblies/Unity.UnifiedRayTracing.Editor.Tests.dll not valid. Loading of assembly skipped.
Assembly UnityEditor.UI.Common.Tests.dll at Library/ScriptAssemblies/UnityEditor.UI.Common.Tests.dll not valid. Loading of assembly skipped.
Assembly UnityEditor.UI.EditorTests.dll at Library/ScriptAssemblies/UnityEditor.UI.EditorTests.dll not valid. Loading of assembly skipped.
Assembly UnityEngine.UI.Tests.dll at Library/ScriptAssemblies/UnityEngine.UI.Tests.dll not valid. Loading of assembly skipped.
Native extension for OSXStandalone target not found
Native extension for WebGL target not found
[Package Manager] Failed to launch server process. Reason: Unity was launched with the -noUpm command-line argument
[Package Manager] Unable to send message (not connected to server process).
[Package Manager] Cannot connect to Unity Package Manager local server
[Package Manager] Failed to launch server process. Reason: Unity was launched with the -noUpm command-line argument
[Package Manager] Unable to send message (not connected to server process).
[Package Manager] Cannot connect to Unity Package Manager local server
ScheduleIndexationOnStartup MainProcess:False IndexOnStartup:True
Mono: successfully reloaded assembly
- Finished resetting the current domain, in  0.408 seconds
Domain Reload Profiling: 840ms
	BeginReloadAssembly (140ms)
		DisableScriptedObjects (5ms)
		CreateAndSetChildDomain (67ms)
	RebuildCommonClasses (23ms)
	RebuildNativeTypeToScriptingClass (8ms)
	initialDomainReloadingComplete (23ms)
	LoadAllAssembliesAndSetupDomain (237ms)
		LoadAssemblies (150ms)
		AnalyzeDomain (112ms)
			TypeCache.Refresh (5ms)
			BuildScriptInfoCaches (100ms)
			ResolveRequiredComponents (6ms)
	FinalizeReload (409ms)
		SetupLoadedEditorAssemblies (0ms)
			BeforeProcessingInitializeOnLoad (85ms)
			ProcessInitializeOnLoadAttributes (169ms)
			ProcessInitializeOnLoadMethodAttributes (42ms)
		AwakeInstancesAfterBackupRestoration (7ms)
WARNING: Shader Unsupported: 'Universal Render Pipeline/VR/SpatialMapping/Wireframe' - All subshaders removed
WARNING: Shader Did you use #pragma only_renderers and omit this platform?
WARNING: Shader If subshaders removal was intentional, you may have forgotten turning Fallback off?
Shader Hidden/ChartRasterizerHardware is not supported: GPU does not support conservative rasterization
Unloading 40 Unused Serialized files (Serialized files now loaded: 0)
Unloading 6583 unused Assets / (4.7 MB). Loaded Objects now: 7515.
Memory consumption went from 349.5 MB to 344.8 MB.
Total: 6.264583 ms (FindLiveObjects: 0.504375 ms CreateObjectMapping: 0.173166 ms MarkObjects: 3.898500 ms  DeleteObjects: 1.688208 ms)

Prepare: number of updated asset objects reloaded= 0
========================================================================
Received Prepare
WARNING: Shader Unsupported: 'Universal Render Pipeline/VR/SpatialMapping/Wireframe' - All subshaders removed
WARNING: Shader Did you use #pragma only_renderers and omit this platform?
WARNING: Shader If subshaders removal was intentional, you may have forgotten turning Fallback off?
Shader Hidden/ChartRasterizerHardware is not supported: GPU does not support conservative rasterization
Refreshing native plugins compatible for Editor in 2.29 ms, found 2 plugins.
Unloading 40 Unused Serialized files (Serialized files now loaded: 0)
Unloading 6573 unused Assets / (5.3 MB). Loaded Objects now: 7516.
Memory consumption went from 345.6 MB to 340.3 MB.
Total: 16.816375 ms (FindLiveObjects: 1.126000 ms CreateObjectMapping: 0.464125 ms MarkObjects: 12.801292 ms  DeleteObjects: 2.423917 ms)

Prepare: number of updated asset objects reloaded= 0
========================================================================
Received Prepare
Begin MonoManager ReloadAssembly
[Licensing::Client] Successfully resolved entitlement details
Thread 0x16da73000 may have been prematurely finalized
Assembly Assembly-CSharp-Editor-firstpass.dll at Library/ScriptAssemblies/Assembly-CSharp-Editor-firstpass.dll not valid. Loading of assembly skipped.
Assembly Assembly-CSharp-firstpass.dll at Library/ScriptAssemblies/Assembly-CSharp-firstpass.dll not valid. Loading of assembly skipped.
Assembly DocCodeExamples.dll at Library/ScriptAssemblies/DocCodeExamples.dll not valid. Loading of assembly skipped.
Assembly TestNewCustomAssembly.dll at Library/ScriptAssemblies/TestNewCustomAssembly.dll not valid. Loading of assembly skipped.
Assembly Unity.Collections.BurstCompatibilityGen.dll at Library/ScriptAssemblies/Unity.Collections.BurstCompatibilityGen.dll not valid. Loading of assembly skipped.
Assembly Unity.Collections.DocCodeSamples.dll at Library/ScriptAssemblies/Unity.Collections.DocCodeSamples.dll not valid. Loading of assembly skipped.
Assembly Unity.Collections.PerformanceTests.dll at Library/ScriptAssemblies/Unity.Collections.PerformanceTests.dll not valid. Loading of assembly skipped.
Assembly Unity.Collections.Tests.dll at Library/ScriptAssemblies/Unity.Collections.Tests.dll not valid. Loading of assembly skipped.
Assembly Unity.Collections.Tests.Playmode.dll at Library/ScriptAssemblies/Unity.Collections.Tests.Playmode.dll not valid. Loading of assembly skipped.
Assembly Unity.InputSystem.IntegrationTests.dll at Library/ScriptAssemblies/Unity.InputSystem.IntegrationTests.dll not valid. Loading of assembly skipped.
Assembly Unity.Mathematics.Tests.dll at Library/ScriptAssemblies/Unity.Mathematics.Tests.dll not valid. Loading of assembly skipped.
Assembly Unity.Multiplayer.Center.Editor.Tests.dll at Library/ScriptAssemblies/Unity.Multiplayer.Center.Editor.Tests.dll not valid. Loading of assembly skipped.
Assembly Unity.Multiplayer.Center.Tests.dll at Library/ScriptAssemblies/Unity.Multiplayer.Center.Tests.dll not valid. Loading of assembly skipped.
Assembly Unity.Nuget.Mono-Cecil.dll at Library/ScriptAssemblies/Unity.Nuget.Mono-Cecil.dll not valid. Loading of assembly skipped.
Assembly Unity.PathTracing.Editor.Tests.dll at Library/ScriptAssemblies/Unity.PathTracing.Editor.Tests.dll not valid. Loading of assembly skipped.
Assembly Unity.PathTracing.Runtime.Tests.dll at Library/ScriptAssemblies/Unity.PathTracing.Runtime.Tests.dll not valid. Loading of assembly skipped.
Assembly Unity.RenderPipelines.Core.Editor.Tests.dll at Library/ScriptAssemblies/Unity.RenderPipelines.Core.Editor.Tests.dll not valid. Loading of assembly skipped.
Assembly Unity.RenderPipelines.Core.Runtime.Tests.dll at Library/ScriptAssemblies/Unity.RenderPipelines.Core.Runtime.Tests.dll not valid. Loading of assembly skipped.
Assembly Unity.RenderPipelines.Universal.Config.Editor.Tests.dll at Library/ScriptAssemblies/Unity.RenderPipelines.Universal.Config.Editor.Tests.dll not valid. Loading of assembly skipped.
Assembly Unity.RenderPipelines.Universal.Editor.Tests.dll at Library/ScriptAssemblies/Unity.RenderPipelines.Universal.Editor.Tests.dll not valid. Loading of assembly skipped.
Assembly Unity.RenderPipelines.Universal.Runtime.Tests.dll at Library/ScriptAssemblies/Unity.RenderPipelines.Universal.Runtime.Tests.dll not valid. Loading of assembly skipped.
Assembly Unity.Searcher.EditorTests.dll at Library/ScriptAssemblies/Unity.Searcher.EditorTests.dll not valid. Loading of assembly skipped.
Assembly Unity.ShaderGraph.Editor.Tests.dll at Library/ScriptAssemblies/Unity.ShaderGraph.Editor.Tests.dll not valid. Loading of assembly skipped.
Assembly Unity.TextMeshPro.Editor.Tests.dll at Library/ScriptAssemblies/Unity.TextMeshPro.Editor.Tests.dll not valid. Loading of assembly skipped.
Assembly Unity.TextMeshPro.Tests.dll at Library/ScriptAssemblies/Unity.TextMeshPro.Tests.dll not valid. Loading of assembly skipped.
Assembly Unity.UnifiedRayTracing.Editor.Tests.dll at Library/ScriptAssemblies/Unity.UnifiedRayTracing.Editor.Tests.dll not valid. Loading of assembly skipped.
Assembly UnityEditor.UI.Common.Tests.dll at Library/ScriptAssemblies/UnityEditor.UI.Common.Tests.dll not valid. Loading of assembly skipped.
Assembly UnityEditor.UI.EditorTests.dll at Library/ScriptAssemblies/UnityEditor.UI.EditorTests.dll not valid. Loading of assembly skipped.
Assembly UnityEngine.UI.Tests.dll at Library/ScriptAssemblies/UnityEngine.UI.Tests.dll not valid. Loading of assembly skipped.
Native extension for OSXStandalone target not found
Native extension for WebGL target not found
[Package Manager] Failed to launch server process. Reason: Unity was launched with the -noUpm command-line argument
[Package Manager] Unable to send message (not connected to server process).
[Package Manager] Cannot connect to Unity Package Manager local server
[Package Manager] Failed to launch server process. Reason: Unity was launched with the -noUpm command-line argument
[Package Manager] Unable to send message (not connected to server process).
[Package Manager] Cannot connect to Unity Package Manager local server
ScheduleIndexationOnStartup MainProcess:False IndexOnStartup:True
Mono: successfully reloaded assembly
- Finished resetting the current domain, in  0.419 seconds
Domain Reload Profiling: 1078ms
	BeginReloadAssembly (201ms)
		DisableScriptedObjects (9ms)
		CreateAndSetChildDomain (78ms)
	RebuildCommonClasses (28ms)
	RebuildNativeTypeToScriptingClass (11ms)
	initialDomainReloadingComplete (49ms)
	LoadAllAssembliesAndSetupDomain (369ms)
		LoadAssemblies (255ms)
		AnalyzeDomain (148ms)
			TypeCache.Refresh (12ms)
			BuildScriptInfoCaches (126ms)
			ResolveRequiredComponents (8ms)
	FinalizeReload (419ms)
		SetupLoadedEditorAssemblies (0ms)
			BeforeProcessingInitializeOnLoad (89ms)
			ProcessInitializeOnLoadAttributes (171ms)
			ProcessInitializeOnLoadMethodAttributes (41ms)
		AwakeInstancesAfterBackupRestoration (7ms)
WARNING: Shader Unsupported: 'Universal Render Pipeline/VR/SpatialMapping/Wireframe' - All subshaders removed
WARNING: Shader Did you use #pragma only_renderers and omit this platform?
WARNING: Shader If subshaders removal was intentional, you may have forgotten turning Fallback off?
Shader Hidden/ChartRasterizerHardware is not supported: GPU does not support conservative rasterization
Unloading 40 Unused Serialized files (Serialized files now loaded: 0)
Unloading 6584 unused Assets / (4.9 MB). Loaded Objects now: 7519.
Memory consumption went from 352.7 MB to 347.8 MB.
Total: 5.781500 ms (FindLiveObjects: 0.310584 ms CreateObjectMapping: 0.126166 ms MarkObjects: 3.865417 ms  DeleteObjects: 1.479000 ms)

Prepare: number of updated asset objects reloaded= 0
========================================================================
Received Prepare
WARNING: Shader Unsupported: 'Universal Render Pipeline/VR/SpatialMapping/Wireframe' - All subshaders removed
WARNING: Shader Did you use #pragma only_renderers and omit this platform?
WARNING: Shader If subshaders removal was intentional, you may have forgotten turning Fallback off?
Shader Hidden/ChartRasterizerHardware is not supported: GPU does not support conservative rasterization
Unloading 40 Unused Serialized files (Serialized files now loaded: 0)
Unloading 6573 unused Assets / (4.8 MB). Loaded Objects now: 7519.
Memory consumption went from 348.7 MB to 344.0 MB.
Total: 16.715250 ms (FindLiveObjects: 0.617542 ms CreateObjectMapping: 0.155542 ms MarkObjects: 14.363666 ms  DeleteObjects: 1.578000 ms)

Prepare: number of updated asset objects reloaded= 0
========================================================================
Received Import Request.
  Time since last request: 887.322159 seconds.
  path: Assets/CameraFollow.cs
  importAddress: Guid(ab80eb98c5a784516baf534d6daea360) Importer(815301076,1909f56bfc062723c751e8b465ee728b)
Start importing Assets/CameraFollow.cs using Guid(ab80eb98c5a784516baf534d6daea360) Importer(815301076,1909f56bfc062723c751e8b465ee728b) (PreviewImporter) -> (Import Result ID: '6cc6cff719a4830fe7fadc1eca34f45b') in 0.00175875 seconds [static and dynamic dependencies]. Details - ImportResultOutputID=80d625a171aa553ccfaa500f5f959684 DependenciesID=b502fe7002cb59f714aafd6324914002 StaticDependenciesID=f5078a71bc019efe5006d3692f06c092 
Number of updated asset objects reloaded before import = 0Number of asset objects unloaded after import = 0

========================================================================
Received Prepare
Begin MonoManager ReloadAssembly
[Licensing::Client] Successfully resolved entitlement details
Thread 0x16da73000 may have been prematurely finalized
Assembly Assembly-CSharp-Editor-firstpass.dll at Library/ScriptAssemblies/Assembly-CSharp-Editor-firstpass.dll not valid. Loading of assembly skipped.
Assembly Assembly-CSharp-firstpass.dll at Library/ScriptAssemblies/Assembly-CSharp-firstpass.dll not valid. Loading of assembly skipped.
Assembly DocCodeExamples.dll at Library/ScriptAssemblies/DocCodeExamples.dll not valid. Loading of assembly skipped.
Assembly TestNewCustomAssembly.dll at Library/ScriptAssemblies/TestNewCustomAssembly.dll not valid. Loading of assembly skipped.
Assembly Unity.Collections.BurstCompatibilityGen.dll at Library/ScriptAssemblies/Unity.Collections.BurstCompatibilityGen.dll not valid. Loading of assembly skipped.
Assembly Unity.Collections.DocCodeSamples.dll at Library/ScriptAssemblies/Unity.Collections.DocCodeSamples.dll not valid. Loading of assembly skipped.
Assembly Unity.Collections.PerformanceTests.dll at Library/ScriptAssemblies/Unity.Collections.PerformanceTests.dll not valid. Loading of assembly skipped.
Assembly Unity.Collections.Tests.dll at Library/ScriptAssemblies/Unity.Collections.Tests.dll not valid. Loading of assembly skipped.
Assembly Unity.Collections.Tests.Playmode.dll at Library/ScriptAssemblies/Unity.Collections.Tests.Playmode.dll not valid. Loading of assembly skipped.
Assembly Unity.InputSystem.IntegrationTests.dll at Library/ScriptAssemblies/Unity.InputSystem.IntegrationTests.dll not valid. Loading of assembly skipped.
Assembly Unity.Mathematics.Tests.dll at Library/ScriptAssemblies/Unity.Mathematics.Tests.dll not valid. Loading of assembly skipped.
Assembly Unity.Multiplayer.Center.Editor.Tests.dll at Library/ScriptAssemblies/Unity.Multiplayer.Center.Editor.Tests.dll not valid. Loading of assembly skipped.
Assembly Unity.Multiplayer.Center.Tests.dll at Library/ScriptAssemblies/Unity.Multiplayer.Center.Tests.dll not valid. Loading of assembly skipped.
Assembly Unity.Nuget.Mono-Cecil.dll at Library/ScriptAssemblies/Unity.Nuget.Mono-Cecil.dll not valid. Loading of assembly skipped.
Assembly Unity.PathTracing.Editor.Tests.dll at Library/ScriptAssemblies/Unity.PathTracing.Editor.Tests.dll not valid. Loading of assembly skipped.
Assembly Unity.PathTracing.Runtime.Tests.dll at Library/ScriptAssemblies/Unity.PathTracing.Runtime.Tests.dll not valid. Loading of assembly skipped.
Assembly Unity.RenderPipelines.Core.Editor.Tests.dll at Library/ScriptAssemblies/Unity.RenderPipelines.Core.Editor.Tests.dll not valid. Loading of assembly skipped.
Assembly Unity.RenderPipelines.Core.Runtime.Tests.dll at Library/ScriptAssemblies/Unity.RenderPipelines.Core.Runtime.Tests.dll not valid. Loading of assembly skipped.
Assembly Unity.RenderPipelines.Universal.Config.Editor.Tests.dll at Library/ScriptAssemblies/Unity.RenderPipelines.Universal.Config.Editor.Tests.dll not valid. Loading of assembly skipped.
Assembly Unity.RenderPipelines.Universal.Editor.Tests.dll at Library/ScriptAssemblies/Unity.RenderPipelines.Universal.Editor.Tests.dll not valid. Loading of assembly skipped.
Assembly Unity.RenderPipelines.Universal.Runtime.Tests.dll at Library/ScriptAssemblies/Unity.RenderPipelines.Universal.Runtime.Tests.dll not valid. Loading of assembly skipped.
Assembly Unity.Searcher.EditorTests.dll at Library/ScriptAssemblies/Unity.Searcher.EditorTests.dll not valid. Loading of assembly skipped.
Assembly Unity.ShaderGraph.Editor.Tests.dll at Library/ScriptAssemblies/Unity.ShaderGraph.Editor.Tests.dll not valid. Loading of assembly skipped.
Assembly Unity.TextMeshPro.Editor.Tests.dll at Library/ScriptAssemblies/Unity.TextMeshPro.Editor.Tests.dll not valid. Loading of assembly skipped.
Assembly Unity.TextMeshPro.Tests.dll at Library/ScriptAssemblies/Unity.TextMeshPro.Tests.dll not valid. Loading of assembly skipped.
Assembly Unity.UnifiedRayTracing.Editor.Tests.dll at Library/ScriptAssemblies/Unity.UnifiedRayTracing.Editor.Tests.dll not valid. Loading of assembly skipped.
Assembly UnityEditor.UI.Common.Tests.dll at Library/ScriptAssemblies/UnityEditor.UI.Common.Tests.dll not valid. Loading of assembly skipped.
Assembly UnityEditor.UI.EditorTests.dll at Library/ScriptAssemblies/UnityEditor.UI.EditorTests.dll not valid. Loading of assembly skipped.
Assembly UnityEngine.UI.Tests.dll at Library/ScriptAssemblies/UnityEngine.UI.Tests.dll not valid. Loading of assembly skipped.
Native extension for OSXStandalone target not found
Native extension for WebGL target not found
[Package Manager] Failed to launch server process. Reason: Unity was launched with the -noUpm command-line argument
[Package Manager] Unable to send message (not connected to server process).
[Package Manager] Cannot connect to Unity Package Manager local server
[Package Manager] Failed to launch server process. Reason: Unity was launched with the -noUpm command-line argument
[Package Manager] Unable to send message (not connected to server process).
[Package Manager] Cannot connect to Unity Package Manager local server
ScheduleIndexationOnStartup MainProcess:False IndexOnStartup:True
Mono: successfully reloaded assembly
- Finished resetting the current domain, in  0.402 seconds
Domain Reload Profiling: 980ms
	BeginReloadAssembly (198ms)
		DisableScriptedObjects (6ms)
		CreateAndSetChildDomain (81ms)
	RebuildCommonClasses (25ms)
	RebuildNativeTypeToScriptingClass (9ms)
	initialDomainReloadingComplete (37ms)
	LoadAllAssembliesAndSetupDomain (307ms)
		LoadAssemblies (213ms)
		AnalyzeDomain (119ms)
			TypeCache.Refresh (8ms)
			BuildScriptInfoCaches (103ms)
			ResolveRequiredComponents (7ms)
	FinalizeReload (403ms)
		SetupLoadedEditorAssemblies (0ms)
			BeforeProcessingInitializeOnLoad (88ms)
			ProcessInitializeOnLoadAttributes (162ms)
			ProcessInitializeOnLoadMethodAttributes (41ms)
		AwakeInstancesAfterBackupRestoration (7ms)
WARNING: Shader Unsupported: 'Universal Render Pipeline/VR/SpatialMapping/Wireframe' - All subshaders removed
WARNING: Shader Did you use #pragma only_renderers and omit this platform?
WARNING: Shader If subshaders removal was intentional, you may have forgotten turning Fallback off?
Shader Hidden/ChartRasterizerHardware is not supported: GPU does not support conservative rasterization
Unloading 40 Unused Serialized files (Serialized files now loaded: 0)
Unloading 6584 unused Assets / (5.0 MB). Loaded Objects now: 7522.
Memory consumption went from 355.9 MB to 350.9 MB.
Total: 5.732958 ms (FindLiveObjects: 0.304083 ms CreateObjectMapping: 0.115458 ms MarkObjects: 3.892416 ms  DeleteObjects: 1.420667 ms)

Prepare: number of updated asset objects reloaded= 0
========================================================================
Received Import Request.
  Time since last request: 54.301062 seconds.
  path: Assets/CameraFollow.cs
  importAddress: Guid(ab80eb98c5a784516baf534d6daea360) Importer(815301076,1909f56bfc062723c751e8b465ee728b)
Start importing Assets/CameraFollow.cs using Guid(ab80eb98c5a784516baf534d6daea360) Importer(815301076,1909f56bfc062723c751e8b465ee728b) (PreviewImporter) -> (Import Result ID: '13c8a359fb7030d4f7ac72c1e36daa81') in 0.000954417 seconds [static and dynamic dependencies]. Details - ImportResultOutputID=80d625a171aa553ccfaa500f5f959684 DependenciesID=3da0f4f3215510da704557bb0f512eca StaticDependenciesID=a2c7a70632f9128568fe25df8e823f61 
Number of updated asset objects reloaded before import = 0Number of asset objects unloaded after import = 0

========================================================================
Received Prepare
Begin MonoManager ReloadAssembly
Thread 0x16de47000 may have been prematurely finalized
Assembly Assembly-CSharp-Editor-firstpass.dll at Library/ScriptAssemblies/Assembly-CSharp-Editor-firstpass.dll not valid. Loading of assembly skipped.
Assembly Assembly-CSharp-firstpass.dll at Library/ScriptAssemblies/Assembly-CSharp-firstpass.dll not valid. Loading of assembly skipped.
Assembly DocCodeExamples.dll at Library/ScriptAssemblies/DocCodeExamples.dll not valid. Loading of assembly skipped.
Assembly TestNewCustomAssembly.dll at Library/ScriptAssemblies/TestNewCustomAssembly.dll not valid. Loading of assembly skipped.
Assembly Unity.Collections.BurstCompatibilityGen.dll at Library/ScriptAssemblies/Unity.Collections.BurstCompatibilityGen.dll not valid. Loading of assembly skipped.
Assembly Unity.Collections.DocCodeSamples.dll at Library/ScriptAssemblies/Unity.Collections.DocCodeSamples.dll not valid. Loading of assembly skipped.
Assembly Unity.Collections.PerformanceTests.dll at Library/ScriptAssemblies/Unity.Collections.PerformanceTests.dll not valid. Loading of assembly skipped.
Assembly Unity.Collections.Tests.dll at Library/ScriptAssemblies/Unity.Collections.Tests.dll not valid. Loading of assembly skipped.
Assembly Unity.Collections.Tests.Playmode.dll at Library/ScriptAssemblies/Unity.Collections.Tests.Playmode.dll not valid. Loading of assembly skipped.
Assembly Unity.InputSystem.IntegrationTests.dll at Library/ScriptAssemblies/Unity.InputSystem.IntegrationTests.dll not valid. Loading of assembly skipped.
Assembly Unity.Mathematics.Tests.dll at Library/ScriptAssemblies/Unity.Mathematics.Tests.dll not valid. Loading of assembly skipped.
Assembly Unity.Multiplayer.Center.Editor.Tests.dll at Library/ScriptAssemblies/Unity.Multiplayer.Center.Editor.Tests.dll not valid. Loading of assembly skipped.
Assembly Unity.Multiplayer.Center.Tests.dll at Library/ScriptAssemblies/Unity.Multiplayer.Center.Tests.dll not valid. Loading of assembly skipped.
Assembly Unity.Nuget.Mono-Cecil.dll at Library/ScriptAssemblies/Unity.Nuget.Mono-Cecil.dll not valid. Loading of assembly skipped.
Assembly Unity.PathTracing.Editor.Tests.dll at Library/ScriptAssemblies/Unity.PathTracing.Editor.Tests.dll not valid. Loading of assembly skipped.
Assembly Unity.PathTracing.Runtime.Tests.dll at Library/ScriptAssemblies/Unity.PathTracing.Runtime.Tests.dll not valid. Loading of assembly skipped.
Assembly Unity.RenderPipelines.Core.Editor.Tests.dll at Library/ScriptAssemblies/Unity.RenderPipelines.Core.Editor.Tests.dll not valid. Loading of assembly skipped.
Assembly Unity.RenderPipelines.Core.Runtime.Tests.dll at Library/ScriptAssemblies/Unity.RenderPipelines.Core.Runtime.Tests.dll not valid. Loading of assembly skipped.
Assembly Unity.RenderPipelines.Universal.Config.Editor.Tests.dll at Library/ScriptAssemblies/Unity.RenderPipelines.Universal.Config.Editor.Tests.dll not valid. Loading of assembly skipped.
Assembly Unity.RenderPipelines.Universal.Editor.Tests.dll at Library/ScriptAssemblies/Unity.RenderPipelines.Universal.Editor.Tests.dll not valid. Loading of assembly skipped.
Assembly Unity.RenderPipelines.Universal.Runtime.Tests.dll at Library/ScriptAssemblies/Unity.RenderPipelines.Universal.Runtime.Tests.dll not valid. Loading of assembly skipped.
Assembly Unity.Searcher.EditorTests.dll at Library/ScriptAssemblies/Unity.Searcher.EditorTests.dll not valid. Loading of assembly skipped.
Assembly Unity.ShaderGraph.Editor.Tests.dll at Library/ScriptAssemblies/Unity.ShaderGraph.Editor.Tests.dll not valid. Loading of assembly skipped.
Assembly Unity.TextMeshPro.Editor.Tests.dll at Library/ScriptAssemblies/Unity.TextMeshPro.Editor.Tests.dll not valid. Loading of assembly skipped.
Assembly Unity.TextMeshPro.Tests.dll at Library/ScriptAssemblies/Unity.TextMeshPro.Tests.dll not valid. Loading of assembly skipped.
Assembly Unity.UnifiedRayTracing.Editor.Tests.dll at Library/ScriptAssemblies/Unity.UnifiedRayTracing.Editor.Tests.dll not valid. Loading of assembly skipped.
Assembly UnityEditor.UI.Common.Tests.dll at Library/ScriptAssemblies/UnityEditor.UI.Common.Tests.dll not valid. Loading of assembly skipped.
Assembly UnityEditor.UI.EditorTests.dll at Library/ScriptAssemblies/UnityEditor.UI.EditorTests.dll not valid. Loading of assembly skipped.
Assembly UnityEngine.UI.Tests.dll at Library/ScriptAssemblies/UnityEngine.UI.Tests.dll not valid. Loading of assembly skipped.
Native extension for OSXStandalone target not found
Native extension for WebGL target not found
[Package Manager] Failed to launch server process. Reason: Unity was launched with the -noUpm command-line argument
[Package Manager] Unable to send message (not connected to server process).
[Package Manager] Cannot connect to Unity Package Manager local server
[Package Manager] Failed to launch server process. Reason: Unity was launched with the -noUpm command-line argument
[Package Manager] Unable to send message (not connected to server process).
[Package Manager] Cannot connect to Unity Package Manager local server
ScheduleIndexationOnStartup MainProcess:False IndexOnStartup:True
Mono: successfully reloaded assembly
- Finished resetting the current domain, in  0.404 seconds
Domain Reload Profiling: 844ms
	BeginReloadAssembly (113ms)
		DisableScriptedObjects (3ms)
		CreateAndSetChildDomain (46ms)
	RebuildCommonClasses (23ms)
	RebuildNativeTypeToScriptingClass (8ms)
	initialDomainReloadingComplete (21ms)
	LoadAllAssembliesAndSetupDomain (274ms)
		LoadAssemblies (184ms)
		AnalyzeDomain (115ms)
			TypeCache.Refresh (7ms)
			BuildScriptInfoCaches (100ms)
			ResolveRequiredComponents (7ms)
	FinalizeReload (405ms)
		SetupLoadedEditorAssemblies (0ms)
			BeforeProcessingInitializeOnLoad (86ms)
			ProcessInitializeOnLoadAttributes (163ms)
			ProcessInitializeOnLoadMethodAttributes (40ms)
		AwakeInstancesAfterBackupRestoration (7ms)
WARNING: Shader Unsupported: 'Universal Render Pipeline/VR/SpatialMapping/Wireframe' - All subshaders removed
WARNING: Shader Did you use #pragma only_renderers and omit this platform?
WARNING: Shader If subshaders removal was intentional, you may have forgotten turning Fallback off?
Shader Hidden/ChartRasterizerHardware is not supported: GPU does not support conservative rasterization
Unloading 40 Unused Serialized files (Serialized files now loaded: 0)
Unloading 6584 unused Assets / (5.0 MB). Loaded Objects now: 7525.
Memory consumption went from 361.7 MB to 356.7 MB.
Total: 6.137583 ms (FindLiveObjects: 0.606250 ms CreateObjectMapping: 0.263917 ms MarkObjects: 3.854375 ms  DeleteObjects: 1.412708 ms)

Prepare: number of updated asset objects reloaded= 0
========================================================================
Received Prepare
WARNING: Shader Unsupported: 'Universal Render Pipeline/VR/SpatialMapping/Wireframe' - All subshaders removed
WARNING: Shader Did you use #pragma only_renderers and omit this platform?
WARNING: Shader If subshaders removal was intentional, you may have forgotten turning Fallback off?
Shader Hidden/ChartRasterizerHardware is not supported: GPU does not support conservative rasterization
Unloading 40 Unused Serialized files (Serialized files now loaded: 0)
Unloading 6572 unused Assets / (4.8 MB). Loaded Objects now: 7524.
Memory consumption went from 357.6 MB to 352.9 MB.
Total: 27.143667 ms (FindLiveObjects: 0.544625 ms CreateObjectMapping: 0.141541 ms MarkObjects: 24.837833 ms  DeleteObjects: 1.618958 ms)

Prepare: number of updated asset objects reloaded= 0
========================================================================
Received Prepare
Begin MonoManager ReloadAssembly
[Licensing::Client] Successfully resolved entitlement details
Thread 0x16de47000 may have been prematurely finalized
Assembly Assembly-CSharp-Editor-firstpass.dll at Library/ScriptAssemblies/Assembly-CSharp-Editor-firstpass.dll not valid. Loading of assembly skipped.
Assembly Assembly-CSharp-firstpass.dll at Library/ScriptAssemblies/Assembly-CSharp-firstpass.dll not valid. Loading of assembly skipped.
Assembly DocCodeExamples.dll at Library/ScriptAssemblies/DocCodeExamples.dll not valid. Loading of assembly skipped.
Assembly TestNewCustomAssembly.dll at Library/ScriptAssemblies/TestNewCustomAssembly.dll not valid. Loading of assembly skipped.
Assembly Unity.Collections.BurstCompatibilityGen.dll at Library/ScriptAssemblies/Unity.Collections.BurstCompatibilityGen.dll not valid. Loading of assembly skipped.
Assembly Unity.Collections.DocCodeSamples.dll at Library/ScriptAssemblies/Unity.Collections.DocCodeSamples.dll not valid. Loading of assembly skipped.
Assembly Unity.Collections.PerformanceTests.dll at Library/ScriptAssemblies/Unity.Collections.PerformanceTests.dll not valid. Loading of assembly skipped.
Assembly Unity.Collections.Tests.dll at Library/ScriptAssemblies/Unity.Collections.Tests.dll not valid. Loading of assembly skipped.
Assembly Unity.Collections.Tests.Playmode.dll at Library/ScriptAssemblies/Unity.Collections.Tests.Playmode.dll not valid. Loading of assembly skipped.
Assembly Unity.InputSystem.IntegrationTests.dll at Library/ScriptAssemblies/Unity.InputSystem.IntegrationTests.dll not valid. Loading of assembly skipped.
Assembly Unity.Mathematics.Tests.dll at Library/ScriptAssemblies/Unity.Mathematics.Tests.dll not valid. Loading of assembly skipped.
Assembly Unity.Multiplayer.Center.Editor.Tests.dll at Library/ScriptAssemblies/Unity.Multiplayer.Center.Editor.Tests.dll not valid. Loading of assembly skipped.
Assembly Unity.Multiplayer.Center.Tests.dll at Library/ScriptAssemblies/Unity.Multiplayer.Center.Tests.dll not valid. Loading of assembly skipped.
Assembly Unity.Nuget.Mono-Cecil.dll at Library/ScriptAssemblies/Unity.Nuget.Mono-Cecil.dll not valid. Loading of assembly skipped.
Assembly Unity.PathTracing.Editor.Tests.dll at Library/ScriptAssemblies/Unity.PathTracing.Editor.Tests.dll not valid. Loading of assembly skipped.
Assembly Unity.PathTracing.Runtime.Tests.dll at Library/ScriptAssemblies/Unity.PathTracing.Runtime.Tests.dll not valid. Loading of assembly skipped.
Assembly Unity.RenderPipelines.Core.Editor.Tests.dll at Library/ScriptAssemblies/Unity.RenderPipelines.Core.Editor.Tests.dll not valid. Loading of assembly skipped.
Assembly Unity.RenderPipelines.Core.Runtime.Tests.dll at Library/ScriptAssemblies/Unity.RenderPipelines.Core.Runtime.Tests.dll not valid. Loading of assembly skipped.
Assembly Unity.RenderPipelines.Universal.Config.Editor.Tests.dll at Library/ScriptAssemblies/Unity.RenderPipelines.Universal.Config.Editor.Tests.dll not valid. Loading of assembly skipped.
Assembly Unity.RenderPipelines.Universal.Editor.Tests.dll at Library/ScriptAssemblies/Unity.RenderPipelines.Universal.Editor.Tests.dll not valid. Loading of assembly skipped.
Assembly Unity.RenderPipelines.Universal.Runtime.Tests.dll at Library/ScriptAssemblies/Unity.RenderPipelines.Universal.Runtime.Tests.dll not valid. Loading of assembly skipped.
Assembly Unity.Searcher.EditorTests.dll at Library/ScriptAssemblies/Unity.Searcher.EditorTests.dll not valid. Loading of assembly skipped.
Assembly Unity.ShaderGraph.Editor.Tests.dll at Library/ScriptAssemblies/Unity.ShaderGraph.Editor.Tests.dll not valid. Loading of assembly skipped.
Assembly Unity.TextMeshPro.Editor.Tests.dll at Library/ScriptAssemblies/Unity.TextMeshPro.Editor.Tests.dll not valid. Loading of assembly skipped.
Assembly Unity.TextMeshPro.Tests.dll at Library/ScriptAssemblies/Unity.TextMeshPro.Tests.dll not valid. Loading of assembly skipped.
Assembly Unity.UnifiedRayTracing.Editor.Tests.dll at Library/ScriptAssemblies/Unity.UnifiedRayTracing.Editor.Tests.dll not valid. Loading of assembly skipped.
Assembly UnityEditor.UI.Common.Tests.dll at Library/ScriptAssemblies/UnityEditor.UI.Common.Tests.dll not valid. Loading of assembly skipped.
Assembly UnityEditor.UI.EditorTests.dll at Library/ScriptAssemblies/UnityEditor.UI.EditorTests.dll not valid. Loading of assembly skipped.
Assembly UnityEngine.UI.Tests.dll at Library/ScriptAssemblies/UnityEngine.UI.Tests.dll not valid. Loading of assembly skipped.
Native extension for OSXStandalone target not found
Native extension for WebGL target not found
[Package Manager] Failed to launch server process. Reason: Unity was launched with the -noUpm command-line argument
[Package Manager] Unable to send message (not connected to server process).
[Package Manager] Cannot connect to Unity Package Manager local server
[Package Manager] Failed to launch server process. Reason: Unity was launched with the -noUpm command-line argument
[Package Manager] Unable to send message (not connected to server process).
[Package Manager] Cannot connect to Unity Package Manager local server
ScheduleIndexationOnStartup MainProcess:False IndexOnStartup:True
Mono: successfully reloaded assembly
- Finished resetting the current domain, in  0.370 seconds
Domain Reload Profiling: 857ms
	BeginReloadAssembly (137ms)
		DisableScriptedObjects (3ms)
		CreateAndSetChildDomain (59ms)
	RebuildCommonClasses (26ms)
	RebuildNativeTypeToScriptingClass (9ms)
	initialDomainReloadingComplete (37ms)
	LoadAllAssembliesAndSetupDomain (276ms)
		LoadAssemblies (187ms)
		AnalyzeDomain (123ms)
			TypeCache.Refresh (8ms)
			BuildScriptInfoCaches (105ms)
			ResolveRequiredComponents (7ms)
	FinalizeReload (370ms)
		SetupLoadedEditorAssemblies (0ms)
			BeforeProcessingInitializeOnLoad (77ms)
			ProcessInitializeOnLoadAttributes (151ms)
			ProcessInitializeOnLoadMethodAttributes (36ms)
		AwakeInstancesAfterBackupRestoration (6ms)
WARNING: Shader Unsupported: 'Universal Render Pipeline/VR/SpatialMapping/Wireframe' - All subshaders removed
WARNING: Shader Did you use #pragma only_renderers and omit this platform?
WARNING: Shader If subshaders removal was intentional, you may have forgotten turning Fallback off?
Shader Hidden/ChartRasterizerHardware is not supported: GPU does not support conservative rasterization
Unloading 40 Unused Serialized files (Serialized files now loaded: 0)
Unloading 6583 unused Assets / (4.9 MB). Loaded Objects now: 7527.
Memory consumption went from 364.7 MB to 359.7 MB.
Total: 5.361459 ms (FindLiveObjects: 0.321250 ms CreateObjectMapping: 0.134417 ms MarkObjects: 3.447167 ms  DeleteObjects: 1.458167 ms)

Prepare: number of updated asset objects reloaded= 0
========================================================================
Received Prepare
WARNING: Shader Unsupported: 'Universal Render Pipeline/VR/SpatialMapping/Wireframe' - All subshaders removed
WARNING: Shader Did you use #pragma only_renderers and omit this platform?
WARNING: Shader If subshaders removal was intentional, you may have forgotten turning Fallback off?
Shader Hidden/ChartRasterizerHardware is not supported: GPU does not support conservative rasterization
Refreshing native plugins compatible for Editor in 2.40 ms, found 2 plugins.
Unloading 40 Unused Serialized files (Serialized files now loaded: 0)
Unloading 6573 unused Assets / (5.1 MB). Loaded Objects now: 7528.
Memory consumption went from 360.7 MB to 355.6 MB.
Total: 13.870125 ms (FindLiveObjects: 0.496584 ms CreateObjectMapping: 0.123000 ms MarkObjects: 11.569958 ms  DeleteObjects: 1.679958 ms)

Prepare: number of updated asset objects reloaded= 0
========================================================================
Received Prepare
Begin MonoManager ReloadAssembly
[Licensing::Client] Successfully resolved entitlement details
Thread 0x16daff000 may have been prematurely finalized
Assembly Assembly-CSharp-Editor-firstpass.dll at Library/ScriptAssemblies/Assembly-CSharp-Editor-firstpass.dll not valid. Loading of assembly skipped.
Assembly Assembly-CSharp-firstpass.dll at Library/ScriptAssemblies/Assembly-CSharp-firstpass.dll not valid. Loading of assembly skipped.
Assembly DocCodeExamples.dll at Library/ScriptAssemblies/DocCodeExamples.dll not valid. Loading of assembly skipped.
Assembly TestNewCustomAssembly.dll at Library/ScriptAssemblies/TestNewCustomAssembly.dll not valid. Loading of assembly skipped.
Assembly Unity.Collections.BurstCompatibilityGen.dll at Library/ScriptAssemblies/Unity.Collections.BurstCompatibilityGen.dll not valid. Loading of assembly skipped.
Assembly Unity.Collections.DocCodeSamples.dll at Library/ScriptAssemblies/Unity.Collections.DocCodeSamples.dll not valid. Loading of assembly skipped.
Assembly Unity.Collections.PerformanceTests.dll at Library/ScriptAssemblies/Unity.Collections.PerformanceTests.dll not valid. Loading of assembly skipped.
Assembly Unity.Collections.Tests.dll at Library/ScriptAssemblies/Unity.Collections.Tests.dll not valid. Loading of assembly skipped.
Assembly Unity.Collections.Tests.Playmode.dll at Library/ScriptAssemblies/Unity.Collections.Tests.Playmode.dll not valid. Loading of assembly skipped.
Assembly Unity.InputSystem.IntegrationTests.dll at Library/ScriptAssemblies/Unity.InputSystem.IntegrationTests.dll not valid. Loading of assembly skipped.
Assembly Unity.Mathematics.Tests.dll at Library/ScriptAssemblies/Unity.Mathematics.Tests.dll not valid. Loading of assembly skipped.
Assembly Unity.Multiplayer.Center.Editor.Tests.dll at Library/ScriptAssemblies/Unity.Multiplayer.Center.Editor.Tests.dll not valid. Loading of assembly skipped.
Assembly Unity.Multiplayer.Center.Tests.dll at Library/ScriptAssemblies/Unity.Multiplayer.Center.Tests.dll not valid. Loading of assembly skipped.
Assembly Unity.Nuget.Mono-Cecil.dll at Library/ScriptAssemblies/Unity.Nuget.Mono-Cecil.dll not valid. Loading of assembly skipped.
Assembly Unity.PathTracing.Editor.Tests.dll at Library/ScriptAssemblies/Unity.PathTracing.Editor.Tests.dll not valid. Loading of assembly skipped.
Assembly Unity.PathTracing.Runtime.Tests.dll at Library/ScriptAssemblies/Unity.PathTracing.Runtime.Tests.dll not valid. Loading of assembly skipped.
Assembly Unity.RenderPipelines.Core.Editor.Tests.dll at Library/ScriptAssemblies/Unity.RenderPipelines.Core.Editor.Tests.dll not valid. Loading of assembly skipped.
Assembly Unity.RenderPipelines.Core.Runtime.Tests.dll at Library/ScriptAssemblies/Unity.RenderPipelines.Core.Runtime.Tests.dll not valid. Loading of assembly skipped.
Assembly Unity.RenderPipelines.Universal.Config.Editor.Tests.dll at Library/ScriptAssemblies/Unity.RenderPipelines.Universal.Config.Editor.Tests.dll not valid. Loading of assembly skipped.
Assembly Unity.RenderPipelines.Universal.Editor.Tests.dll at Library/ScriptAssemblies/Unity.RenderPipelines.Universal.Editor.Tests.dll not valid. Loading of assembly skipped.
Assembly Unity.RenderPipelines.Universal.Runtime.Tests.dll at Library/ScriptAssemblies/Unity.RenderPipelines.Universal.Runtime.Tests.dll not valid. Loading of assembly skipped.
Assembly Unity.Searcher.EditorTests.dll at Library/ScriptAssemblies/Unity.Searcher.EditorTests.dll not valid. Loading of assembly skipped.
Assembly Unity.ShaderGraph.Editor.Tests.dll at Library/ScriptAssemblies/Unity.ShaderGraph.Editor.Tests.dll not valid. Loading of assembly skipped.
Assembly Unity.TextMeshPro.Editor.Tests.dll at Library/ScriptAssemblies/Unity.TextMeshPro.Editor.Tests.dll not valid. Loading of assembly skipped.
Assembly Unity.TextMeshPro.Tests.dll at Library/ScriptAssemblies/Unity.TextMeshPro.Tests.dll not valid. Loading of assembly skipped.
Assembly Unity.UnifiedRayTracing.Editor.Tests.dll at Library/ScriptAssemblies/Unity.UnifiedRayTracing.Editor.Tests.dll not valid. Loading of assembly skipped.
Assembly UnityEditor.UI.Common.Tests.dll at Library/ScriptAssemblies/UnityEditor.UI.Common.Tests.dll not valid. Loading of assembly skipped.
Assembly UnityEditor.UI.EditorTests.dll at Library/ScriptAssemblies/UnityEditor.UI.EditorTests.dll not valid. Loading of assembly skipped.
Assembly UnityEngine.UI.Tests.dll at Library/ScriptAssemblies/UnityEngine.UI.Tests.dll not valid. Loading of assembly skipped.
Native extension for OSXStandalone target not found
Native extension for WebGL target not found
[Package Manager] Failed to launch server process. Reason: Unity was launched with the -noUpm command-line argument
[Package Manager] Unable to send message (not connected to server process).
[Package Manager] Cannot connect to Unity Package Manager local server
[Package Manager] Failed to launch server process. Reason: Unity was launched with the -noUpm command-line argument
[Package Manager] Unable to send message (not connected to server process).
[Package Manager] Cannot connect to Unity Package Manager local server
ScheduleIndexationOnStartup MainProcess:False IndexOnStartup:True
Mono: successfully reloaded assembly
- Finished resetting the current domain, in  0.388 seconds
Domain Reload Profiling: 850ms
	BeginReloadAssembly (133ms)
		DisableScriptedObjects (5ms)
		CreateAndSetChildDomain (55ms)
	RebuildCommonClasses (24ms)
	RebuildNativeTypeToScriptingClass (8ms)
	initialDomainReloadingComplete (25ms)
	LoadAllAssembliesAndSetupDomain (272ms)
		LoadAssemblies (188ms)
		AnalyzeDomain (116ms)
			TypeCache.Refresh (7ms)
			BuildScriptInfoCaches (101ms)
			ResolveRequiredComponents (6ms)
	FinalizeReload (388ms)
		SetupLoadedEditorAssemblies (0ms)
			BeforeProcessingInitializeOnLoad (77ms)
			ProcessInitializeOnLoadAttributes (159ms)
			ProcessInitializeOnLoadMethodAttributes (40ms)
		AwakeInstancesAfterBackupRestoration (7ms)
WARNING: Shader Unsupported: 'Universal Render Pipeline/VR/SpatialMapping/Wireframe' - All subshaders removed
WARNING: Shader Did you use #pragma only_renderers and omit this platform?
WARNING: Shader If subshaders removal was intentional, you may have forgotten turning Fallback off?
Shader Hidden/ChartRasterizerHardware is not supported: GPU does not support conservative rasterization
Unloading 40 Unused Serialized files (Serialized files now loaded: 0)
Unloading 6584 unused Assets / (4.9 MB). Loaded Objects now: 7531.
Memory consumption went from 367.9 MB to 363.0 MB.
Total: 5.549167 ms (FindLiveObjects: 0.451958 ms CreateObjectMapping: 0.173791 ms MarkObjects: 3.592375 ms  DeleteObjects: 1.330625 ms)

Prepare: number of updated asset objects reloaded= 0
========================================================================
Received Prepare
Begin MonoManager ReloadAssembly
[Licensing::Client] Successfully resolved entitlement details
Thread 0x16daff000 may have been prematurely finalized
Assembly Assembly-CSharp-Editor-firstpass.dll at Library/ScriptAssemblies/Assembly-CSharp-Editor-firstpass.dll not valid. Loading of assembly skipped.
Assembly Assembly-CSharp-firstpass.dll at Library/ScriptAssemblies/Assembly-CSharp-firstpass.dll not valid. Loading of assembly skipped.
Assembly DocCodeExamples.dll at Library/ScriptAssemblies/DocCodeExamples.dll not valid. Loading of assembly skipped.
Assembly TestNewCustomAssembly.dll at Library/ScriptAssemblies/TestNewCustomAssembly.dll not valid. Loading of assembly skipped.
Assembly Unity.Collections.BurstCompatibilityGen.dll at Library/ScriptAssemblies/Unity.Collections.BurstCompatibilityGen.dll not valid. Loading of assembly skipped.
Assembly Unity.Collections.DocCodeSamples.dll at Library/ScriptAssemblies/Unity.Collections.DocCodeSamples.dll not valid. Loading of assembly skipped.
Assembly Unity.Collections.PerformanceTests.dll at Library/ScriptAssemblies/Unity.Collections.PerformanceTests.dll not valid. Loading of assembly skipped.
Assembly Unity.Collections.Tests.dll at Library/ScriptAssemblies/Unity.Collections.Tests.dll not valid. Loading of assembly skipped.
Assembly Unity.Collections.Tests.Playmode.dll at Library/ScriptAssemblies/Unity.Collections.Tests.Playmode.dll not valid. Loading of assembly skipped.
Assembly Unity.InputSystem.IntegrationTests.dll at Library/ScriptAssemblies/Unity.InputSystem.IntegrationTests.dll not valid. Loading of assembly skipped.
Assembly Unity.Mathematics.Tests.dll at Library/ScriptAssemblies/Unity.Mathematics.Tests.dll not valid. Loading of assembly skipped.
Assembly Unity.Multiplayer.Center.Editor.Tests.dll at Library/ScriptAssemblies/Unity.Multiplayer.Center.Editor.Tests.dll not valid. Loading of assembly skipped.
Assembly Unity.Multiplayer.Center.Tests.dll at Library/ScriptAssemblies/Unity.Multiplayer.Center.Tests.dll not valid. Loading of assembly skipped.
Assembly Unity.Nuget.Mono-Cecil.dll at Library/ScriptAssemblies/Unity.Nuget.Mono-Cecil.dll not valid. Loading of assembly skipped.
Assembly Unity.PathTracing.Editor.Tests.dll at Library/ScriptAssemblies/Unity.PathTracing.Editor.Tests.dll not valid. Loading of assembly skipped.
Assembly Unity.PathTracing.Runtime.Tests.dll at Library/ScriptAssemblies/Unity.PathTracing.Runtime.Tests.dll not valid. Loading of assembly skipped.
Assembly Unity.RenderPipelines.Core.Editor.Tests.dll at Library/ScriptAssemblies/Unity.RenderPipelines.Core.Editor.Tests.dll not valid. Loading of assembly skipped.
Assembly Unity.RenderPipelines.Core.Runtime.Tests.dll at Library/ScriptAssemblies/Unity.RenderPipelines.Core.Runtime.Tests.dll not valid. Loading of assembly skipped.
Assembly Unity.RenderPipelines.Universal.Config.Editor.Tests.dll at Library/ScriptAssemblies/Unity.RenderPipelines.Universal.Config.Editor.Tests.dll not valid. Loading of assembly skipped.
Assembly Unity.RenderPipelines.Universal.Editor.Tests.dll at Library/ScriptAssemblies/Unity.RenderPipelines.Universal.Editor.Tests.dll not valid. Loading of assembly skipped.
Assembly Unity.RenderPipelines.Universal.Runtime.Tests.dll at Library/ScriptAssemblies/Unity.RenderPipelines.Universal.Runtime.Tests.dll not valid. Loading of assembly skipped.
Assembly Unity.Searcher.EditorTests.dll at Library/ScriptAssemblies/Unity.Searcher.EditorTests.dll not valid. Loading of assembly skipped.
Assembly Unity.ShaderGraph.Editor.Tests.dll at Library/ScriptAssemblies/Unity.ShaderGraph.Editor.Tests.dll not valid. Loading of assembly skipped.
Assembly Unity.TextMeshPro.Editor.Tests.dll at Library/ScriptAssemblies/Unity.TextMeshPro.Editor.Tests.dll not valid. Loading of assembly skipped.
Assembly Unity.TextMeshPro.Tests.dll at Library/ScriptAssemblies/Unity.TextMeshPro.Tests.dll not valid. Loading of assembly skipped.
Assembly Unity.UnifiedRayTracing.Editor.Tests.dll at Library/ScriptAssemblies/Unity.UnifiedRayTracing.Editor.Tests.dll not valid. Loading of assembly skipped.
Assembly UnityEditor.UI.Common.Tests.dll at Library/ScriptAssemblies/UnityEditor.UI.Common.Tests.dll not valid. Loading of assembly skipped.
Assembly UnityEditor.UI.EditorTests.dll at Library/ScriptAssemblies/UnityEditor.UI.EditorTests.dll not valid. Loading of assembly skipped.
Assembly UnityEngine.UI.Tests.dll at Library/ScriptAssemblies/UnityEngine.UI.Tests.dll not valid. Loading of assembly skipped.
Native extension for OSXStandalone target not found
Native extension for WebGL target not found
[Package Manager] Failed to launch server process. Reason: Unity was launched with the -noUpm command-line argument
[Package Manager] Unable to send message (not connected to server process).
[Package Manager] Cannot connect to Unity Package Manager local server
[Package Manager] Failed to launch server process. Reason: Unity was launched with the -noUpm command-line argument
[Package Manager] Unable to send message (not connected to server process).
[Package Manager] Cannot connect to Unity Package Manager local server
ScheduleIndexationOnStartup MainProcess:False IndexOnStartup:True
Mono: successfully reloaded assembly
- Finished resetting the current domain, in  0.410 seconds
Domain Reload Profiling: 955ms
	BeginReloadAssembly (176ms)
		DisableScriptedObjects (7ms)
		CreateAndSetChildDomain (75ms)
	RebuildCommonClasses (24ms)
	RebuildNativeTypeToScriptingClass (11ms)
	initialDomainReloadingComplete (43ms)
	LoadAllAssembliesAndSetupDomain (290ms)
		LoadAssemblies (212ms)
		AnalyzeDomain (117ms)
			TypeCache.Refresh (11ms)
			BuildScriptInfoCaches (97ms)
			ResolveRequiredComponents (6ms)
	FinalizeReload (410ms)
		SetupLoadedEditorAssemblies (0ms)
			BeforeProcessingInitializeOnLoad (84ms)
			ProcessInitializeOnLoadAttributes (165ms)
			ProcessInitializeOnLoadMethodAttributes (41ms)
		AwakeInstancesAfterBackupRestoration (7ms)
WARNING: Shader Unsupported: 'Universal Render Pipeline/VR/SpatialMapping/Wireframe' - All subshaders removed
WARNING: Shader Did you use #pragma only_renderers and omit this platform?
WARNING: Shader If subshaders removal was intentional, you may have forgotten turning Fallback off?
Shader Hidden/ChartRasterizerHardware is not supported: GPU does not support conservative rasterization
Unloading 40 Unused Serialized files (Serialized files now loaded: 0)
Unloading 6584 unused Assets / (4.9 MB). Loaded Objects now: 7534.
Memory consumption went from 373.7 MB to 368.7 MB.
Total: 5.632583 ms (FindLiveObjects: 0.329000 ms CreateObjectMapping: 0.115833 ms MarkObjects: 3.709625 ms  DeleteObjects: 1.477625 ms)

Prepare: number of updated asset objects reloaded= 0
========================================================================
Received Import Request.
  Time since last request: 519.549791 seconds.
  path: Assets/CameraFollow.cs
  importAddress: Guid(ab80eb98c5a784516baf534d6daea360) Importer(815301076,1909f56bfc062723c751e8b465ee728b)
Start importing Assets/CameraFollow.cs using Guid(ab80eb98c5a784516baf534d6daea360) Importer(815301076,1909f56bfc062723c751e8b465ee728b) (PreviewImporter) -> (Import Result ID: 'fc8d6453e26c4ff48299cbb8ded6c64d') in 0.000988542 seconds [static and dynamic dependencies]. Details - ImportResultOutputID=80d625a171aa553ccfaa500f5f959684 DependenciesID=f4d5a0aa91684115936534b65751c0fa StaticDependenciesID=ac009fd04559c0d7f2b00a14efc0dfe6 
Number of updated asset objects reloaded before import = 0Number of asset objects unloaded after import = 0

========================================================================
Received Prepare
Begin MonoManager ReloadAssembly
Thread 0x16daff000 may have been prematurely finalized
Assembly Assembly-CSharp-Editor-firstpass.dll at Library/ScriptAssemblies/Assembly-CSharp-Editor-firstpass.dll not valid. Loading of assembly skipped.
Assembly Assembly-CSharp-firstpass.dll at Library/ScriptAssemblies/Assembly-CSharp-firstpass.dll not valid. Loading of assembly skipped.
Assembly DocCodeExamples.dll at Library/ScriptAssemblies/DocCodeExamples.dll not valid. Loading of assembly skipped.
Assembly TestNewCustomAssembly.dll at Library/ScriptAssemblies/TestNewCustomAssembly.dll not valid. Loading of assembly skipped.
Assembly Unity.Collections.BurstCompatibilityGen.dll at Library/ScriptAssemblies/Unity.Collections.BurstCompatibilityGen.dll not valid. Loading of assembly skipped.
Assembly Unity.Collections.DocCodeSamples.dll at Library/ScriptAssemblies/Unity.Collections.DocCodeSamples.dll not valid. Loading of assembly skipped.
Assembly Unity.Collections.PerformanceTests.dll at Library/ScriptAssemblies/Unity.Collections.PerformanceTests.dll not valid. Loading of assembly skipped.
Assembly Unity.Collections.Tests.dll at Library/ScriptAssemblies/Unity.Collections.Tests.dll not valid. Loading of assembly skipped.
Assembly Unity.Collections.Tests.Playmode.dll at Library/ScriptAssemblies/Unity.Collections.Tests.Playmode.dll not valid. Loading of assembly skipped.
Assembly Unity.InputSystem.IntegrationTests.dll at Library/ScriptAssemblies/Unity.InputSystem.IntegrationTests.dll not valid. Loading of assembly skipped.
Assembly Unity.Mathematics.Tests.dll at Library/ScriptAssemblies/Unity.Mathematics.Tests.dll not valid. Loading of assembly skipped.
Assembly Unity.Multiplayer.Center.Editor.Tests.dll at Library/ScriptAssemblies/Unity.Multiplayer.Center.Editor.Tests.dll not valid. Loading of assembly skipped.
Assembly Unity.Multiplayer.Center.Tests.dll at Library/ScriptAssemblies/Unity.Multiplayer.Center.Tests.dll not valid. Loading of assembly skipped.
Assembly Unity.Nuget.Mono-Cecil.dll at Library/ScriptAssemblies/Unity.Nuget.Mono-Cecil.dll not valid. Loading of assembly skipped.
Assembly Unity.PathTracing.Editor.Tests.dll at Library/ScriptAssemblies/Unity.PathTracing.Editor.Tests.dll not valid. Loading of assembly skipped.
Assembly Unity.PathTracing.Runtime.Tests.dll at Library/ScriptAssemblies/Unity.PathTracing.Runtime.Tests.dll not valid. Loading of assembly skipped.
Assembly Unity.RenderPipelines.Core.Editor.Tests.dll at Library/ScriptAssemblies/Unity.RenderPipelines.Core.Editor.Tests.dll not valid. Loading of assembly skipped.
Assembly Unity.RenderPipelines.Core.Runtime.Tests.dll at Library/ScriptAssemblies/Unity.RenderPipelines.Core.Runtime.Tests.dll not valid. Loading of assembly skipped.
Assembly Unity.RenderPipelines.Universal.Config.Editor.Tests.dll at Library/ScriptAssemblies/Unity.RenderPipelines.Universal.Config.Editor.Tests.dll not valid. Loading of assembly skipped.
Assembly Unity.RenderPipelines.Universal.Editor.Tests.dll at Library/ScriptAssemblies/Unity.RenderPipelines.Universal.Editor.Tests.dll not valid. Loading of assembly skipped.
Assembly Unity.RenderPipelines.Universal.Runtime.Tests.dll at Library/ScriptAssemblies/Unity.RenderPipelines.Universal.Runtime.Tests.dll not valid. Loading of assembly skipped.
Assembly Unity.Searcher.EditorTests.dll at Library/ScriptAssemblies/Unity.Searcher.EditorTests.dll not valid. Loading of assembly skipped.
Assembly Unity.ShaderGraph.Editor.Tests.dll at Library/ScriptAssemblies/Unity.ShaderGraph.Editor.Tests.dll not valid. Loading of assembly skipped.
Assembly Unity.TextMeshPro.Editor.Tests.dll at Library/ScriptAssemblies/Unity.TextMeshPro.Editor.Tests.dll not valid. Loading of assembly skipped.
Assembly Unity.TextMeshPro.Tests.dll at Library/ScriptAssemblies/Unity.TextMeshPro.Tests.dll not valid. Loading of assembly skipped.
Assembly Unity.UnifiedRayTracing.Editor.Tests.dll at Library/ScriptAssemblies/Unity.UnifiedRayTracing.Editor.Tests.dll not valid. Loading of assembly skipped.
Assembly UnityEditor.UI.Common.Tests.dll at Library/ScriptAssemblies/UnityEditor.UI.Common.Tests.dll not valid. Loading of assembly skipped.
Assembly UnityEditor.UI.EditorTests.dll at Library/ScriptAssemblies/UnityEditor.UI.EditorTests.dll not valid. Loading of assembly skipped.
Assembly UnityEngine.UI.Tests.dll at Library/ScriptAssemblies/UnityEngine.UI.Tests.dll not valid. Loading of assembly skipped.
Native extension for OSXStandalone target not found
Native extension for WebGL target not found
[Package Manager] Failed to launch server process. Reason: Unity was launched with the -noUpm command-line argument
[Package Manager] Unable to send message (not connected to server process).
[Package Manager] Cannot connect to Unity Package Manager local server
[Package Manager] Failed to launch server process. Reason: Unity was launched with the -noUpm command-line argument
[Package Manager] Unable to send message (not connected to server process).
[Package Manager] Cannot connect to Unity Package Manager local server
ScheduleIndexationOnStartup MainProcess:False IndexOnStartup:True
Mono: successfully reloaded assembly
- Finished resetting the current domain, in  0.438 seconds
Domain Reload Profiling: 955ms
	BeginReloadAssembly (175ms)
		DisableScriptedObjects (12ms)
		CreateAndSetChildDomain (66ms)
	RebuildCommonClasses (29ms)
	RebuildNativeTypeToScriptingClass (8ms)
	initialDomainReloadingComplete (29ms)
	LoadAllAssembliesAndSetupDomain (276ms)
		LoadAssemblies (187ms)
		AnalyzeDomain (120ms)
			TypeCache.Refresh (5ms)
			BuildScriptInfoCaches (102ms)
			ResolveRequiredComponents (6ms)
	FinalizeReload (438ms)
		SetupLoadedEditorAssemblies (0ms)
			BeforeProcessingInitializeOnLoad (89ms)
			ProcessInitializeOnLoadAttributes (179ms)
			ProcessInitializeOnLoadMethodAttributes (46ms)
		AwakeInstancesAfterBackupRestoration (7ms)
WARNING: Shader Unsupported: 'Universal Render Pipeline/VR/SpatialMapping/Wireframe' - All subshaders removed
WARNING: Shader Did you use #pragma only_renderers and omit this platform?
WARNING: Shader If subshaders removal was intentional, you may have forgotten turning Fallback off?
Shader Hidden/ChartRasterizerHardware is not supported: GPU does not support conservative rasterization
Unloading 40 Unused Serialized files (Serialized files now loaded: 0)
Unloading 6584 unused Assets / (4.4 MB). Loaded Objects now: 7537.
Memory consumption went from 379.4 MB to 375.1 MB.
Total: 5.415125 ms (FindLiveObjects: 0.300959 ms CreateObjectMapping: 0.138750 ms MarkObjects: 3.605666 ms  DeleteObjects: 1.369208 ms)

Prepare: number of updated asset objects reloaded= 0
========================================================================
Received Import Request.
  Time since last request: 212.304750 seconds.
  path: Assets/Readme.asset
  importAddress: Guid(8105016687592461f977c054a80ce2f2) Importer(815301076,1909f56bfc062723c751e8b465ee728b)
Start importing Assets/Readme.asset using Guid(8105016687592461f977c054a80ce2f2) Importer(815301076,1909f56bfc062723c751e8b465ee728b) (PreviewImporter) -> (Import Result ID: '8f35344b8ffee1c9c97b8244754a980a') in 0.069729584 seconds [static and dynamic dependencies]. Details - ImportResultOutputID=f239c3b2c5f5524d591ac6c531473032 DependenciesID=d82bb6c7e3604c6aead65e649addaa72 StaticDependenciesID=0c7a104953a90fbb8020448b0a5f929f 
Number of updated asset objects reloaded before import = 0Number of asset objects unloaded after import = 2

========================================================================
Received Prepare
Begin MonoManager ReloadAssembly
[Licensing::Client] Successfully resolved entitlement details
Thread 0x16daff000 may have been prematurely finalized
Assembly Assembly-CSharp-Editor-firstpass.dll at Library/ScriptAssemblies/Assembly-CSharp-Editor-firstpass.dll not valid. Loading of assembly skipped.
Assembly Assembly-CSharp-firstpass.dll at Library/ScriptAssemblies/Assembly-CSharp-firstpass.dll not valid. Loading of assembly skipped.
Assembly DocCodeExamples.dll at Library/ScriptAssemblies/DocCodeExamples.dll not valid. Loading of assembly skipped.
Assembly TestNewCustomAssembly.dll at Library/ScriptAssemblies/TestNewCustomAssembly.dll not valid. Loading of assembly skipped.
Assembly Unity.Collections.BurstCompatibilityGen.dll at Library/ScriptAssemblies/Unity.Collections.BurstCompatibilityGen.dll not valid. Loading of assembly skipped.
Assembly Unity.Collections.DocCodeSamples.dll at Library/ScriptAssemblies/Unity.Collections.DocCodeSamples.dll not valid. Loading of assembly skipped.
Assembly Unity.Collections.PerformanceTests.dll at Library/ScriptAssemblies/Unity.Collections.PerformanceTests.dll not valid. Loading of assembly skipped.
Assembly Unity.Collections.Tests.dll at Library/ScriptAssemblies/Unity.Collections.Tests.dll not valid. Loading of assembly skipped.
Assembly Unity.Collections.Tests.Playmode.dll at Library/ScriptAssemblies/Unity.Collections.Tests.Playmode.dll not valid. Loading of assembly skipped.
Assembly Unity.InputSystem.IntegrationTests.dll at Library/ScriptAssemblies/Unity.InputSystem.IntegrationTests.dll not valid. Loading of assembly skipped.
Assembly Unity.Mathematics.Tests.dll at Library/ScriptAssemblies/Unity.Mathematics.Tests.dll not valid. Loading of assembly skipped.
Assembly Unity.Multiplayer.Center.Editor.Tests.dll at Library/ScriptAssemblies/Unity.Multiplayer.Center.Editor.Tests.dll not valid. Loading of assembly skipped.
Assembly Unity.Multiplayer.Center.Tests.dll at Library/ScriptAssemblies/Unity.Multiplayer.Center.Tests.dll not valid. Loading of assembly skipped.
Assembly Unity.Nuget.Mono-Cecil.dll at Library/ScriptAssemblies/Unity.Nuget.Mono-Cecil.dll not valid. Loading of assembly skipped.
Assembly Unity.PathTracing.Editor.Tests.dll at Library/ScriptAssemblies/Unity.PathTracing.Editor.Tests.dll not valid. Loading of assembly skipped.
Assembly Unity.PathTracing.Runtime.Tests.dll at Library/ScriptAssemblies/Unity.PathTracing.Runtime.Tests.dll not valid. Loading of assembly skipped.
Assembly Unity.RenderPipelines.Core.Editor.Tests.dll at Library/ScriptAssemblies/Unity.RenderPipelines.Core.Editor.Tests.dll not valid. Loading of assembly skipped.
Assembly Unity.RenderPipelines.Core.Runtime.Tests.dll at Library/ScriptAssemblies/Unity.RenderPipelines.Core.Runtime.Tests.dll not valid. Loading of assembly skipped.
Assembly Unity.RenderPipelines.Universal.Config.Editor.Tests.dll at Library/ScriptAssemblies/Unity.RenderPipelines.Universal.Config.Editor.Tests.dll not valid. Loading of assembly skipped.
Assembly Unity.RenderPipelines.Universal.Editor.Tests.dll at Library/ScriptAssemblies/Unity.RenderPipelines.Universal.Editor.Tests.dll not valid. Loading of assembly skipped.
Assembly Unity.RenderPipelines.Universal.Runtime.Tests.dll at Library/ScriptAssemblies/Unity.RenderPipelines.Universal.Runtime.Tests.dll not valid. Loading of assembly skipped.
Assembly Unity.Searcher.EditorTests.dll at Library/ScriptAssemblies/Unity.Searcher.EditorTests.dll not valid. Loading of assembly skipped.
Assembly Unity.ShaderGraph.Editor.Tests.dll at Library/ScriptAssemblies/Unity.ShaderGraph.Editor.Tests.dll not valid. Loading of assembly skipped.
Assembly Unity.TextMeshPro.Editor.Tests.dll at Library/ScriptAssemblies/Unity.TextMeshPro.Editor.Tests.dll not valid. Loading of assembly skipped.
Assembly Unity.TextMeshPro.Tests.dll at Library/ScriptAssemblies/Unity.TextMeshPro.Tests.dll not valid. Loading of assembly skipped.
Assembly Unity.UnifiedRayTracing.Editor.Tests.dll at Library/ScriptAssemblies/Unity.UnifiedRayTracing.Editor.Tests.dll not valid. Loading of assembly skipped.
Assembly UnityEditor.UI.Common.Tests.dll at Library/ScriptAssemblies/UnityEditor.UI.Common.Tests.dll not valid. Loading of assembly skipped.
Assembly UnityEditor.UI.EditorTests.dll at Library/ScriptAssemblies/UnityEditor.UI.EditorTests.dll not valid. Loading of assembly skipped.
Assembly UnityEngine.UI.Tests.dll at Library/ScriptAssemblies/UnityEngine.UI.Tests.dll not valid. Loading of assembly skipped.
Native extension for OSXStandalone target not found
Native extension for WebGL target not found
[Package Manager] Failed to launch server process. Reason: Unity was launched with the -noUpm command-line argument
[Package Manager] Unable to send message (not connected to server process).
[Package Manager] Cannot connect to Unity Package Manager local server
[Package Manager] Failed to launch server process. Reason: Unity was launched with the -noUpm command-line argument
[Package Manager] Unable to send message (not connected to server process).
[Package Manager] Cannot connect to Unity Package Manager local server
ScheduleIndexationOnStartup MainProcess:False IndexOnStartup:True
Mono: successfully reloaded assembly
- Finished resetting the current domain, in  0.415 seconds
Domain Reload Profiling: 881ms
	BeginReloadAssembly (140ms)
		DisableScriptedObjects (5ms)
		CreateAndSetChildDomain (55ms)
	RebuildCommonClasses (24ms)
	RebuildNativeTypeToScriptingClass (8ms)
	initialDomainReloadingComplete (26ms)
	LoadAllAssembliesAndSetupDomain (269ms)
		LoadAssemblies (193ms)
		AnalyzeDomain (109ms)
			TypeCache.Refresh (5ms)
			BuildScriptInfoCaches (97ms)
			ResolveRequiredComponents (6ms)
	FinalizeReload (415ms)
		SetupLoadedEditorAssemblies (0ms)
			BeforeProcessingInitializeOnLoad (82ms)
			ProcessInitializeOnLoadAttributes (179ms)
			ProcessInitializeOnLoadMethodAttributes (44ms)
		AwakeInstancesAfterBackupRestoration (7ms)
WARNING: Shader Unsupported: 'Universal Render Pipeline/VR/SpatialMapping/Wireframe' - All subshaders removed
WARNING: Shader Did you use #pragma only_renderers and omit this platform?
WARNING: Shader If subshaders removal was intentional, you may have forgotten turning Fallback off?
Shader Hidden/ChartRasterizerHardware is not supported: GPU does not support conservative rasterization
Unloading 40 Unused Serialized files (Serialized files now loaded: 0)
Unloading 6584 unused Assets / (4.9 MB). Loaded Objects now: 7540.
Memory consumption went from 385.4 MB to 380.5 MB.
Total: 6.235167 ms (FindLiveObjects: 0.324083 ms CreateObjectMapping: 0.145208 ms MarkObjects: 3.999500 ms  DeleteObjects: 1.765792 ms)

Prepare: number of updated asset objects reloaded= 0
========================================================================
Received Prepare
WARNING: Shader Unsupported: 'Universal Render Pipeline/VR/SpatialMapping/Wireframe' - All subshaders removed
WARNING: Shader Did you use #pragma only_renderers and omit this platform?
WARNING: Shader If subshaders removal was intentional, you may have forgotten turning Fallback off?
Shader Hidden/ChartRasterizerHardware is not supported: GPU does not support conservative rasterization
Refreshing native plugins compatible for Editor in 2.34 ms, found 2 plugins.
Unloading 40 Unused Serialized files (Serialized files now loaded: 0)
Unloading 6572 unused Assets / (5.0 MB). Loaded Objects now: 7539.
Memory consumption went from 381.4 MB to 376.4 MB.
Total: 6.567542 ms (FindLiveObjects: 0.369583 ms CreateObjectMapping: 0.118459 ms MarkObjects: 4.586084 ms  DeleteObjects: 1.492833 ms)

Prepare: number of updated asset objects reloaded= 0
========================================================================
Received Prepare
Begin MonoManager ReloadAssembly
[Licensing::Client] Successfully resolved entitlement details
Thread 0x16da73000 may have been prematurely finalized
Assembly Assembly-CSharp-Editor-firstpass.dll at Library/ScriptAssemblies/Assembly-CSharp-Editor-firstpass.dll not valid. Loading of assembly skipped.
Assembly Assembly-CSharp-firstpass.dll at Library/ScriptAssemblies/Assembly-CSharp-firstpass.dll not valid. Loading of assembly skipped.
Assembly DocCodeExamples.dll at Library/ScriptAssemblies/DocCodeExamples.dll not valid. Loading of assembly skipped.
Assembly TestNewCustomAssembly.dll at Library/ScriptAssemblies/TestNewCustomAssembly.dll not valid. Loading of assembly skipped.
Assembly Unity.Collections.BurstCompatibilityGen.dll at Library/ScriptAssemblies/Unity.Collections.BurstCompatibilityGen.dll not valid. Loading of assembly skipped.
Assembly Unity.Collections.DocCodeSamples.dll at Library/ScriptAssemblies/Unity.Collections.DocCodeSamples.dll not valid. Loading of assembly skipped.
Assembly Unity.Collections.PerformanceTests.dll at Library/ScriptAssemblies/Unity.Collections.PerformanceTests.dll not valid. Loading of assembly skipped.
Assembly Unity.Collections.Tests.dll at Library/ScriptAssemblies/Unity.Collections.Tests.dll not valid. Loading of assembly skipped.
Assembly Unity.Collections.Tests.Playmode.dll at Library/ScriptAssemblies/Unity.Collections.Tests.Playmode.dll not valid. Loading of assembly skipped.
Assembly Unity.InputSystem.IntegrationTests.dll at Library/ScriptAssemblies/Unity.InputSystem.IntegrationTests.dll not valid. Loading of assembly skipped.
Assembly Unity.Mathematics.Tests.dll at Library/ScriptAssemblies/Unity.Mathematics.Tests.dll not valid. Loading of assembly skipped.
Assembly Unity.Multiplayer.Center.Editor.Tests.dll at Library/ScriptAssemblies/Unity.Multiplayer.Center.Editor.Tests.dll not valid. Loading of assembly skipped.
Assembly Unity.Multiplayer.Center.Tests.dll at Library/ScriptAssemblies/Unity.Multiplayer.Center.Tests.dll not valid. Loading of assembly skipped.
Assembly Unity.Nuget.Mono-Cecil.dll at Library/ScriptAssemblies/Unity.Nuget.Mono-Cecil.dll not valid. Loading of assembly skipped.
Assembly Unity.PathTracing.Editor.Tests.dll at Library/ScriptAssemblies/Unity.PathTracing.Editor.Tests.dll not valid. Loading of assembly skipped.
Assembly Unity.PathTracing.Runtime.Tests.dll at Library/ScriptAssemblies/Unity.PathTracing.Runtime.Tests.dll not valid. Loading of assembly skipped.
Assembly Unity.RenderPipelines.Core.Editor.Tests.dll at Library/ScriptAssemblies/Unity.RenderPipelines.Core.Editor.Tests.dll not valid. Loading of assembly skipped.
Assembly Unity.RenderPipelines.Core.Runtime.Tests.dll at Library/ScriptAssemblies/Unity.RenderPipelines.Core.Runtime.Tests.dll not valid. Loading of assembly skipped.
Assembly Unity.RenderPipelines.Universal.Config.Editor.Tests.dll at Library/ScriptAssemblies/Unity.RenderPipelines.Universal.Config.Editor.Tests.dll not valid. Loading of assembly skipped.
Assembly Unity.RenderPipelines.Universal.Editor.Tests.dll at Library/ScriptAssemblies/Unity.RenderPipelines.Universal.Editor.Tests.dll not valid. Loading of assembly skipped.
Assembly Unity.RenderPipelines.Universal.Runtime.Tests.dll at Library/ScriptAssemblies/Unity.RenderPipelines.Universal.Runtime.Tests.dll not valid. Loading of assembly skipped.
Assembly Unity.Searcher.EditorTests.dll at Library/ScriptAssemblies/Unity.Searcher.EditorTests.dll not valid. Loading of assembly skipped.
Assembly Unity.ShaderGraph.Editor.Tests.dll at Library/ScriptAssemblies/Unity.ShaderGraph.Editor.Tests.dll not valid. Loading of assembly skipped.
Assembly Unity.TextMeshPro.Editor.Tests.dll at Library/ScriptAssemblies/Unity.TextMeshPro.Editor.Tests.dll not valid. Loading of assembly skipped.
Assembly Unity.TextMeshPro.Tests.dll at Library/ScriptAssemblies/Unity.TextMeshPro.Tests.dll not valid. Loading of assembly skipped.
Assembly Unity.UnifiedRayTracing.Editor.Tests.dll at Library/ScriptAssemblies/Unity.UnifiedRayTracing.Editor.Tests.dll not valid. Loading of assembly skipped.
Assembly UnityEditor.UI.Common.Tests.dll at Library/ScriptAssemblies/UnityEditor.UI.Common.Tests.dll not valid. Loading of assembly skipped.
Assembly UnityEditor.UI.EditorTests.dll at Library/ScriptAssemblies/UnityEditor.UI.EditorTests.dll not valid. Loading of assembly skipped.
Assembly UnityEngine.UI.Tests.dll at Library/ScriptAssemblies/UnityEngine.UI.Tests.dll not valid. Loading of assembly skipped.
Native extension for OSXStandalone target not found
Native extension for WebGL target not found
[Package Manager] Failed to launch server process. Reason: Unity was launched with the -noUpm command-line argument
[Package Manager] Unable to send message (not connected to server process).
[Package Manager] Cannot connect to Unity Package Manager local server
[Package Manager] Failed to launch server process. Reason: Unity was launched with the -noUpm command-line argument
[Package Manager] Unable to send message (not connected to server process).
[Package Manager] Cannot connect to Unity Package Manager local server
ScheduleIndexationOnStartup MainProcess:False IndexOnStartup:True
Mono: successfully reloaded assembly
- Finished resetting the current domain, in  0.410 seconds
Domain Reload Profiling: 946ms
	BeginReloadAssembly (165ms)
		DisableScriptedObjects (8ms)
		CreateAndSetChildDomain (67ms)
	RebuildCommonClasses (27ms)
	RebuildNativeTypeToScriptingClass (10ms)
	initialDomainReloadingComplete (30ms)
	LoadAllAssembliesAndSetupDomain (305ms)
		LoadAssemblies (201ms)
		AnalyzeDomain (137ms)
			TypeCache.Refresh (8ms)
			BuildScriptInfoCaches (120ms)
			ResolveRequiredComponents (7ms)
	FinalizeReload (410ms)
		SetupLoadedEditorAssemblies (0ms)
			BeforeProcessingInitializeOnLoad (83ms)
			ProcessInitializeOnLoadAttributes (168ms)
			ProcessInitializeOnLoadMethodAttributes (42ms)
		AwakeInstancesAfterBackupRestoration (7ms)
WARNING: Shader Unsupported: 'Universal Render Pipeline/VR/SpatialMapping/Wireframe' - All subshaders removed
WARNING: Shader Did you use #pragma only_renderers and omit this platform?
WARNING: Shader If subshaders removal was intentional, you may have forgotten turning Fallback off?
Shader Hidden/ChartRasterizerHardware is not supported: GPU does not support conservative rasterization
Unloading 40 Unused Serialized files (Serialized files now loaded: 0)
Unloading 6583 unused Assets / (5.0 MB). Loaded Objects now: 7542.
Memory consumption went from 388.4 MB to 383.4 MB.
Total: 5.587917 ms (FindLiveObjects: 0.293834 ms CreateObjectMapping: 0.130834 ms MarkObjects: 3.757541 ms  DeleteObjects: 1.405417 ms)

Prepare: number of updated asset objects reloaded= 0
========================================================================
Received Prepare
WARNING: Shader Unsupported: 'Universal Render Pipeline/VR/SpatialMapping/Wireframe' - All subshaders removed
WARNING: Shader Did you use #pragma only_renderers and omit this platform?
WARNING: Shader If subshaders removal was intentional, you may have forgotten turning Fallback off?
Shader Hidden/ChartRasterizerHardware is not supported: GPU does not support conservative rasterization
Refreshing native plugins compatible for Editor in 2.32 ms, found 2 plugins.
Unloading 40 Unused Serialized files (Serialized files now loaded: 0)
Unloading 6573 unused Assets / (5.0 MB). Loaded Objects now: 7543.
Memory consumption went from 384.5 MB to 379.4 MB.
Total: 6.514916 ms (FindLiveObjects: 0.303292 ms CreateObjectMapping: 0.250958 ms MarkObjects: 4.292000 ms  DeleteObjects: 1.668166 ms)

Prepare: number of updated asset objects reloaded= 0
========================================================================
Received Prepare
Begin MonoManager ReloadAssembly
Thread 0x16da73000 may have been prematurely finalized
Assembly Assembly-CSharp-Editor-firstpass.dll at Library/ScriptAssemblies/Assembly-CSharp-Editor-firstpass.dll not valid. Loading of assembly skipped.
Assembly Assembly-CSharp-firstpass.dll at Library/ScriptAssemblies/Assembly-CSharp-firstpass.dll not valid. Loading of assembly skipped.
Assembly DocCodeExamples.dll at Library/ScriptAssemblies/DocCodeExamples.dll not valid. Loading of assembly skipped.
Assembly TestNewCustomAssembly.dll at Library/ScriptAssemblies/TestNewCustomAssembly.dll not valid. Loading of assembly skipped.
Assembly Unity.Collections.BurstCompatibilityGen.dll at Library/ScriptAssemblies/Unity.Collections.BurstCompatibilityGen.dll not valid. Loading of assembly skipped.
Assembly Unity.Collections.DocCodeSamples.dll at Library/ScriptAssemblies/Unity.Collections.DocCodeSamples.dll not valid. Loading of assembly skipped.
Assembly Unity.Collections.PerformanceTests.dll at Library/ScriptAssemblies/Unity.Collections.PerformanceTests.dll not valid. Loading of assembly skipped.
Assembly Unity.Collections.Tests.dll at Library/ScriptAssemblies/Unity.Collections.Tests.dll not valid. Loading of assembly skipped.
Assembly Unity.Collections.Tests.Playmode.dll at Library/ScriptAssemblies/Unity.Collections.Tests.Playmode.dll not valid. Loading of assembly skipped.
Assembly Unity.InputSystem.IntegrationTests.dll at Library/ScriptAssemblies/Unity.InputSystem.IntegrationTests.dll not valid. Loading of assembly skipped.
Assembly Unity.Mathematics.Tests.dll at Library/ScriptAssemblies/Unity.Mathematics.Tests.dll not valid. Loading of assembly skipped.
Assembly Unity.Multiplayer.Center.Editor.Tests.dll at Library/ScriptAssemblies/Unity.Multiplayer.Center.Editor.Tests.dll not valid. Loading of assembly skipped.
Assembly Unity.Multiplayer.Center.Tests.dll at Library/ScriptAssemblies/Unity.Multiplayer.Center.Tests.dll not valid. Loading of assembly skipped.
Assembly Unity.Nuget.Mono-Cecil.dll at Library/ScriptAssemblies/Unity.Nuget.Mono-Cecil.dll not valid. Loading of assembly skipped.
Assembly Unity.PathTracing.Editor.Tests.dll at Library/ScriptAssemblies/Unity.PathTracing.Editor.Tests.dll not valid. Loading of assembly skipped.
Assembly Unity.PathTracing.Runtime.Tests.dll at Library/ScriptAssemblies/Unity.PathTracing.Runtime.Tests.dll not valid. Loading of assembly skipped.
Assembly Unity.RenderPipelines.Core.Editor.Tests.dll at Library/ScriptAssemblies/Unity.RenderPipelines.Core.Editor.Tests.dll not valid. Loading of assembly skipped.
Assembly Unity.RenderPipelines.Core.Runtime.Tests.dll at Library/ScriptAssemblies/Unity.RenderPipelines.Core.Runtime.Tests.dll not valid. Loading of assembly skipped.
Assembly Unity.RenderPipelines.Universal.Config.Editor.Tests.dll at Library/ScriptAssemblies/Unity.RenderPipelines.Universal.Config.Editor.Tests.dll not valid. Loading of assembly skipped.
Assembly Unity.RenderPipelines.Universal.Editor.Tests.dll at Library/ScriptAssemblies/Unity.RenderPipelines.Universal.Editor.Tests.dll not valid. Loading of assembly skipped.
Assembly Unity.RenderPipelines.Universal.Runtime.Tests.dll at Library/ScriptAssemblies/Unity.RenderPipelines.Universal.Runtime.Tests.dll not valid. Loading of assembly skipped.
Assembly Unity.Searcher.EditorTests.dll at Library/ScriptAssemblies/Unity.Searcher.EditorTests.dll not valid. Loading of assembly skipped.
Assembly Unity.ShaderGraph.Editor.Tests.dll at Library/ScriptAssemblies/Unity.ShaderGraph.Editor.Tests.dll not valid. Loading of assembly skipped.
Assembly Unity.TextMeshPro.Editor.Tests.dll at Library/ScriptAssemblies/Unity.TextMeshPro.Editor.Tests.dll not valid. Loading of assembly skipped.
Assembly Unity.TextMeshPro.Tests.dll at Library/ScriptAssemblies/Unity.TextMeshPro.Tests.dll not valid. Loading of assembly skipped.
Assembly Unity.UnifiedRayTracing.Editor.Tests.dll at Library/ScriptAssemblies/Unity.UnifiedRayTracing.Editor.Tests.dll not valid. Loading of assembly skipped.
Assembly UnityEditor.UI.Common.Tests.dll at Library/ScriptAssemblies/UnityEditor.UI.Common.Tests.dll not valid. Loading of assembly skipped.
Assembly UnityEditor.UI.EditorTests.dll at Library/ScriptAssemblies/UnityEditor.UI.EditorTests.dll not valid. Loading of assembly skipped.
Assembly UnityEngine.UI.Tests.dll at Library/ScriptAssemblies/UnityEngine.UI.Tests.dll not valid. Loading of assembly skipped.
Native extension for OSXStandalone target not found
Native extension for WebGL target not found
[Package Manager] Failed to launch server process. Reason: Unity was launched with the -noUpm command-line argument
[Package Manager] Unable to send message (not connected to server process).
[Package Manager] Cannot connect to Unity Package Manager local server
[Package Manager] Failed to launch server process. Reason: Unity was launched with the -noUpm command-line argument
[Package Manager] Unable to send message (not connected to server process).
[Package Manager] Cannot connect to Unity Package Manager local server
ScheduleIndexationOnStartup MainProcess:False IndexOnStartup:True
Mono: successfully reloaded assembly
- Finished resetting the current domain, in  0.593 seconds
Domain Reload Profiling: 1113ms
	BeginReloadAssembly (143ms)
		DisableScriptedObjects (5ms)
		CreateAndSetChildDomain (62ms)
	RebuildCommonClasses (27ms)
	RebuildNativeTypeToScriptingClass (10ms)
	initialDomainReloadingComplete (25ms)
	LoadAllAssembliesAndSetupDomain (314ms)
		LoadAssemblies (198ms)
		AnalyzeDomain (144ms)
			TypeCache.Refresh (10ms)
			BuildScriptInfoCaches (125ms)
			ResolveRequiredComponents (8ms)
	FinalizeReload (594ms)
		SetupLoadedEditorAssemblies (0ms)
			BeforeProcessingInitializeOnLoad (128ms)
			ProcessInitializeOnLoadAttributes (252ms)
			ProcessInitializeOnLoadMethodAttributes (65ms)
		AwakeInstancesAfterBackupRestoration (11ms)
WARNING: Shader Unsupported: 'Universal Render Pipeline/VR/SpatialMapping/Wireframe' - All subshaders removed
WARNING: Shader Did you use #pragma only_renderers and omit this platform?
WARNING: Shader If subshaders removal was intentional, you may have forgotten turning Fallback off?
Shader Hidden/ChartRasterizerHardware is not supported: GPU does not support conservative rasterization
Unloading 40 Unused Serialized files (Serialized files now loaded: 0)
Unloading 6584 unused Assets / (5.2 MB). Loaded Objects now: 7546.
Memory consumption went from 391.7 MB to 386.5 MB.
Total: 8.933667 ms (FindLiveObjects: 0.363458 ms CreateObjectMapping: 0.231083 ms MarkObjects: 5.878333 ms  DeleteObjects: 2.459792 ms)

Prepare: number of updated asset objects reloaded= 0
========================================================================
Received Prepare
WARNING: Shader Unsupported: 'Universal Render Pipeline/VR/SpatialMapping/Wireframe' - All subshaders removed
WARNING: Shader Did you use #pragma only_renderers and omit this platform?
WARNING: Shader If subshaders removal was intentional, you may have forgotten turning Fallback off?
Shader Hidden/ChartRasterizerHardware is not supported: GPU does not support conservative rasterization
Unloading 40 Unused Serialized files (Serialized files now loaded: 0)
Unloading 6573 unused Assets / (5.1 MB). Loaded Objects now: 7546.
Memory consumption went from 387.7 MB to 382.6 MB.
Total: 11.902250 ms (FindLiveObjects: 0.693958 ms CreateObjectMapping: 0.169958 ms MarkObjects: 9.615375 ms  DeleteObjects: 1.422167 ms)

Prepare: number of updated asset objects reloaded= 0
========================================================================
Received Prepare
Begin MonoManager ReloadAssembly
[Licensing::Client] Successfully resolved entitlement details
Thread 0x16da73000 may have been prematurely finalized
Assembly Assembly-CSharp-Editor-firstpass.dll at Library/ScriptAssemblies/Assembly-CSharp-Editor-firstpass.dll not valid. Loading of assembly skipped.
Assembly Assembly-CSharp-firstpass.dll at Library/ScriptAssemblies/Assembly-CSharp-firstpass.dll not valid. Loading of assembly skipped.
Assembly DocCodeExamples.dll at Library/ScriptAssemblies/DocCodeExamples.dll not valid. Loading of assembly skipped.
Assembly TestNewCustomAssembly.dll at Library/ScriptAssemblies/TestNewCustomAssembly.dll not valid. Loading of assembly skipped.
Assembly Unity.Collections.BurstCompatibilityGen.dll at Library/ScriptAssemblies/Unity.Collections.BurstCompatibilityGen.dll not valid. Loading of assembly skipped.
Assembly Unity.Collections.DocCodeSamples.dll at Library/ScriptAssemblies/Unity.Collections.DocCodeSamples.dll not valid. Loading of assembly skipped.
Assembly Unity.Collections.PerformanceTests.dll at Library/ScriptAssemblies/Unity.Collections.PerformanceTests.dll not valid. Loading of assembly skipped.
Assembly Unity.Collections.Tests.dll at Library/ScriptAssemblies/Unity.Collections.Tests.dll not valid. Loading of assembly skipped.
Assembly Unity.Collections.Tests.Playmode.dll at Library/ScriptAssemblies/Unity.Collections.Tests.Playmode.dll not valid. Loading of assembly skipped.
Assembly Unity.InputSystem.IntegrationTests.dll at Library/ScriptAssemblies/Unity.InputSystem.IntegrationTests.dll not valid. Loading of assembly skipped.
Assembly Unity.Mathematics.Tests.dll at Library/ScriptAssemblies/Unity.Mathematics.Tests.dll not valid. Loading of assembly skipped.
Assembly Unity.Multiplayer.Center.Editor.Tests.dll at Library/ScriptAssemblies/Unity.Multiplayer.Center.Editor.Tests.dll not valid. Loading of assembly skipped.
Assembly Unity.Multiplayer.Center.Tests.dll at Library/ScriptAssemblies/Unity.Multiplayer.Center.Tests.dll not valid. Loading of assembly skipped.
Assembly Unity.Nuget.Mono-Cecil.dll at Library/ScriptAssemblies/Unity.Nuget.Mono-Cecil.dll not valid. Loading of assembly skipped.
Assembly Unity.PathTracing.Editor.Tests.dll at Library/ScriptAssemblies/Unity.PathTracing.Editor.Tests.dll not valid. Loading of assembly skipped.
Assembly Unity.PathTracing.Runtime.Tests.dll at Library/ScriptAssemblies/Unity.PathTracing.Runtime.Tests.dll not valid. Loading of assembly skipped.
Assembly Unity.RenderPipelines.Core.Editor.Tests.dll at Library/ScriptAssemblies/Unity.RenderPipelines.Core.Editor.Tests.dll not valid. Loading of assembly skipped.
Assembly Unity.RenderPipelines.Core.Runtime.Tests.dll at Library/ScriptAssemblies/Unity.RenderPipelines.Core.Runtime.Tests.dll not valid. Loading of assembly skipped.
Assembly Unity.RenderPipelines.Universal.Config.Editor.Tests.dll at Library/ScriptAssemblies/Unity.RenderPipelines.Universal.Config.Editor.Tests.dll not valid. Loading of assembly skipped.
Assembly Unity.RenderPipelines.Universal.Editor.Tests.dll at Library/ScriptAssemblies/Unity.RenderPipelines.Universal.Editor.Tests.dll not valid. Loading of assembly skipped.
Assembly Unity.RenderPipelines.Universal.Runtime.Tests.dll at Library/ScriptAssemblies/Unity.RenderPipelines.Universal.Runtime.Tests.dll not valid. Loading of assembly skipped.
Assembly Unity.Searcher.EditorTests.dll at Library/ScriptAssemblies/Unity.Searcher.EditorTests.dll not valid. Loading of assembly skipped.
Assembly Unity.ShaderGraph.Editor.Tests.dll at Library/ScriptAssemblies/Unity.ShaderGraph.Editor.Tests.dll not valid. Loading of assembly skipped.
Assembly Unity.TextMeshPro.Editor.Tests.dll at Library/ScriptAssemblies/Unity.TextMeshPro.Editor.Tests.dll not valid. Loading of assembly skipped.
Assembly Unity.TextMeshPro.Tests.dll at Library/ScriptAssemblies/Unity.TextMeshPro.Tests.dll not valid. Loading of assembly skipped.
Assembly Unity.UnifiedRayTracing.Editor.Tests.dll at Library/ScriptAssemblies/Unity.UnifiedRayTracing.Editor.Tests.dll not valid. Loading of assembly skipped.
Assembly UnityEditor.UI.Common.Tests.dll at Library/ScriptAssemblies/UnityEditor.UI.Common.Tests.dll not valid. Loading of assembly skipped.
Assembly UnityEditor.UI.EditorTests.dll at Library/ScriptAssemblies/UnityEditor.UI.EditorTests.dll not valid. Loading of assembly skipped.
Assembly UnityEngine.UI.Tests.dll at Library/ScriptAssemblies/UnityEngine.UI.Tests.dll not valid. Loading of assembly skipped.
Native extension for OSXStandalone target not found
Native extension for WebGL target not found
[Package Manager] Failed to launch server process. Reason: Unity was launched with the -noUpm command-line argument
[Package Manager] Unable to send message (not connected to server process).
[Package Manager] Cannot connect to Unity Package Manager local server
[Package Manager] Failed to launch server process. Reason: Unity was launched with the -noUpm command-line argument
[Package Manager] Unable to send message (not connected to server process).
[Package Manager] Cannot connect to Unity Package Manager local server
ScheduleIndexationOnStartup MainProcess:False IndexOnStartup:True
Mono: successfully reloaded assembly
- Finished resetting the current domain, in  0.488 seconds
Domain Reload Profiling: 964ms
	BeginReloadAssembly (139ms)
		DisableScriptedObjects (3ms)
		CreateAndSetChildDomain (57ms)
	RebuildCommonClasses (23ms)
	RebuildNativeTypeToScriptingClass (8ms)
	initialDomainReloadingComplete (30ms)
	LoadAllAssembliesAndSetupDomain (276ms)
		LoadAssemblies (190ms)
		AnalyzeDomain (118ms)
			TypeCache.Refresh (8ms)
			BuildScriptInfoCaches (102ms)
			ResolveRequiredComponents (7ms)
	FinalizeReload (488ms)
		SetupLoadedEditorAssemblies (0ms)
			BeforeProcessingInitializeOnLoad (98ms)
			ProcessInitializeOnLoadAttributes (208ms)
			ProcessInitializeOnLoadMethodAttributes (52ms)
		AwakeInstancesAfterBackupRestoration (9ms)
WARNING: Shader Unsupported: 'Universal Render Pipeline/VR/SpatialMapping/Wireframe' - All subshaders removed
WARNING: Shader Did you use #pragma only_renderers and omit this platform?
WARNING: Shader If subshaders removal was intentional, you may have forgotten turning Fallback off?
Shader Hidden/ChartRasterizerHardware is not supported: GPU does not support conservative rasterization
Unloading 40 Unused Serialized files (Serialized files now loaded: 0)
Unloading 6584 unused Assets / (5.0 MB). Loaded Objects now: 7549.
Memory consumption went from 394.8 MB to 389.8 MB.
Total: 6.765291 ms (FindLiveObjects: 0.340917 ms CreateObjectMapping: 0.213250 ms MarkObjects: 4.591917 ms  DeleteObjects: 1.618625 ms)

Prepare: number of updated asset objects reloaded= 0
========================================================================
Received Prepare
Begin MonoManager ReloadAssembly
[Licensing::Client] Successfully resolved entitlement details
Thread 0x16da73000 may have been prematurely finalized
Assembly Assembly-CSharp-Editor-firstpass.dll at Library/ScriptAssemblies/Assembly-CSharp-Editor-firstpass.dll not valid. Loading of assembly skipped.
Assembly Assembly-CSharp-firstpass.dll at Library/ScriptAssemblies/Assembly-CSharp-firstpass.dll not valid. Loading of assembly skipped.
Assembly DocCodeExamples.dll at Library/ScriptAssemblies/DocCodeExamples.dll not valid. Loading of assembly skipped.
Assembly TestNewCustomAssembly.dll at Library/ScriptAssemblies/TestNewCustomAssembly.dll not valid. Loading of assembly skipped.
Assembly Unity.Collections.BurstCompatibilityGen.dll at Library/ScriptAssemblies/Unity.Collections.BurstCompatibilityGen.dll not valid. Loading of assembly skipped.
Assembly Unity.Collections.DocCodeSamples.dll at Library/ScriptAssemblies/Unity.Collections.DocCodeSamples.dll not valid. Loading of assembly skipped.
Assembly Unity.Collections.PerformanceTests.dll at Library/ScriptAssemblies/Unity.Collections.PerformanceTests.dll not valid. Loading of assembly skipped.
Assembly Unity.Collections.Tests.dll at Library/ScriptAssemblies/Unity.Collections.Tests.dll not valid. Loading of assembly skipped.
Assembly Unity.Collections.Tests.Playmode.dll at Library/ScriptAssemblies/Unity.Collections.Tests.Playmode.dll not valid. Loading of assembly skipped.
Assembly Unity.InputSystem.IntegrationTests.dll at Library/ScriptAssemblies/Unity.InputSystem.IntegrationTests.dll not valid. Loading of assembly skipped.
Assembly Unity.Mathematics.Tests.dll at Library/ScriptAssemblies/Unity.Mathematics.Tests.dll not valid. Loading of assembly skipped.
Assembly Unity.Multiplayer.Center.Editor.Tests.dll at Library/ScriptAssemblies/Unity.Multiplayer.Center.Editor.Tests.dll not valid. Loading of assembly skipped.
Assembly Unity.Multiplayer.Center.Tests.dll at Library/ScriptAssemblies/Unity.Multiplayer.Center.Tests.dll not valid. Loading of assembly skipped.
Assembly Unity.Nuget.Mono-Cecil.dll at Library/ScriptAssemblies/Unity.Nuget.Mono-Cecil.dll not valid. Loading of assembly skipped.
Assembly Unity.PathTracing.Editor.Tests.dll at Library/ScriptAssemblies/Unity.PathTracing.Editor.Tests.dll not valid. Loading of assembly skipped.
Assembly Unity.PathTracing.Runtime.Tests.dll at Library/ScriptAssemblies/Unity.PathTracing.Runtime.Tests.dll not valid. Loading of assembly skipped.
Assembly Unity.RenderPipelines.Core.Editor.Tests.dll at Library/ScriptAssemblies/Unity.RenderPipelines.Core.Editor.Tests.dll not valid. Loading of assembly skipped.
Assembly Unity.RenderPipelines.Core.Runtime.Tests.dll at Library/ScriptAssemblies/Unity.RenderPipelines.Core.Runtime.Tests.dll not valid. Loading of assembly skipped.
Assembly Unity.RenderPipelines.Universal.Config.Editor.Tests.dll at Library/ScriptAssemblies/Unity.RenderPipelines.Universal.Config.Editor.Tests.dll not valid. Loading of assembly skipped.
Assembly Unity.RenderPipelines.Universal.Editor.Tests.dll at Library/ScriptAssemblies/Unity.RenderPipelines.Universal.Editor.Tests.dll not valid. Loading of assembly skipped.
Assembly Unity.RenderPipelines.Universal.Runtime.Tests.dll at Library/ScriptAssemblies/Unity.RenderPipelines.Universal.Runtime.Tests.dll not valid. Loading of assembly skipped.
Assembly Unity.Searcher.EditorTests.dll at Library/ScriptAssemblies/Unity.Searcher.EditorTests.dll not valid. Loading of assembly skipped.
Assembly Unity.ShaderGraph.Editor.Tests.dll at Library/ScriptAssemblies/Unity.ShaderGraph.Editor.Tests.dll not valid. Loading of assembly skipped.
Assembly Unity.TextMeshPro.Editor.Tests.dll at Library/ScriptAssemblies/Unity.TextMeshPro.Editor.Tests.dll not valid. Loading of assembly skipped.
Assembly Unity.TextMeshPro.Tests.dll at Library/ScriptAssemblies/Unity.TextMeshPro.Tests.dll not valid. Loading of assembly skipped.
Assembly Unity.UnifiedRayTracing.Editor.Tests.dll at Library/ScriptAssemblies/Unity.UnifiedRayTracing.Editor.Tests.dll not valid. Loading of assembly skipped.
Assembly UnityEditor.UI.Common.Tests.dll at Library/ScriptAssemblies/UnityEditor.UI.Common.Tests.dll not valid. Loading of assembly skipped.
Assembly UnityEditor.UI.EditorTests.dll at Library/ScriptAssemblies/UnityEditor.UI.EditorTests.dll not valid. Loading of assembly skipped.
Assembly UnityEngine.UI.Tests.dll at Library/ScriptAssemblies/UnityEngine.UI.Tests.dll not valid. Loading of assembly skipped.
Native extension for OSXStandalone target not found
Native extension for WebGL target not found
[Package Manager] Failed to launch server process. Reason: Unity was launched with the -noUpm command-line argument
[Package Manager] Unable to send message (not connected to server process).
[Package Manager] Cannot connect to Unity Package Manager local server
[Package Manager] Failed to launch server process. Reason: Unity was launched with the -noUpm command-line argument
[Package Manager] Unable to send message (not connected to server process).
[Package Manager] Cannot connect to Unity Package Manager local server
ScheduleIndexationOnStartup MainProcess:False IndexOnStartup:True
Mono: successfully reloaded assembly
- Finished resetting the current domain, in  0.403 seconds
Domain Reload Profiling: 869ms
	BeginReloadAssembly (144ms)
		DisableScriptedObjects (4ms)
		CreateAndSetChildDomain (56ms)
	RebuildCommonClasses (23ms)
	RebuildNativeTypeToScriptingClass (8ms)
	initialDomainReloadingComplete (24ms)
	LoadAllAssembliesAndSetupDomain (266ms)
		LoadAssemblies (180ms)
		AnalyzeDomain (114ms)
			TypeCache.Refresh (6ms)
			BuildScriptInfoCaches (100ms)
			ResolveRequiredComponents (6ms)
	FinalizeReload (403ms)
		SetupLoadedEditorAssemblies (0ms)
			BeforeProcessingInitializeOnLoad (81ms)
			ProcessInitializeOnLoadAttributes (165ms)
			ProcessInitializeOnLoadMethodAttributes (47ms)
		AwakeInstancesAfterBackupRestoration (7ms)
WARNING: Shader Unsupported: 'Universal Render Pipeline/VR/SpatialMapping/Wireframe' - All subshaders removed
WARNING: Shader Did you use #pragma only_renderers and omit this platform?
WARNING: Shader If subshaders removal was intentional, you may have forgotten turning Fallback off?
Shader Hidden/ChartRasterizerHardware is not supported: GPU does not support conservative rasterization
Unloading 40 Unused Serialized files (Serialized files now loaded: 0)
Unloading 6584 unused Assets / (4.5 MB). Loaded Objects now: 7552.
Memory consumption went from 400.6 MB to 396.0 MB.
Total: 5.880250 ms (FindLiveObjects: 0.320583 ms CreateObjectMapping: 0.133292 ms MarkObjects: 3.875000 ms  DeleteObjects: 1.551166 ms)

Prepare: number of updated asset objects reloaded= 0
========================================================================
Received Prepare
WARNING: Shader Unsupported: 'Universal Render Pipeline/VR/SpatialMapping/Wireframe' - All subshaders removed
WARNING: Shader Did you use #pragma only_renderers and omit this platform?
WARNING: Shader If subshaders removal was intentional, you may have forgotten turning Fallback off?
Shader Hidden/ChartRasterizerHardware is not supported: GPU does not support conservative rasterization
Unloading 40 Unused Serialized files (Serialized files now loaded: 0)
Unloading 6574 unused Assets / (3.6 MB). Loaded Objects now: 7553.
Memory consumption went from 396.6 MB to 393.0 MB.
Total: 20.997750 ms (FindLiveObjects: 2.182666 ms CreateObjectMapping: 0.147667 ms MarkObjects: 15.495167 ms  DeleteObjects: 3.171291 ms)

Prepare: number of updated asset objects reloaded= 0
========================================================================
Received Prepare
Begin MonoManager ReloadAssembly
[Licensing::Client] Successfully resolved entitlement details
Thread 0x16ded3000 may have been prematurely finalized
Assembly Assembly-CSharp-Editor-firstpass.dll at Library/ScriptAssemblies/Assembly-CSharp-Editor-firstpass.dll not valid. Loading of assembly skipped.
Assembly Assembly-CSharp-firstpass.dll at Library/ScriptAssemblies/Assembly-CSharp-firstpass.dll not valid. Loading of assembly skipped.
Assembly DocCodeExamples.dll at Library/ScriptAssemblies/DocCodeExamples.dll not valid. Loading of assembly skipped.
Assembly TestNewCustomAssembly.dll at Library/ScriptAssemblies/TestNewCustomAssembly.dll not valid. Loading of assembly skipped.
Assembly Unity.Collections.BurstCompatibilityGen.dll at Library/ScriptAssemblies/Unity.Collections.BurstCompatibilityGen.dll not valid. Loading of assembly skipped.
Assembly Unity.Collections.DocCodeSamples.dll at Library/ScriptAssemblies/Unity.Collections.DocCodeSamples.dll not valid. Loading of assembly skipped.
Assembly Unity.Collections.PerformanceTests.dll at Library/ScriptAssemblies/Unity.Collections.PerformanceTests.dll not valid. Loading of assembly skipped.
Assembly Unity.Collections.Tests.dll at Library/ScriptAssemblies/Unity.Collections.Tests.dll not valid. Loading of assembly skipped.
Assembly Unity.Collections.Tests.Playmode.dll at Library/ScriptAssemblies/Unity.Collections.Tests.Playmode.dll not valid. Loading of assembly skipped.
Assembly Unity.InputSystem.IntegrationTests.dll at Library/ScriptAssemblies/Unity.InputSystem.IntegrationTests.dll not valid. Loading of assembly skipped.
Assembly Unity.Mathematics.Tests.dll at Library/ScriptAssemblies/Unity.Mathematics.Tests.dll not valid. Loading of assembly skipped.
Assembly Unity.Multiplayer.Center.Editor.Tests.dll at Library/ScriptAssemblies/Unity.Multiplayer.Center.Editor.Tests.dll not valid. Loading of assembly skipped.
Assembly Unity.Multiplayer.Center.Tests.dll at Library/ScriptAssemblies/Unity.Multiplayer.Center.Tests.dll not valid. Loading of assembly skipped.
Assembly Unity.Nuget.Mono-Cecil.dll at Library/ScriptAssemblies/Unity.Nuget.Mono-Cecil.dll not valid. Loading of assembly skipped.
Assembly Unity.PathTracing.Editor.Tests.dll at Library/ScriptAssemblies/Unity.PathTracing.Editor.Tests.dll not valid. Loading of assembly skipped.
Assembly Unity.PathTracing.Runtime.Tests.dll at Library/ScriptAssemblies/Unity.PathTracing.Runtime.Tests.dll not valid. Loading of assembly skipped.
Assembly Unity.RenderPipelines.Core.Editor.Tests.dll at Library/ScriptAssemblies/Unity.RenderPipelines.Core.Editor.Tests.dll not valid. Loading of assembly skipped.
Assembly Unity.RenderPipelines.Core.Runtime.Tests.dll at Library/ScriptAssemblies/Unity.RenderPipelines.Core.Runtime.Tests.dll not valid. Loading of assembly skipped.
Assembly Unity.RenderPipelines.Universal.Config.Editor.Tests.dll at Library/ScriptAssemblies/Unity.RenderPipelines.Universal.Config.Editor.Tests.dll not valid. Loading of assembly skipped.
Assembly Unity.RenderPipelines.Universal.Editor.Tests.dll at Library/ScriptAssemblies/Unity.RenderPipelines.Universal.Editor.Tests.dll not valid. Loading of assembly skipped.
Assembly Unity.RenderPipelines.Universal.Runtime.Tests.dll at Library/ScriptAssemblies/Unity.RenderPipelines.Universal.Runtime.Tests.dll not valid. Loading of assembly skipped.
Assembly Unity.Searcher.EditorTests.dll at Library/ScriptAssemblies/Unity.Searcher.EditorTests.dll not valid. Loading of assembly skipped.
Assembly Unity.ShaderGraph.Editor.Tests.dll at Library/ScriptAssemblies/Unity.ShaderGraph.Editor.Tests.dll not valid. Loading of assembly skipped.
Assembly Unity.TextMeshPro.Editor.Tests.dll at Library/ScriptAssemblies/Unity.TextMeshPro.Editor.Tests.dll not valid. Loading of assembly skipped.
Assembly Unity.TextMeshPro.Tests.dll at Library/ScriptAssemblies/Unity.TextMeshPro.Tests.dll not valid. Loading of assembly skipped.
Assembly Unity.UnifiedRayTracing.Editor.Tests.dll at Library/ScriptAssemblies/Unity.UnifiedRayTracing.Editor.Tests.dll not valid. Loading of assembly skipped.
Assembly UnityEditor.UI.Common.Tests.dll at Library/ScriptAssemblies/UnityEditor.UI.Common.Tests.dll not valid. Loading of assembly skipped.
Assembly UnityEditor.UI.EditorTests.dll at Library/ScriptAssemblies/UnityEditor.UI.EditorTests.dll not valid. Loading of assembly skipped.
Assembly UnityEngine.UI.Tests.dll at Library/ScriptAssemblies/UnityEngine.UI.Tests.dll not valid. Loading of assembly skipped.
Native extension for OSXStandalone target not found
Native extension for WebGL target not found
[Package Manager] Failed to launch server process. Reason: Unity was launched with the -noUpm command-line argument
[Package Manager] Unable to send message (not connected to server process).
[Package Manager] Cannot connect to Unity Package Manager local server
[Package Manager] Failed to launch server process. Reason: Unity was launched with the -noUpm command-line argument
[Package Manager] Unable to send message (not connected to server process).
[Package Manager] Cannot connect to Unity Package Manager local server
ScheduleIndexationOnStartup MainProcess:False IndexOnStartup:True
Mono: successfully reloaded assembly
- Finished resetting the current domain, in  0.413 seconds
Domain Reload Profiling: 903ms
	BeginReloadAssembly (148ms)
		DisableScriptedObjects (3ms)
		CreateAndSetChildDomain (66ms)
	RebuildCommonClasses (23ms)
	RebuildNativeTypeToScriptingClass (8ms)
	initialDomainReloadingComplete (26ms)
	LoadAllAssembliesAndSetupDomain (285ms)
		LoadAssemblies (195ms)
		AnalyzeDomain (121ms)
			TypeCache.Refresh (8ms)
			BuildScriptInfoCaches (103ms)
			ResolveRequiredComponents (8ms)
	FinalizeReload (413ms)
		SetupLoadedEditorAssemblies (0ms)
			BeforeProcessingInitializeOnLoad (95ms)
			ProcessInitializeOnLoadAttributes (169ms)
			ProcessInitializeOnLoadMethodAttributes (40ms)
		AwakeInstancesAfterBackupRestoration (6ms)
WARNING: Shader Unsupported: 'Universal Render Pipeline/VR/SpatialMapping/Wireframe' - All subshaders removed
WARNING: Shader Did you use #pragma only_renderers and omit this platform?
WARNING: Shader If subshaders removal was intentional, you may have forgotten turning Fallback off?
Shader Hidden/ChartRasterizerHardware is not supported: GPU does not support conservative rasterization
Unloading 40 Unused Serialized files (Serialized files now loaded: 0)
Unloading 6585 unused Assets / (5.4 MB). Loaded Objects now: 7556.
Memory consumption went from 403.7 MB to 398.3 MB.
Total: 5.354375 ms (FindLiveObjects: 0.326709 ms CreateObjectMapping: 0.142416 ms MarkObjects: 3.399542 ms  DeleteObjects: 1.485583 ms)

Prepare: number of updated asset objects reloaded= 0
========================================================================
Received Prepare
Begin MonoManager ReloadAssembly
Thread 0x16ded3000 may have been prematurely finalized
Assembly Assembly-CSharp-Editor-firstpass.dll at Library/ScriptAssemblies/Assembly-CSharp-Editor-firstpass.dll not valid. Loading of assembly skipped.
Assembly Assembly-CSharp-firstpass.dll at Library/ScriptAssemblies/Assembly-CSharp-firstpass.dll not valid. Loading of assembly skipped.
Assembly DocCodeExamples.dll at Library/ScriptAssemblies/DocCodeExamples.dll not valid. Loading of assembly skipped.
Assembly TestNewCustomAssembly.dll at Library/ScriptAssemblies/TestNewCustomAssembly.dll not valid. Loading of assembly skipped.
Assembly Unity.Collections.BurstCompatibilityGen.dll at Library/ScriptAssemblies/Unity.Collections.BurstCompatibilityGen.dll not valid. Loading of assembly skipped.
Assembly Unity.Collections.DocCodeSamples.dll at Library/ScriptAssemblies/Unity.Collections.DocCodeSamples.dll not valid. Loading of assembly skipped.
Assembly Unity.Collections.PerformanceTests.dll at Library/ScriptAssemblies/Unity.Collections.PerformanceTests.dll not valid. Loading of assembly skipped.
Assembly Unity.Collections.Tests.dll at Library/ScriptAssemblies/Unity.Collections.Tests.dll not valid. Loading of assembly skipped.
Assembly Unity.Collections.Tests.Playmode.dll at Library/ScriptAssemblies/Unity.Collections.Tests.Playmode.dll not valid. Loading of assembly skipped.
Assembly Unity.InputSystem.IntegrationTests.dll at Library/ScriptAssemblies/Unity.InputSystem.IntegrationTests.dll not valid. Loading of assembly skipped.
Assembly Unity.Mathematics.Tests.dll at Library/ScriptAssemblies/Unity.Mathematics.Tests.dll not valid. Loading of assembly skipped.
Assembly Unity.Multiplayer.Center.Editor.Tests.dll at Library/ScriptAssemblies/Unity.Multiplayer.Center.Editor.Tests.dll not valid. Loading of assembly skipped.
Assembly Unity.Multiplayer.Center.Tests.dll at Library/ScriptAssemblies/Unity.Multiplayer.Center.Tests.dll not valid. Loading of assembly skipped.
Assembly Unity.Nuget.Mono-Cecil.dll at Library/ScriptAssemblies/Unity.Nuget.Mono-Cecil.dll not valid. Loading of assembly skipped.
Assembly Unity.PathTracing.Editor.Tests.dll at Library/ScriptAssemblies/Unity.PathTracing.Editor.Tests.dll not valid. Loading of assembly skipped.
Assembly Unity.PathTracing.Runtime.Tests.dll at Library/ScriptAssemblies/Unity.PathTracing.Runtime.Tests.dll not valid. Loading of assembly skipped.
Assembly Unity.RenderPipelines.Core.Editor.Tests.dll at Library/ScriptAssemblies/Unity.RenderPipelines.Core.Editor.Tests.dll not valid. Loading of assembly skipped.
Assembly Unity.RenderPipelines.Core.Runtime.Tests.dll at Library/ScriptAssemblies/Unity.RenderPipelines.Core.Runtime.Tests.dll not valid. Loading of assembly skipped.
Assembly Unity.RenderPipelines.Universal.Config.Editor.Tests.dll at Library/ScriptAssemblies/Unity.RenderPipelines.Universal.Config.Editor.Tests.dll not valid. Loading of assembly skipped.
Assembly Unity.RenderPipelines.Universal.Editor.Tests.dll at Library/ScriptAssemblies/Unity.RenderPipelines.Universal.Editor.Tests.dll not valid. Loading of assembly skipped.
Assembly Unity.RenderPipelines.Universal.Runtime.Tests.dll at Library/ScriptAssemblies/Unity.RenderPipelines.Universal.Runtime.Tests.dll not valid. Loading of assembly skipped.
Assembly Unity.Searcher.EditorTests.dll at Library/ScriptAssemblies/Unity.Searcher.EditorTests.dll not valid. Loading of assembly skipped.
Assembly Unity.ShaderGraph.Editor.Tests.dll at Library/ScriptAssemblies/Unity.ShaderGraph.Editor.Tests.dll not valid. Loading of assembly skipped.
Assembly Unity.TextMeshPro.Editor.Tests.dll at Library/ScriptAssemblies/Unity.TextMeshPro.Editor.Tests.dll not valid. Loading of assembly skipped.
Assembly Unity.TextMeshPro.Tests.dll at Library/ScriptAssemblies/Unity.TextMeshPro.Tests.dll not valid. Loading of assembly skipped.
Assembly Unity.UnifiedRayTracing.Editor.Tests.dll at Library/ScriptAssemblies/Unity.UnifiedRayTracing.Editor.Tests.dll not valid. Loading of assembly skipped.
Assembly UnityEditor.UI.Common.Tests.dll at Library/ScriptAssemblies/UnityEditor.UI.Common.Tests.dll not valid. Loading of assembly skipped.
Assembly UnityEditor.UI.EditorTests.dll at Library/ScriptAssemblies/UnityEditor.UI.EditorTests.dll not valid. Loading of assembly skipped.
Assembly UnityEngine.UI.Tests.dll at Library/ScriptAssemblies/UnityEngine.UI.Tests.dll not valid. Loading of assembly skipped.
Native extension for OSXStandalone target not found
Native extension for WebGL target not found
[Package Manager] Failed to launch server process. Reason: Unity was launched with the -noUpm command-line argument
[Package Manager] Unable to send message (not connected to server process).
[Package Manager] Cannot connect to Unity Package Manager local server
[Package Manager] Failed to launch server process. Reason: Unity was launched with the -noUpm command-line argument
[Package Manager] Unable to send message (not connected to server process).
[Package Manager] Cannot connect to Unity Package Manager local server
ScheduleIndexationOnStartup MainProcess:False IndexOnStartup:True
Mono: successfully reloaded assembly
- Finished resetting the current domain, in  0.389 seconds
Domain Reload Profiling: 886ms
	BeginReloadAssembly (171ms)
		DisableScriptedObjects (7ms)
		CreateAndSetChildDomain (68ms)
	RebuildCommonClasses (25ms)
	RebuildNativeTypeToScriptingClass (8ms)
	initialDomainReloadingComplete (32ms)
	LoadAllAssembliesAndSetupDomain (260ms)
		LoadAssemblies (185ms)
		AnalyzeDomain (114ms)
			TypeCache.Refresh (8ms)
			BuildScriptInfoCaches (98ms)
			ResolveRequiredComponents (6ms)
	FinalizeReload (389ms)
		SetupLoadedEditorAssemblies (0ms)
			BeforeProcessingInitializeOnLoad (80ms)
			ProcessInitializeOnLoadAttributes (157ms)
			ProcessInitializeOnLoadMethodAttributes (40ms)
		AwakeInstancesAfterBackupRestoration (8ms)
WARNING: Shader Unsupported: 'Universal Render Pipeline/VR/SpatialMapping/Wireframe' - All subshaders removed
WARNING: Shader Did you use #pragma only_renderers and omit this platform?
WARNING: Shader If subshaders removal was intentional, you may have forgotten turning Fallback off?
Shader Hidden/ChartRasterizerHardware is not supported: GPU does not support conservative rasterization
Unloading 40 Unused Serialized files (Serialized files now loaded: 0)
Unloading 6585 unused Assets / (5.7 MB). Loaded Objects now: 7559.
Memory consumption went from 409.4 MB to 403.7 MB.
Total: 7.041500 ms (FindLiveObjects: 0.392334 ms CreateObjectMapping: 0.191375 ms MarkObjects: 4.142292 ms  DeleteObjects: 2.315208 ms)

Prepare: number of updated asset objects reloaded= 0
========================================================================
Received Import Request.
  Time since last request: 637.478344 seconds.
  path: Assets/DroneDetection.cs
  importAddress: Guid(e1af60f45fb954640b67c4c31d84fbe8) Importer(815301076,1909f56bfc062723c751e8b465ee728b)
Start importing Assets/DroneDetection.cs using Guid(e1af60f45fb954640b67c4c31d84fbe8) Importer(815301076,1909f56bfc062723c751e8b465ee728b) (PreviewImporter) -> (Import Result ID: '1d9ae9fb4d3d8144559f2ce791c38407') in 0.00096425 seconds [static and dynamic dependencies]. Details - ImportResultOutputID=3d604ddeda9a5bd66e35be423b143e06 DependenciesID=92efffc7d979c00ac8a5056e95814b0c StaticDependenciesID=e8e22eefcba0fe6e4d4f1b5cb557d111 
Number of updated asset objects reloaded before import = 0Number of asset objects unloaded after import = 0

========================================================================
Received Prepare
Begin MonoManager ReloadAssembly
[Licensing::Client] Successfully resolved entitlement details
Thread 0x16ded3000 may have been prematurely finalized
Assembly Assembly-CSharp-Editor-firstpass.dll at Library/ScriptAssemblies/Assembly-CSharp-Editor-firstpass.dll not valid. Loading of assembly skipped.
Assembly Assembly-CSharp-firstpass.dll at Library/ScriptAssemblies/Assembly-CSharp-firstpass.dll not valid. Loading of assembly skipped.
Assembly DocCodeExamples.dll at Library/ScriptAssemblies/DocCodeExamples.dll not valid. Loading of assembly skipped.
Assembly TestNewCustomAssembly.dll at Library/ScriptAssemblies/TestNewCustomAssembly.dll not valid. Loading of assembly skipped.
Assembly Unity.Collections.BurstCompatibilityGen.dll at Library/ScriptAssemblies/Unity.Collections.BurstCompatibilityGen.dll not valid. Loading of assembly skipped.
Assembly Unity.Collections.DocCodeSamples.dll at Library/ScriptAssemblies/Unity.Collections.DocCodeSamples.dll not valid. Loading of assembly skipped.
Assembly Unity.Collections.PerformanceTests.dll at Library/ScriptAssemblies/Unity.Collections.PerformanceTests.dll not valid. Loading of assembly skipped.
Assembly Unity.Collections.Tests.dll at Library/ScriptAssemblies/Unity.Collections.Tests.dll not valid. Loading of assembly skipped.
Assembly Unity.Collections.Tests.Playmode.dll at Library/ScriptAssemblies/Unity.Collections.Tests.Playmode.dll not valid. Loading of assembly skipped.
Assembly Unity.InputSystem.IntegrationTests.dll at Library/ScriptAssemblies/Unity.InputSystem.IntegrationTests.dll not valid. Loading of assembly skipped.
Assembly Unity.Mathematics.Tests.dll at Library/ScriptAssemblies/Unity.Mathematics.Tests.dll not valid. Loading of assembly skipped.
Assembly Unity.Multiplayer.Center.Editor.Tests.dll at Library/ScriptAssemblies/Unity.Multiplayer.Center.Editor.Tests.dll not valid. Loading of assembly skipped.
Assembly Unity.Multiplayer.Center.Tests.dll at Library/ScriptAssemblies/Unity.Multiplayer.Center.Tests.dll not valid. Loading of assembly skipped.
Assembly Unity.Nuget.Mono-Cecil.dll at Library/ScriptAssemblies/Unity.Nuget.Mono-Cecil.dll not valid. Loading of assembly skipped.
Assembly Unity.PathTracing.Editor.Tests.dll at Library/ScriptAssemblies/Unity.PathTracing.Editor.Tests.dll not valid. Loading of assembly skipped.
Assembly Unity.PathTracing.Runtime.Tests.dll at Library/ScriptAssemblies/Unity.PathTracing.Runtime.Tests.dll not valid. Loading of assembly skipped.
Assembly Unity.RenderPipelines.Core.Editor.Tests.dll at Library/ScriptAssemblies/Unity.RenderPipelines.Core.Editor.Tests.dll not valid. Loading of assembly skipped.
Assembly Unity.RenderPipelines.Core.Runtime.Tests.dll at Library/ScriptAssemblies/Unity.RenderPipelines.Core.Runtime.Tests.dll not valid. Loading of assembly skipped.
Assembly Unity.RenderPipelines.Universal.Config.Editor.Tests.dll at Library/ScriptAssemblies/Unity.RenderPipelines.Universal.Config.Editor.Tests.dll not valid. Loading of assembly skipped.
Assembly Unity.RenderPipelines.Universal.Editor.Tests.dll at Library/ScriptAssemblies/Unity.RenderPipelines.Universal.Editor.Tests.dll not valid. Loading of assembly skipped.
Assembly Unity.RenderPipelines.Universal.Runtime.Tests.dll at Library/ScriptAssemblies/Unity.RenderPipelines.Universal.Runtime.Tests.dll not valid. Loading of assembly skipped.
Assembly Unity.Searcher.EditorTests.dll at Library/ScriptAssemblies/Unity.Searcher.EditorTests.dll not valid. Loading of assembly skipped.
Assembly Unity.ShaderGraph.Editor.Tests.dll at Library/ScriptAssemblies/Unity.ShaderGraph.Editor.Tests.dll not valid. Loading of assembly skipped.
Assembly Unity.TextMeshPro.Editor.Tests.dll at Library/ScriptAssemblies/Unity.TextMeshPro.Editor.Tests.dll not valid. Loading of assembly skipped.
Assembly Unity.TextMeshPro.Tests.dll at Library/ScriptAssemblies/Unity.TextMeshPro.Tests.dll not valid. Loading of assembly skipped.
Assembly Unity.UnifiedRayTracing.Editor.Tests.dll at Library/ScriptAssemblies/Unity.UnifiedRayTracing.Editor.Tests.dll not valid. Loading of assembly skipped.
Assembly UnityEditor.UI.Common.Tests.dll at Library/ScriptAssemblies/UnityEditor.UI.Common.Tests.dll not valid. Loading of assembly skipped.
Assembly UnityEditor.UI.EditorTests.dll at Library/ScriptAssemblies/UnityEditor.UI.EditorTests.dll not valid. Loading of assembly skipped.
Assembly UnityEngine.UI.Tests.dll at Library/ScriptAssemblies/UnityEngine.UI.Tests.dll not valid. Loading of assembly skipped.
Native extension for OSXStandalone target not found
Native extension for WebGL target not found
[Package Manager] Failed to launch server process. Reason: Unity was launched with the -noUpm command-line argument
[Package Manager] Unable to send message (not connected to server process).
[Package Manager] Cannot connect to Unity Package Manager local server
[Package Manager] Failed to launch server process. Reason: Unity was launched with the -noUpm command-line argument
[Package Manager] Unable to send message (not connected to server process).
[Package Manager] Cannot connect to Unity Package Manager local server
ScheduleIndexationOnStartup MainProcess:False IndexOnStartup:True
Mono: successfully reloaded assembly
- Finished resetting the current domain, in  0.383 seconds
Domain Reload Profiling: 807ms
	BeginReloadAssembly (115ms)
		DisableScriptedObjects (3ms)
		CreateAndSetChildDomain (49ms)
	RebuildCommonClasses (23ms)
	RebuildNativeTypeToScriptingClass (8ms)
	initialDomainReloadingComplete (21ms)
	LoadAllAssembliesAndSetupDomain (255ms)
		LoadAssemblies (163ms)
		AnalyzeDomain (116ms)
			TypeCache.Refresh (8ms)
			BuildScriptInfoCaches (101ms)
			ResolveRequiredComponents (6ms)
	FinalizeReload (383ms)
		SetupLoadedEditorAssemblies (0ms)
			BeforeProcessingInitializeOnLoad (79ms)
			ProcessInitializeOnLoadAttributes (154ms)
			ProcessInitializeOnLoadMethodAttributes (42ms)
		AwakeInstancesAfterBackupRestoration (7ms)
WARNING: Shader Unsupported: 'Universal Render Pipeline/VR/SpatialMapping/Wireframe' - All subshaders removed
WARNING: Shader Did you use #pragma only_renderers and omit this platform?
WARNING: Shader If subshaders removal was intentional, you may have forgotten turning Fallback off?
Shader Hidden/ChartRasterizerHardware is not supported: GPU does not support conservative rasterization
Unloading 40 Unused Serialized files (Serialized files now loaded: 0)
Unloading 6585 unused Assets / (4.9 MB). Loaded Objects now: 7562.
Memory consumption went from 415.2 MB to 410.4 MB.
Total: 7.677709 ms (FindLiveObjects: 0.577750 ms CreateObjectMapping: 0.248791 ms MarkObjects: 4.704875 ms  DeleteObjects: 2.139292 ms)

Prepare: number of updated asset objects reloaded= 0
========================================================================
Received Prepare
Begin MonoManager ReloadAssembly
[Licensing::Client] Successfully resolved entitlement details
Thread 0x16ded3000 may have been prematurely finalized
Assembly Assembly-CSharp-Editor-firstpass.dll at Library/ScriptAssemblies/Assembly-CSharp-Editor-firstpass.dll not valid. Loading of assembly skipped.
Assembly Assembly-CSharp-firstpass.dll at Library/ScriptAssemblies/Assembly-CSharp-firstpass.dll not valid. Loading of assembly skipped.
Assembly DocCodeExamples.dll at Library/ScriptAssemblies/DocCodeExamples.dll not valid. Loading of assembly skipped.
Assembly TestNewCustomAssembly.dll at Library/ScriptAssemblies/TestNewCustomAssembly.dll not valid. Loading of assembly skipped.
Assembly Unity.Collections.BurstCompatibilityGen.dll at Library/ScriptAssemblies/Unity.Collections.BurstCompatibilityGen.dll not valid. Loading of assembly skipped.
Assembly Unity.Collections.DocCodeSamples.dll at Library/ScriptAssemblies/Unity.Collections.DocCodeSamples.dll not valid. Loading of assembly skipped.
Assembly Unity.Collections.PerformanceTests.dll at Library/ScriptAssemblies/Unity.Collections.PerformanceTests.dll not valid. Loading of assembly skipped.
Assembly Unity.Collections.Tests.dll at Library/ScriptAssemblies/Unity.Collections.Tests.dll not valid. Loading of assembly skipped.
Assembly Unity.Collections.Tests.Playmode.dll at Library/ScriptAssemblies/Unity.Collections.Tests.Playmode.dll not valid. Loading of assembly skipped.
Assembly Unity.InputSystem.IntegrationTests.dll at Library/ScriptAssemblies/Unity.InputSystem.IntegrationTests.dll not valid. Loading of assembly skipped.
Assembly Unity.Mathematics.Tests.dll at Library/ScriptAssemblies/Unity.Mathematics.Tests.dll not valid. Loading of assembly skipped.
Assembly Unity.Multiplayer.Center.Editor.Tests.dll at Library/ScriptAssemblies/Unity.Multiplayer.Center.Editor.Tests.dll not valid. Loading of assembly skipped.
Assembly Unity.Multiplayer.Center.Tests.dll at Library/ScriptAssemblies/Unity.Multiplayer.Center.Tests.dll not valid. Loading of assembly skipped.
Assembly Unity.Nuget.Mono-Cecil.dll at Library/ScriptAssemblies/Unity.Nuget.Mono-Cecil.dll not valid. Loading of assembly skipped.
Assembly Unity.PathTracing.Editor.Tests.dll at Library/ScriptAssemblies/Unity.PathTracing.Editor.Tests.dll not valid. Loading of assembly skipped.
Assembly Unity.PathTracing.Runtime.Tests.dll at Library/ScriptAssemblies/Unity.PathTracing.Runtime.Tests.dll not valid. Loading of assembly skipped.
Assembly Unity.RenderPipelines.Core.Editor.Tests.dll at Library/ScriptAssemblies/Unity.RenderPipelines.Core.Editor.Tests.dll not valid. Loading of assembly skipped.
Assembly Unity.RenderPipelines.Core.Runtime.Tests.dll at Library/ScriptAssemblies/Unity.RenderPipelines.Core.Runtime.Tests.dll not valid. Loading of assembly skipped.
Assembly Unity.RenderPipelines.Universal.Config.Editor.Tests.dll at Library/ScriptAssemblies/Unity.RenderPipelines.Universal.Config.Editor.Tests.dll not valid. Loading of assembly skipped.
Assembly Unity.RenderPipelines.Universal.Editor.Tests.dll at Library/ScriptAssemblies/Unity.RenderPipelines.Universal.Editor.Tests.dll not valid. Loading of assembly skipped.
Assembly Unity.RenderPipelines.Universal.Runtime.Tests.dll at Library/ScriptAssemblies/Unity.RenderPipelines.Universal.Runtime.Tests.dll not valid. Loading of assembly skipped.
Assembly Unity.Searcher.EditorTests.dll at Library/ScriptAssemblies/Unity.Searcher.EditorTests.dll not valid. Loading of assembly skipped.
Assembly Unity.ShaderGraph.Editor.Tests.dll at Library/ScriptAssemblies/Unity.ShaderGraph.Editor.Tests.dll not valid. Loading of assembly skipped.
Assembly Unity.TextMeshPro.Editor.Tests.dll at Library/ScriptAssemblies/Unity.TextMeshPro.Editor.Tests.dll not valid. Loading of assembly skipped.
Assembly Unity.TextMeshPro.Tests.dll at Library/ScriptAssemblies/Unity.TextMeshPro.Tests.dll not valid. Loading of assembly skipped.
Assembly Unity.UnifiedRayTracing.Editor.Tests.dll at Library/ScriptAssemblies/Unity.UnifiedRayTracing.Editor.Tests.dll not valid. Loading of assembly skipped.
Assembly UnityEditor.UI.Common.Tests.dll at Library/ScriptAssemblies/UnityEditor.UI.Common.Tests.dll not valid. Loading of assembly skipped.
Assembly UnityEditor.UI.EditorTests.dll at Library/ScriptAssemblies/UnityEditor.UI.EditorTests.dll not valid. Loading of assembly skipped.
Assembly UnityEngine.UI.Tests.dll at Library/ScriptAssemblies/UnityEngine.UI.Tests.dll not valid. Loading of assembly skipped.
Native extension for OSXStandalone target not found
Native extension for WebGL target not found
[Package Manager] Failed to launch server process. Reason: Unity was launched with the -noUpm command-line argument
[Package Manager] Unable to send message (not connected to server process).
[Package Manager] Cannot connect to Unity Package Manager local server
[Package Manager] Failed to launch server process. Reason: Unity was launched with the -noUpm command-line argument
[Package Manager] Unable to send message (not connected to server process).
[Package Manager] Cannot connect to Unity Package Manager local server
ScheduleIndexationOnStartup MainProcess:False IndexOnStartup:True
Mono: successfully reloaded assembly
- Finished resetting the current domain, in  0.412 seconds
Domain Reload Profiling: 979ms
	BeginReloadAssembly (213ms)
		DisableScriptedObjects (7ms)
		CreateAndSetChildDomain (103ms)
	RebuildCommonClasses (24ms)
	RebuildNativeTypeToScriptingClass (8ms)
	initialDomainReloadingComplete (32ms)
	LoadAllAssembliesAndSetupDomain (289ms)
		LoadAssemblies (210ms)
		AnalyzeDomain (115ms)
			TypeCache.Refresh (5ms)
			BuildScriptInfoCaches (102ms)
			ResolveRequiredComponents (7ms)
	FinalizeReload (412ms)
		SetupLoadedEditorAssemblies (0ms)
			BeforeProcessingInitializeOnLoad (79ms)
			ProcessInitializeOnLoadAttributes (173ms)
			ProcessInitializeOnLoadMethodAttributes (47ms)
		AwakeInstancesAfterBackupRestoration (9ms)
WARNING: Shader Unsupported: 'Universal Render Pipeline/VR/SpatialMapping/Wireframe' - All subshaders removed
WARNING: Shader Did you use #pragma only_renderers and omit this platform?
WARNING: Shader If subshaders removal was intentional, you may have forgotten turning Fallback off?
Shader Hidden/ChartRasterizerHardware is not supported: GPU does not support conservative rasterization
Unloading 40 Unused Serialized files (Serialized files now loaded: 0)
Unloading 6585 unused Assets / (4.9 MB). Loaded Objects now: 7565.
Memory consumption went from 421.0 MB to 416.0 MB.
Total: 6.677459 ms (FindLiveObjects: 0.299417 ms CreateObjectMapping: 0.157209 ms MarkObjects: 4.271666 ms  DeleteObjects: 1.948750 ms)

Prepare: number of updated asset objects reloaded= 0
========================================================================
Received Prepare
Begin MonoManager ReloadAssembly
[Licensing::Client] Successfully resolved entitlement details
Thread 0x16daff000 may have been prematurely finalized
Assembly Assembly-CSharp-Editor-firstpass.dll at Library/ScriptAssemblies/Assembly-CSharp-Editor-firstpass.dll not valid. Loading of assembly skipped.
Assembly Assembly-CSharp-firstpass.dll at Library/ScriptAssemblies/Assembly-CSharp-firstpass.dll not valid. Loading of assembly skipped.
Assembly DocCodeExamples.dll at Library/ScriptAssemblies/DocCodeExamples.dll not valid. Loading of assembly skipped.
Assembly TestNewCustomAssembly.dll at Library/ScriptAssemblies/TestNewCustomAssembly.dll not valid. Loading of assembly skipped.
Assembly Unity.Collections.BurstCompatibilityGen.dll at Library/ScriptAssemblies/Unity.Collections.BurstCompatibilityGen.dll not valid. Loading of assembly skipped.
Assembly Unity.Collections.DocCodeSamples.dll at Library/ScriptAssemblies/Unity.Collections.DocCodeSamples.dll not valid. Loading of assembly skipped.
Assembly Unity.Collections.PerformanceTests.dll at Library/ScriptAssemblies/Unity.Collections.PerformanceTests.dll not valid. Loading of assembly skipped.
Assembly Unity.Collections.Tests.dll at Library/ScriptAssemblies/Unity.Collections.Tests.dll not valid. Loading of assembly skipped.
Assembly Unity.Collections.Tests.Playmode.dll at Library/ScriptAssemblies/Unity.Collections.Tests.Playmode.dll not valid. Loading of assembly skipped.
Assembly Unity.InputSystem.IntegrationTests.dll at Library/ScriptAssemblies/Unity.InputSystem.IntegrationTests.dll not valid. Loading of assembly skipped.
Assembly Unity.Mathematics.Tests.dll at Library/ScriptAssemblies/Unity.Mathematics.Tests.dll not valid. Loading of assembly skipped.
Assembly Unity.Multiplayer.Center.Editor.Tests.dll at Library/ScriptAssemblies/Unity.Multiplayer.Center.Editor.Tests.dll not valid. Loading of assembly skipped.
Assembly Unity.Multiplayer.Center.Tests.dll at Library/ScriptAssemblies/Unity.Multiplayer.Center.Tests.dll not valid. Loading of assembly skipped.
Assembly Unity.Nuget.Mono-Cecil.dll at Library/ScriptAssemblies/Unity.Nuget.Mono-Cecil.dll not valid. Loading of assembly skipped.
Assembly Unity.PathTracing.Editor.Tests.dll at Library/ScriptAssemblies/Unity.PathTracing.Editor.Tests.dll not valid. Loading of assembly skipped.
Assembly Unity.PathTracing.Runtime.Tests.dll at Library/ScriptAssemblies/Unity.PathTracing.Runtime.Tests.dll not valid. Loading of assembly skipped.
Assembly Unity.RenderPipelines.Core.Editor.Tests.dll at Library/ScriptAssemblies/Unity.RenderPipelines.Core.Editor.Tests.dll not valid. Loading of assembly skipped.
Assembly Unity.RenderPipelines.Core.Runtime.Tests.dll at Library/ScriptAssemblies/Unity.RenderPipelines.Core.Runtime.Tests.dll not valid. Loading of assembly skipped.
Assembly Unity.RenderPipelines.Universal.Config.Editor.Tests.dll at Library/ScriptAssemblies/Unity.RenderPipelines.Universal.Config.Editor.Tests.dll not valid. Loading of assembly skipped.
Assembly Unity.RenderPipelines.Universal.Editor.Tests.dll at Library/ScriptAssemblies/Unity.RenderPipelines.Universal.Editor.Tests.dll not valid. Loading of assembly skipped.
Assembly Unity.RenderPipelines.Universal.Runtime.Tests.dll at Library/ScriptAssemblies/Unity.RenderPipelines.Universal.Runtime.Tests.dll not valid. Loading of assembly skipped.
Assembly Unity.Searcher.EditorTests.dll at Library/ScriptAssemblies/Unity.Searcher.EditorTests.dll not valid. Loading of assembly skipped.
Assembly Unity.ShaderGraph.Editor.Tests.dll at Library/ScriptAssemblies/Unity.ShaderGraph.Editor.Tests.dll not valid. Loading of assembly skipped.
Assembly Unity.TextMeshPro.Editor.Tests.dll at Library/ScriptAssemblies/Unity.TextMeshPro.Editor.Tests.dll not valid. Loading of assembly skipped.
Assembly Unity.TextMeshPro.Tests.dll at Library/ScriptAssemblies/Unity.TextMeshPro.Tests.dll not valid. Loading of assembly skipped.
Assembly Unity.UnifiedRayTracing.Editor.Tests.dll at Library/ScriptAssemblies/Unity.UnifiedRayTracing.Editor.Tests.dll not valid. Loading of assembly skipped.
Assembly UnityEditor.UI.Common.Tests.dll at Library/ScriptAssemblies/UnityEditor.UI.Common.Tests.dll not valid. Loading of assembly skipped.
Assembly UnityEditor.UI.EditorTests.dll at Library/ScriptAssemblies/UnityEditor.UI.EditorTests.dll not valid. Loading of assembly skipped.
Assembly UnityEngine.UI.Tests.dll at Library/ScriptAssemblies/UnityEngine.UI.Tests.dll not valid. Loading of assembly skipped.
Native extension for OSXStandalone target not found
Native extension for WebGL target not found
[Package Manager] Failed to launch server process. Reason: Unity was launched with the -noUpm command-line argument
[Package Manager] Unable to send message (not connected to server process).
[Package Manager] Cannot connect to Unity Package Manager local server
[Package Manager] Failed to launch server process. Reason: Unity was launched with the -noUpm command-line argument
[Package Manager] Unable to send message (not connected to server process).
[Package Manager] Cannot connect to Unity Package Manager local server
ScheduleIndexationOnStartup MainProcess:False IndexOnStartup:True
Mono: successfully reloaded assembly
- Finished resetting the current domain, in  0.433 seconds
Domain Reload Profiling: 901ms
	BeginReloadAssembly (135ms)
		DisableScriptedObjects (5ms)
		CreateAndSetChildDomain (57ms)
	RebuildCommonClasses (24ms)
	RebuildNativeTypeToScriptingClass (9ms)
	initialDomainReloadingComplete (24ms)
	LoadAllAssembliesAndSetupDomain (276ms)
		LoadAssemblies (178ms)
		AnalyzeDomain (122ms)
			TypeCache.Refresh (5ms)
			BuildScriptInfoCaches (108ms)
			ResolveRequiredComponents (7ms)
	FinalizeReload (433ms)
		SetupLoadedEditorAssemblies (0ms)
			BeforeProcessingInitializeOnLoad (89ms)
			ProcessInitializeOnLoadAttributes (174ms)
			ProcessInitializeOnLoadMethodAttributes (48ms)
		AwakeInstancesAfterBackupRestoration (8ms)
WARNING: Shader Unsupported: 'Universal Render Pipeline/VR/SpatialMapping/Wireframe' - All subshaders removed
WARNING: Shader Did you use #pragma only_renderers and omit this platform?
WARNING: Shader If subshaders removal was intentional, you may have forgotten turning Fallback off?
Shader Hidden/ChartRasterizerHardware is not supported: GPU does not support conservative rasterization
Unloading 40 Unused Serialized files (Serialized files now loaded: 0)
Unloading 6585 unused Assets / (4.7 MB). Loaded Objects now: 7568.
Memory consumption went from 426.7 MB to 422.0 MB.
Total: 6.244375 ms (FindLiveObjects: 0.322334 ms CreateObjectMapping: 0.125916 ms MarkObjects: 4.044334 ms  DeleteObjects: 1.750625 ms)

Prepare: number of updated asset objects reloaded= 0
========================================================================
Received Prepare
Begin MonoManager ReloadAssembly
[Licensing::Client] Successfully resolved entitlement details
Thread 0x16da73000 may have been prematurely finalized
Assembly Assembly-CSharp-Editor-firstpass.dll at Library/ScriptAssemblies/Assembly-CSharp-Editor-firstpass.dll not valid. Loading of assembly skipped.
Assembly Assembly-CSharp-firstpass.dll at Library/ScriptAssemblies/Assembly-CSharp-firstpass.dll not valid. Loading of assembly skipped.
Assembly DocCodeExamples.dll at Library/ScriptAssemblies/DocCodeExamples.dll not valid. Loading of assembly skipped.
Assembly TestNewCustomAssembly.dll at Library/ScriptAssemblies/TestNewCustomAssembly.dll not valid. Loading of assembly skipped.
Assembly Unity.Collections.BurstCompatibilityGen.dll at Library/ScriptAssemblies/Unity.Collections.BurstCompatibilityGen.dll not valid. Loading of assembly skipped.
Assembly Unity.Collections.DocCodeSamples.dll at Library/ScriptAssemblies/Unity.Collections.DocCodeSamples.dll not valid. Loading of assembly skipped.
Assembly Unity.Collections.PerformanceTests.dll at Library/ScriptAssemblies/Unity.Collections.PerformanceTests.dll not valid. Loading of assembly skipped.
Assembly Unity.Collections.Tests.dll at Library/ScriptAssemblies/Unity.Collections.Tests.dll not valid. Loading of assembly skipped.
Assembly Unity.Collections.Tests.Playmode.dll at Library/ScriptAssemblies/Unity.Collections.Tests.Playmode.dll not valid. Loading of assembly skipped.
Assembly Unity.InputSystem.IntegrationTests.dll at Library/ScriptAssemblies/Unity.InputSystem.IntegrationTests.dll not valid. Loading of assembly skipped.
Assembly Unity.Mathematics.Tests.dll at Library/ScriptAssemblies/Unity.Mathematics.Tests.dll not valid. Loading of assembly skipped.
Assembly Unity.Multiplayer.Center.Editor.Tests.dll at Library/ScriptAssemblies/Unity.Multiplayer.Center.Editor.Tests.dll not valid. Loading of assembly skipped.
Assembly Unity.Multiplayer.Center.Tests.dll at Library/ScriptAssemblies/Unity.Multiplayer.Center.Tests.dll not valid. Loading of assembly skipped.
Assembly Unity.Nuget.Mono-Cecil.dll at Library/ScriptAssemblies/Unity.Nuget.Mono-Cecil.dll not valid. Loading of assembly skipped.
Assembly Unity.PathTracing.Editor.Tests.dll at Library/ScriptAssemblies/Unity.PathTracing.Editor.Tests.dll not valid. Loading of assembly skipped.
Assembly Unity.PathTracing.Runtime.Tests.dll at Library/ScriptAssemblies/Unity.PathTracing.Runtime.Tests.dll not valid. Loading of assembly skipped.
Assembly Unity.RenderPipelines.Core.Editor.Tests.dll at Library/ScriptAssemblies/Unity.RenderPipelines.Core.Editor.Tests.dll not valid. Loading of assembly skipped.
Assembly Unity.RenderPipelines.Core.Runtime.Tests.dll at Library/ScriptAssemblies/Unity.RenderPipelines.Core.Runtime.Tests.dll not valid. Loading of assembly skipped.
Assembly Unity.RenderPipelines.Universal.Config.Editor.Tests.dll at Library/ScriptAssemblies/Unity.RenderPipelines.Universal.Config.Editor.Tests.dll not valid. Loading of assembly skipped.
Assembly Unity.RenderPipelines.Universal.Editor.Tests.dll at Library/ScriptAssemblies/Unity.RenderPipelines.Universal.Editor.Tests.dll not valid. Loading of assembly skipped.
Assembly Unity.RenderPipelines.Universal.Runtime.Tests.dll at Library/ScriptAssemblies/Unity.RenderPipelines.Universal.Runtime.Tests.dll not valid. Loading of assembly skipped.
Assembly Unity.Searcher.EditorTests.dll at Library/ScriptAssemblies/Unity.Searcher.EditorTests.dll not valid. Loading of assembly skipped.
Assembly Unity.ShaderGraph.Editor.Tests.dll at Library/ScriptAssemblies/Unity.ShaderGraph.Editor.Tests.dll not valid. Loading of assembly skipped.
Assembly Unity.TextMeshPro.Editor.Tests.dll at Library/ScriptAssemblies/Unity.TextMeshPro.Editor.Tests.dll not valid. Loading of assembly skipped.
Assembly Unity.TextMeshPro.Tests.dll at Library/ScriptAssemblies/Unity.TextMeshPro.Tests.dll not valid. Loading of assembly skipped.
Assembly Unity.UnifiedRayTracing.Editor.Tests.dll at Library/ScriptAssemblies/Unity.UnifiedRayTracing.Editor.Tests.dll not valid. Loading of assembly skipped.
Assembly UnityEditor.UI.Common.Tests.dll at Library/ScriptAssemblies/UnityEditor.UI.Common.Tests.dll not valid. Loading of assembly skipped.
Assembly UnityEditor.UI.EditorTests.dll at Library/ScriptAssemblies/UnityEditor.UI.EditorTests.dll not valid. Loading of assembly skipped.
Assembly UnityEngine.UI.Tests.dll at Library/ScriptAssemblies/UnityEngine.UI.Tests.dll not valid. Loading of assembly skipped.
Native extension for OSXStandalone target not found
Native extension for WebGL target not found
[Package Manager] Failed to launch server process. Reason: Unity was launched with the -noUpm command-line argument
[Package Manager] Unable to send message (not connected to server process).
[Package Manager] Cannot connect to Unity Package Manager local server
[Package Manager] Failed to launch server process. Reason: Unity was launched with the -noUpm command-line argument
[Package Manager] Unable to send message (not connected to server process).
[Package Manager] Cannot connect to Unity Package Manager local server
ScheduleIndexationOnStartup MainProcess:False IndexOnStartup:True
Mono: successfully reloaded assembly
- Finished resetting the current domain, in  0.431 seconds
Domain Reload Profiling: 958ms
	BeginReloadAssembly (182ms)
		DisableScriptedObjects (5ms)
		CreateAndSetChildDomain (83ms)
	RebuildCommonClasses (29ms)
	RebuildNativeTypeToScriptingClass (9ms)
	initialDomainReloadingComplete (31ms)
	LoadAllAssembliesAndSetupDomain (277ms)
		LoadAssemblies (194ms)
		AnalyzeDomain (116ms)
			TypeCache.Refresh (10ms)
			BuildScriptInfoCaches (98ms)
			ResolveRequiredComponents (6ms)
	FinalizeReload (431ms)
		SetupLoadedEditorAssemblies (0ms)
			BeforeProcessingInitializeOnLoad (88ms)
			ProcessInitializeOnLoadAttributes (174ms)
			ProcessInitializeOnLoadMethodAttributes (44ms)
		AwakeInstancesAfterBackupRestoration (7ms)
WARNING: Shader Unsupported: 'Universal Render Pipeline/VR/SpatialMapping/Wireframe' - All subshaders removed
WARNING: Shader Did you use #pragma only_renderers and omit this platform?
WARNING: Shader If subshaders removal was intentional, you may have forgotten turning Fallback off?
Shader Hidden/ChartRasterizerHardware is not supported: GPU does not support conservative rasterization
Unloading 40 Unused Serialized files (Serialized files now loaded: 0)
Unloading 6585 unused Assets / (5.2 MB). Loaded Objects now: 7571.
Memory consumption went from 432.4 MB to 427.2 MB.
Total: 5.978625 ms (FindLiveObjects: 0.316375 ms CreateObjectMapping: 0.138250 ms MarkObjects: 3.922375 ms  DeleteObjects: 1.601125 ms)

Prepare: number of updated asset objects reloaded= 0
========================================================================
Received Import Request.
  Time since last request: 615.532239 seconds.
  path: Assets/Player.prefab
  importAddress: Guid(a43387c881fb2465599f162663a221e8) Importer(815301076,1909f56bfc062723c751e8b465ee728b)
Start importing Assets/Player.prefab using Guid(a43387c881fb2465599f162663a221e8) Importer(815301076,1909f56bfc062723c751e8b465ee728b) (PreviewImporter) -> (Import Result ID: '33d8d6918cab2b9d321e367058400098') in 0.232849417 seconds [static and dynamic dependencies]. Details - ImportResultOutputID=d8cd4194b5c70d79e1ba3aaea5b6bf8d DependenciesID=fb545242b44b6ea36afbfe793812090c StaticDependenciesID=3c181f9208add9acfd9501afd583e1cb 
Number of updated asset objects reloaded before import = 0Number of asset objects unloaded after import = 8

========================================================================
Received Prepare
Begin MonoManager ReloadAssembly
Thread 0x16da73000 may have been prematurely finalized
Assembly Assembly-CSharp-Editor-firstpass.dll at Library/ScriptAssemblies/Assembly-CSharp-Editor-firstpass.dll not valid. Loading of assembly skipped.
Assembly Assembly-CSharp-firstpass.dll at Library/ScriptAssemblies/Assembly-CSharp-firstpass.dll not valid. Loading of assembly skipped.
Assembly DocCodeExamples.dll at Library/ScriptAssemblies/DocCodeExamples.dll not valid. Loading of assembly skipped.
Assembly TestNewCustomAssembly.dll at Library/ScriptAssemblies/TestNewCustomAssembly.dll not valid. Loading of assembly skipped.
Assembly Unity.Collections.BurstCompatibilityGen.dll at Library/ScriptAssemblies/Unity.Collections.BurstCompatibilityGen.dll not valid. Loading of assembly skipped.
Assembly Unity.Collections.DocCodeSamples.dll at Library/ScriptAssemblies/Unity.Collections.DocCodeSamples.dll not valid. Loading of assembly skipped.
Assembly Unity.Collections.PerformanceTests.dll at Library/ScriptAssemblies/Unity.Collections.PerformanceTests.dll not valid. Loading of assembly skipped.
Assembly Unity.Collections.Tests.dll at Library/ScriptAssemblies/Unity.Collections.Tests.dll not valid. Loading of assembly skipped.
Assembly Unity.Collections.Tests.Playmode.dll at Library/ScriptAssemblies/Unity.Collections.Tests.Playmode.dll not valid. Loading of assembly skipped.
Assembly Unity.InputSystem.IntegrationTests.dll at Library/ScriptAssemblies/Unity.InputSystem.IntegrationTests.dll not valid. Loading of assembly skipped.
Assembly Unity.Mathematics.Tests.dll at Library/ScriptAssemblies/Unity.Mathematics.Tests.dll not valid. Loading of assembly skipped.
Assembly Unity.Multiplayer.Center.Editor.Tests.dll at Library/ScriptAssemblies/Unity.Multiplayer.Center.Editor.Tests.dll not valid. Loading of assembly skipped.
Assembly Unity.Multiplayer.Center.Tests.dll at Library/ScriptAssemblies/Unity.Multiplayer.Center.Tests.dll not valid. Loading of assembly skipped.
Assembly Unity.Nuget.Mono-Cecil.dll at Library/ScriptAssemblies/Unity.Nuget.Mono-Cecil.dll not valid. Loading of assembly skipped.
Assembly Unity.PathTracing.Editor.Tests.dll at Library/ScriptAssemblies/Unity.PathTracing.Editor.Tests.dll not valid. Loading of assembly skipped.
Assembly Unity.PathTracing.Runtime.Tests.dll at Library/ScriptAssemblies/Unity.PathTracing.Runtime.Tests.dll not valid. Loading of assembly skipped.
Assembly Unity.RenderPipelines.Core.Editor.Tests.dll at Library/ScriptAssemblies/Unity.RenderPipelines.Core.Editor.Tests.dll not valid. Loading of assembly skipped.
Assembly Unity.RenderPipelines.Core.Runtime.Tests.dll at Library/ScriptAssemblies/Unity.RenderPipelines.Core.Runtime.Tests.dll not valid. Loading of assembly skipped.
Assembly Unity.RenderPipelines.Universal.Config.Editor.Tests.dll at Library/ScriptAssemblies/Unity.RenderPipelines.Universal.Config.Editor.Tests.dll not valid. Loading of assembly skipped.
Assembly Unity.RenderPipelines.Universal.Editor.Tests.dll at Library/ScriptAssemblies/Unity.RenderPipelines.Universal.Editor.Tests.dll not valid. Loading of assembly skipped.
Assembly Unity.RenderPipelines.Universal.Runtime.Tests.dll at Library/ScriptAssemblies/Unity.RenderPipelines.Universal.Runtime.Tests.dll not valid. Loading of assembly skipped.
Assembly Unity.Searcher.EditorTests.dll at Library/ScriptAssemblies/Unity.Searcher.EditorTests.dll not valid. Loading of assembly skipped.
Assembly Unity.ShaderGraph.Editor.Tests.dll at Library/ScriptAssemblies/Unity.ShaderGraph.Editor.Tests.dll not valid. Loading of assembly skipped.
Assembly Unity.TextMeshPro.Editor.Tests.dll at Library/ScriptAssemblies/Unity.TextMeshPro.Editor.Tests.dll not valid. Loading of assembly skipped.
Assembly Unity.TextMeshPro.Tests.dll at Library/ScriptAssemblies/Unity.TextMeshPro.Tests.dll not valid. Loading of assembly skipped.
Assembly Unity.UnifiedRayTracing.Editor.Tests.dll at Library/ScriptAssemblies/Unity.UnifiedRayTracing.Editor.Tests.dll not valid. Loading of assembly skipped.
Assembly UnityEditor.UI.Common.Tests.dll at Library/ScriptAssemblies/UnityEditor.UI.Common.Tests.dll not valid. Loading of assembly skipped.
Assembly UnityEditor.UI.EditorTests.dll at Library/ScriptAssemblies/UnityEditor.UI.EditorTests.dll not valid. Loading of assembly skipped.
Assembly UnityEngine.UI.Tests.dll at Library/ScriptAssemblies/UnityEngine.UI.Tests.dll not valid. Loading of assembly skipped.
Native extension for OSXStandalone target not found
Native extension for WebGL target not found
[Package Manager] Failed to launch server process. Reason: Unity was launched with the -noUpm command-line argument
[Package Manager] Unable to send message (not connected to server process).
[Package Manager] Cannot connect to Unity Package Manager local server
[Package Manager] Failed to launch server process. Reason: Unity was launched with the -noUpm command-line argument
[Package Manager] Unable to send message (not connected to server process).
[Package Manager] Cannot connect to Unity Package Manager local server
ScheduleIndexationOnStartup MainProcess:False IndexOnStartup:True
Mono: successfully reloaded assembly
- Finished resetting the current domain, in  0.393 seconds
Domain Reload Profiling: 833ms
	BeginReloadAssembly (134ms)
		DisableScriptedObjects (11ms)
		CreateAndSetChildDomain (59ms)
	RebuildCommonClasses (27ms)
	RebuildNativeTypeToScriptingClass (9ms)
	initialDomainReloadingComplete (22ms)
	LoadAllAssembliesAndSetupDomain (247ms)
		LoadAssemblies (168ms)
		AnalyzeDomain (104ms)
			TypeCache.Refresh (4ms)
			BuildScriptInfoCaches (93ms)
			ResolveRequiredComponents (6ms)
	FinalizeReload (394ms)
		SetupLoadedEditorAssemblies (0ms)
			BeforeProcessingInitializeOnLoad (78ms)
			ProcessInitializeOnLoadAttributes (162ms)
			ProcessInitializeOnLoadMethodAttributes (45ms)
		AwakeInstancesAfterBackupRestoration (8ms)
WARNING: Shader Unsupported: 'Universal Render Pipeline/VR/SpatialMapping/Wireframe' - All subshaders removed
WARNING: Shader Did you use #pragma only_renderers and omit this platform?
WARNING: Shader If subshaders removal was intentional, you may have forgotten turning Fallback off?
Shader Hidden/ChartRasterizerHardware is not supported: GPU does not support conservative rasterization
Unloading 40 Unused Serialized files (Serialized files now loaded: 0)
Unloading 6585 unused Assets / (4.5 MB). Loaded Objects now: 7594.
Memory consumption went from 443.1 MB to 438.6 MB.
Total: 6.279083 ms (FindLiveObjects: 0.352417 ms CreateObjectMapping: 0.121083 ms MarkObjects: 4.346833 ms  DeleteObjects: 1.458250 ms)

Prepare: number of updated asset objects reloaded= 0
========================================================================
Received Import Request.
  Time since last request: 303.994303 seconds.
  path: Assets/Drone.prefab
  importAddress: Guid(947cb55f4ad3248e2bbb1ee1326bfcc2) Importer(2089858483,b0f066a214c2f5e87bad3c948f4d605d)
Start importing Assets/Drone.prefab using Guid(947cb55f4ad3248e2bbb1ee1326bfcc2) Importer(2089858483,b0f066a214c2f5e87bad3c948f4d605d) (ScriptedImporter) -> (Import Result ID: '8bac586ff6a884f9a57c173d7f7c0a6d') in 0.130270458 seconds [static and dynamic dependencies]. Details - ImportResultOutputID=a8f602f2f6d9e8aa69bd91f84617b4e9 DependenciesID=577f473a2f7c87f0136cb66ca4169dd9 StaticDependenciesID=4d5d1c2b6829869e0c7a88fed454b42b 
Number of updated asset objects reloaded before import = 0Number of asset objects unloaded after import = 8

========================================================================
Received Import Request.
  Time since last request: 0.000052 seconds.
  path: Assets/DroneDetection.cs
  importAddress: Guid(e1af60f45fb954640b67c4c31d84fbe8) Importer(2089858483,b0f066a214c2f5e87bad3c948f4d605d)
Start importing Assets/DroneDetection.cs using Guid(e1af60f45fb954640b67c4c31d84fbe8) Importer(2089858483,b0f066a214c2f5e87bad3c948f4d605d) (ScriptedImporter) -> (Import Result ID: '40b24658873c7861205d8fd5179772db') in 0.0017175 seconds [static and dynamic dependencies]. Details - ImportResultOutputID=fd1944efc434b749a24df54e1afd2a4a DependenciesID=dd81c22c1c738049caf99c3bf1098d62 StaticDependenciesID=be504c753f54c5fda95a0324ef59d544 
Number of updated asset objects reloaded before import = 0Number of asset objects unloaded after import = 0

========================================================================
Received Import Request.
  Time since last request: 0.000033 seconds.
  path: Assets/PlayerController.cs
  importAddress: Guid(704ed6921865541749f2ac96658efc2e) Importer(2089858483,b0f066a214c2f5e87bad3c948f4d605d)
Start importing Assets/PlayerController.cs using Guid(704ed6921865541749f2ac96658efc2e) Importer(2089858483,b0f066a214c2f5e87bad3c948f4d605d) (ScriptedImporter) -> (Import Result ID: 'c0ba09a8347ca370913e7508e84cd0c1') in 0.001820292 seconds [static and dynamic dependencies]. Details - ImportResultOutputID=9dfa128de254ead9d4151c5834c6b54c DependenciesID=1d2d15da54a75638adb732873d84d583 StaticDependenciesID=4ad4f571b110579f3e5496199cf79572 
Number of updated asset objects reloaded before import = 0Number of asset objects unloaded after import = 0

========================================================================
Received Prepare
Begin MonoManager ReloadAssembly
[Licensing::Client] Successfully resolved entitlement details
Thread 0x16da73000 may have been prematurely finalized
Assembly Assembly-CSharp-Editor-firstpass.dll at Library/ScriptAssemblies/Assembly-CSharp-Editor-firstpass.dll not valid. Loading of assembly skipped.
Assembly Assembly-CSharp-firstpass.dll at Library/ScriptAssemblies/Assembly-CSharp-firstpass.dll not valid. Loading of assembly skipped.
Assembly DocCodeExamples.dll at Library/ScriptAssemblies/DocCodeExamples.dll not valid. Loading of assembly skipped.
Assembly TestNewCustomAssembly.dll at Library/ScriptAssemblies/TestNewCustomAssembly.dll not valid. Loading of assembly skipped.
Assembly Unity.Collections.BurstCompatibilityGen.dll at Library/ScriptAssemblies/Unity.Collections.BurstCompatibilityGen.dll not valid. Loading of assembly skipped.
Assembly Unity.Collections.DocCodeSamples.dll at Library/ScriptAssemblies/Unity.Collections.DocCodeSamples.dll not valid. Loading of assembly skipped.
Assembly Unity.Collections.PerformanceTests.dll at Library/ScriptAssemblies/Unity.Collections.PerformanceTests.dll not valid. Loading of assembly skipped.
Assembly Unity.Collections.Tests.dll at Library/ScriptAssemblies/Unity.Collections.Tests.dll not valid. Loading of assembly skipped.
Assembly Unity.Collections.Tests.Playmode.dll at Library/ScriptAssemblies/Unity.Collections.Tests.Playmode.dll not valid. Loading of assembly skipped.
Assembly Unity.InputSystem.IntegrationTests.dll at Library/ScriptAssemblies/Unity.InputSystem.IntegrationTests.dll not valid. Loading of assembly skipped.
Assembly Unity.Mathematics.Tests.dll at Library/ScriptAssemblies/Unity.Mathematics.Tests.dll not valid. Loading of assembly skipped.
Assembly Unity.Multiplayer.Center.Editor.Tests.dll at Library/ScriptAssemblies/Unity.Multiplayer.Center.Editor.Tests.dll not valid. Loading of assembly skipped.
Assembly Unity.Multiplayer.Center.Tests.dll at Library/ScriptAssemblies/Unity.Multiplayer.Center.Tests.dll not valid. Loading of assembly skipped.
Assembly Unity.Nuget.Mono-Cecil.dll at Library/ScriptAssemblies/Unity.Nuget.Mono-Cecil.dll not valid. Loading of assembly skipped.
Assembly Unity.PathTracing.Editor.Tests.dll at Library/ScriptAssemblies/Unity.PathTracing.Editor.Tests.dll not valid. Loading of assembly skipped.
Assembly Unity.PathTracing.Runtime.Tests.dll at Library/ScriptAssemblies/Unity.PathTracing.Runtime.Tests.dll not valid. Loading of assembly skipped.
Assembly Unity.RenderPipelines.Core.Editor.Tests.dll at Library/ScriptAssemblies/Unity.RenderPipelines.Core.Editor.Tests.dll not valid. Loading of assembly skipped.
Assembly Unity.RenderPipelines.Core.Runtime.Tests.dll at Library/ScriptAssemblies/Unity.RenderPipelines.Core.Runtime.Tests.dll not valid. Loading of assembly skipped.
Assembly Unity.RenderPipelines.Universal.Config.Editor.Tests.dll at Library/ScriptAssemblies/Unity.RenderPipelines.Universal.Config.Editor.Tests.dll not valid. Loading of assembly skipped.
Assembly Unity.RenderPipelines.Universal.Editor.Tests.dll at Library/ScriptAssemblies/Unity.RenderPipelines.Universal.Editor.Tests.dll not valid. Loading of assembly skipped.
Assembly Unity.RenderPipelines.Universal.Runtime.Tests.dll at Library/ScriptAssemblies/Unity.RenderPipelines.Universal.Runtime.Tests.dll not valid. Loading of assembly skipped.
Assembly Unity.Searcher.EditorTests.dll at Library/ScriptAssemblies/Unity.Searcher.EditorTests.dll not valid. Loading of assembly skipped.
Assembly Unity.ShaderGraph.Editor.Tests.dll at Library/ScriptAssemblies/Unity.ShaderGraph.Editor.Tests.dll not valid. Loading of assembly skipped.
Assembly Unity.TextMeshPro.Editor.Tests.dll at Library/ScriptAssemblies/Unity.TextMeshPro.Editor.Tests.dll not valid. Loading of assembly skipped.
Assembly Unity.TextMeshPro.Tests.dll at Library/ScriptAssemblies/Unity.TextMeshPro.Tests.dll not valid. Loading of assembly skipped.
Assembly Unity.UnifiedRayTracing.Editor.Tests.dll at Library/ScriptAssemblies/Unity.UnifiedRayTracing.Editor.Tests.dll not valid. Loading of assembly skipped.
Assembly UnityEditor.UI.Common.Tests.dll at Library/ScriptAssemblies/UnityEditor.UI.Common.Tests.dll not valid. Loading of assembly skipped.
Assembly UnityEditor.UI.EditorTests.dll at Library/ScriptAssemblies/UnityEditor.UI.EditorTests.dll not valid. Loading of assembly skipped.
Assembly UnityEngine.UI.Tests.dll at Library/ScriptAssemblies/UnityEngine.UI.Tests.dll not valid. Loading of assembly skipped.
Native extension for OSXStandalone target not found
Native extension for WebGL target not found
[Package Manager] Failed to launch server process. Reason: Unity was launched with the -noUpm command-line argument
[Package Manager] Unable to send message (not connected to server process).
[Package Manager] Cannot connect to Unity Package Manager local server
[Package Manager] Failed to launch server process. Reason: Unity was launched with the -noUpm command-line argument
[Package Manager] Unable to send message (not connected to server process).
[Package Manager] Cannot connect to Unity Package Manager local server
ScheduleIndexationOnStartup MainProcess:False IndexOnStartup:True
Mono: successfully reloaded assembly
- Finished resetting the current domain, in  0.380 seconds
Domain Reload Profiling: 932ms
	BeginReloadAssembly (205ms)
		DisableScriptedObjects (20ms)
		CreateAndSetChildDomain (92ms)
	RebuildCommonClasses (27ms)
	RebuildNativeTypeToScriptingClass (9ms)
	initialDomainReloadingComplete (30ms)
	LoadAllAssembliesAndSetupDomain (281ms)
		LoadAssemblies (190ms)
		AnalyzeDomain (121ms)
			TypeCache.Refresh (5ms)
			BuildScriptInfoCaches (106ms)
			ResolveRequiredComponents (8ms)
	FinalizeReload (380ms)
		SetupLoadedEditorAssemblies (0ms)
			BeforeProcessingInitializeOnLoad (78ms)
			ProcessInitializeOnLoadAttributes (147ms)
			ProcessInitializeOnLoadMethodAttributes (36ms)
		AwakeInstancesAfterBackupRestoration (6ms)
WARNING: Shader Unsupported: 'Universal Render Pipeline/VR/SpatialMapping/Wireframe' - All subshaders removed
WARNING: Shader Did you use #pragma only_renderers and omit this platform?
WARNING: Shader If subshaders removal was intentional, you may have forgotten turning Fallback off?
Shader Hidden/ChartRasterizerHardware is not supported: GPU does not support conservative rasterization
Unloading 40 Unused Serialized files (Serialized files now loaded: 0)
Unloading 6585 unused Assets / (5.3 MB). Loaded Objects now: 7598.
Memory consumption went from 449.8 MB to 444.4 MB.
Total: 5.531334 ms (FindLiveObjects: 0.308083 ms CreateObjectMapping: 0.132875 ms MarkObjects: 3.772083 ms  DeleteObjects: 1.318084 ms)

Prepare: number of updated asset objects reloaded= 0
========================================================================
Received Prepare
Begin MonoManager ReloadAssembly
Thread 0x16da73000 may have been prematurely finalized
Assembly Assembly-CSharp-Editor-firstpass.dll at Library/ScriptAssemblies/Assembly-CSharp-Editor-firstpass.dll not valid. Loading of assembly skipped.
Assembly Assembly-CSharp-firstpass.dll at Library/ScriptAssemblies/Assembly-CSharp-firstpass.dll not valid. Loading of assembly skipped.
Assembly DocCodeExamples.dll at Library/ScriptAssemblies/DocCodeExamples.dll not valid. Loading of assembly skipped.
Assembly TestNewCustomAssembly.dll at Library/ScriptAssemblies/TestNewCustomAssembly.dll not valid. Loading of assembly skipped.
Assembly Unity.Collections.BurstCompatibilityGen.dll at Library/ScriptAssemblies/Unity.Collections.BurstCompatibilityGen.dll not valid. Loading of assembly skipped.
Assembly Unity.Collections.DocCodeSamples.dll at Library/ScriptAssemblies/Unity.Collections.DocCodeSamples.dll not valid. Loading of assembly skipped.
Assembly Unity.Collections.PerformanceTests.dll at Library/ScriptAssemblies/Unity.Collections.PerformanceTests.dll not valid. Loading of assembly skipped.
Assembly Unity.Collections.Tests.dll at Library/ScriptAssemblies/Unity.Collections.Tests.dll not valid. Loading of assembly skipped.
Assembly Unity.Collections.Tests.Playmode.dll at Library/ScriptAssemblies/Unity.Collections.Tests.Playmode.dll not valid. Loading of assembly skipped.
Assembly Unity.InputSystem.IntegrationTests.dll at Library/ScriptAssemblies/Unity.InputSystem.IntegrationTests.dll not valid. Loading of assembly skipped.
Assembly Unity.Mathematics.Tests.dll at Library/ScriptAssemblies/Unity.Mathematics.Tests.dll not valid. Loading of assembly skipped.
Assembly Unity.Multiplayer.Center.Editor.Tests.dll at Library/ScriptAssemblies/Unity.Multiplayer.Center.Editor.Tests.dll not valid. Loading of assembly skipped.
Assembly Unity.Multiplayer.Center.Tests.dll at Library/ScriptAssemblies/Unity.Multiplayer.Center.Tests.dll not valid. Loading of assembly skipped.
Assembly Unity.Nuget.Mono-Cecil.dll at Library/ScriptAssemblies/Unity.Nuget.Mono-Cecil.dll not valid. Loading of assembly skipped.
Assembly Unity.PathTracing.Editor.Tests.dll at Library/ScriptAssemblies/Unity.PathTracing.Editor.Tests.dll not valid. Loading of assembly skipped.
Assembly Unity.PathTracing.Runtime.Tests.dll at Library/ScriptAssemblies/Unity.PathTracing.Runtime.Tests.dll not valid. Loading of assembly skipped.
Assembly Unity.RenderPipelines.Core.Editor.Tests.dll at Library/ScriptAssemblies/Unity.RenderPipelines.Core.Editor.Tests.dll not valid. Loading of assembly skipped.
Assembly Unity.RenderPipelines.Core.Runtime.Tests.dll at Library/ScriptAssemblies/Unity.RenderPipelines.Core.Runtime.Tests.dll not valid. Loading of assembly skipped.
Assembly Unity.RenderPipelines.Universal.Config.Editor.Tests.dll at Library/ScriptAssemblies/Unity.RenderPipelines.Universal.Config.Editor.Tests.dll not valid. Loading of assembly skipped.
Assembly Unity.RenderPipelines.Universal.Editor.Tests.dll at Library/ScriptAssemblies/Unity.RenderPipelines.Universal.Editor.Tests.dll not valid. Loading of assembly skipped.
Assembly Unity.RenderPipelines.Universal.Runtime.Tests.dll at Library/ScriptAssemblies/Unity.RenderPipelines.Universal.Runtime.Tests.dll not valid. Loading of assembly skipped.
Assembly Unity.Searcher.EditorTests.dll at Library/ScriptAssemblies/Unity.Searcher.EditorTests.dll not valid. Loading of assembly skipped.
Assembly Unity.ShaderGraph.Editor.Tests.dll at Library/ScriptAssemblies/Unity.ShaderGraph.Editor.Tests.dll not valid. Loading of assembly skipped.
Assembly Unity.TextMeshPro.Editor.Tests.dll at Library/ScriptAssemblies/Unity.TextMeshPro.Editor.Tests.dll not valid. Loading of assembly skipped.
Assembly Unity.TextMeshPro.Tests.dll at Library/ScriptAssemblies/Unity.TextMeshPro.Tests.dll not valid. Loading of assembly skipped.
Assembly Unity.UnifiedRayTracing.Editor.Tests.dll at Library/ScriptAssemblies/Unity.UnifiedRayTracing.Editor.Tests.dll not valid. Loading of assembly skipped.
Assembly UnityEditor.UI.Common.Tests.dll at Library/ScriptAssemblies/UnityEditor.UI.Common.Tests.dll not valid. Loading of assembly skipped.
Assembly UnityEditor.UI.EditorTests.dll at Library/ScriptAssemblies/UnityEditor.UI.EditorTests.dll not valid. Loading of assembly skipped.
Assembly UnityEngine.UI.Tests.dll at Library/ScriptAssemblies/UnityEngine.UI.Tests.dll not valid. Loading of assembly skipped.
Native extension for OSXStandalone target not found
Native extension for WebGL target not found
[Package Manager] Failed to launch server process. Reason: Unity was launched with the -noUpm command-line argument
[Package Manager] Unable to send message (not connected to server process).
[Package Manager] Cannot connect to Unity Package Manager local server
[Package Manager] Failed to launch server process. Reason: Unity was launched with the -noUpm command-line argument
[Package Manager] Unable to send message (not connected to server process).
[Package Manager] Cannot connect to Unity Package Manager local server
ScheduleIndexationOnStartup MainProcess:False IndexOnStartup:True
Mono: successfully reloaded assembly
- Finished resetting the current domain, in  0.432 seconds
Domain Reload Profiling: 885ms
	BeginReloadAssembly (128ms)
		DisableScriptedObjects (4ms)
		CreateAndSetChildDomain (57ms)
	RebuildCommonClasses (24ms)
	RebuildNativeTypeToScriptingClass (8ms)
	initialDomainReloadingComplete (22ms)
	LoadAllAssembliesAndSetupDomain (271ms)
		LoadAssemblies (181ms)
		AnalyzeDomain (115ms)
			TypeCache.Refresh (7ms)
			BuildScriptInfoCaches (100ms)
			ResolveRequiredComponents (7ms)
	FinalizeReload (432ms)
		SetupLoadedEditorAssemblies (0ms)
			BeforeProcessingInitializeOnLoad (83ms)
			ProcessInitializeOnLoadAttributes (186ms)
			ProcessInitializeOnLoadMethodAttributes (48ms)
		AwakeInstancesAfterBackupRestoration (8ms)
WARNING: Shader Unsupported: 'Universal Render Pipeline/VR/SpatialMapping/Wireframe' - All subshaders removed
WARNING: Shader Did you use #pragma only_renderers and omit this platform?
WARNING: Shader If subshaders removal was intentional, you may have forgotten turning Fallback off?
Shader Hidden/ChartRasterizerHardware is not supported: GPU does not support conservative rasterization
Unloading 40 Unused Serialized files (Serialized files now loaded: 0)
Unloading 6585 unused Assets / (5.2 MB). Loaded Objects now: 7601.
Memory consumption went from 455.5 MB to 450.3 MB.
Total: 6.974666 ms (FindLiveObjects: 0.463084 ms CreateObjectMapping: 0.157417 ms MarkObjects: 3.944458 ms  DeleteObjects: 2.409041 ms)

Prepare: number of updated asset objects reloaded= 0
